USE smartcity;

-- ==================================================
-- CONCEPT: THE NOCTURNAL POISON TRAP WITH EMISSION COUPLING
-- ==================================================

-- 1. ZONES
INSERT INTO zones (id, name, city_district, coordinates, area_km2) VALUES (1, 'Beji', 'Depok', '-6.3686,106.8248', 14.56);
INSERT INTO zones (id, name, city_district, coordinates, area_km2) VALUES (2, 'Lenteng Agung', 'Jakarta Selatan', '-6.3305,106.8331', 11.2);
INSERT INTO zones (id, name, city_district, coordinates, area_km2) VALUES (3, 'Pasar Minggu', 'Jakarta Selatan', '-6.2872,106.8344', 21.55);
INSERT INTO zones (id, name, city_district, coordinates, area_km2) VALUES (4, 'Jagakarsa', 'Jakarta Selatan', '-6.3364,106.8140', 15.4);
INSERT INTO zones (id, name, city_district, coordinates, area_km2) VALUES (5, 'Pancoran Mas', 'Depok', '-6.3954,106.8162', 13.15);

-- 2. OAUTH CLIENTS (Untuk Pertukaran Token JWT)
INSERT INTO oauth_clients (id, client_id, client_secret, grant_types, redirect_uris) 
VALUES 
  (1, 'gateway_client', 'super_secret_gateway_pass', 'client_credentials', 'http://localhost:3000/callback'),
  (2, 'citizen-app', 'your_secret_here', 'password,refresh_token', NULL);
  
-- 3. TRAFFIC ROADS
INSERT INTO traffic_roads (id, name, zone_id, road_type, length_km) VALUES (1, 'Jl. Margonda Raya', 1, 'Arteri', 5.2);
INSERT INTO traffic_roads (id, name, zone_id, road_type, length_km) VALUES (2, 'Jl. Raya Lenteng Agung', 2, 'Arteri', 4.5);
INSERT INTO traffic_roads (id, name, zone_id, road_type, length_km) VALUES (3, 'Jl. Raya Pasar Minggu', 3, 'Arteri', 6.1);
INSERT INTO traffic_roads (id, name, zone_id, road_type, length_km) VALUES (4, 'Jl. Raya Bogor', 5, 'Arteri', 12.4);
INSERT INTO traffic_roads (id, name, zone_id, road_type, length_km) VALUES (5, 'Jl. Kahfi 1', 4, 'Kolektor', 3.8);
INSERT INTO traffic_roads (id, name, zone_id, road_type, length_km) VALUES (6, 'Jl. UI Depok Internal', 1, 'Kolektor', 2.1);

-- 4. CITIZEN CITIZENS (Password default: 'password123' di-hash dengan Bcrypt)
INSERT INTO citizen_citizens (id, nik, name, email, password, phone, zone_id, role) VALUES (1, '32760120260000000001', 'Muhammad Fachri W', 'fachri@student.upnvj.ac.id', '$2b$10$EPF96bA/f.ZqE7nfxbN7E.S1S0P3E8yM1kQ2w3e4r5t6y7u8i9o0p', '081234567890', 1, 'admin');
INSERT INTO citizen_citizens (id, nik, name, email, password, phone, zone_id, role) VALUES (2, '32760120260000000002', 'Deni Pratama', 'denipratama2@smartcity.id', '$2b$10$EPF96bA/f.ZqE7nfxbN7E.S1S0P3E8yM1kQ2w3e4r5t6y7u8i9o0p', '081298760002', 1, 'citizen');
INSERT INTO citizen_citizens (id, nik, name, email, password, phone, zone_id, role) VALUES (3, '32760120260000000003', 'Muhammad Lestari', 'muhammadlestari3@smartcity.id', '$2b$10$EPF96bA/f.ZqE7nfxbN7E.S1S0P3E8yM1kQ2w3e4r5t6y7u8i9o0p', '081298760003', 1, 'citizen');
INSERT INTO citizen_citizens (id, nik, name, email, password, phone, zone_id, role) VALUES (4, '32760120260000000004', 'Siti Santoso', 'sitisantoso4@smartcity.id', '$2b$10$EPF96bA/f.ZqE7nfxbN7E.S1S0P3E8yM1kQ2w3e4r5t6y7u8i9o0p', '081298760004', 1, 'citizen');
INSERT INTO citizen_citizens (id, nik, name, email, password, phone, zone_id, role) VALUES (5, '32760120260000000005', 'Ali Pratama', 'alipratama5@smartcity.id', '$2b$10$EPF96bA/f.ZqE7nfxbN7E.S1S0P3E8yM1kQ2w3e4r5t6y7u8i9o0p', '081298760005', 1, 'citizen');
INSERT INTO citizen_citizens (id, nik, name, email, password, phone, zone_id, role) VALUES (6, '32760120260000000006', 'Deni Saputra', 'denisaputra6@smartcity.id', '$2b$10$EPF96bA/f.ZqE7nfxbN7E.S1S0P3E8yM1kQ2w3e4r5t6y7u8i9o0p', '081298760006', 1, 'citizen');
INSERT INTO citizen_citizens (id, nik, name, email, password, phone, zone_id, role) VALUES (7, '32760120260000000007', 'Ahmad Ramadhan', 'ahmadramadhan7@smartcity.id', '$2b$10$EPF96bA/f.ZqE7nfxbN7E.S1S0P3E8yM1kQ2w3e4r5t6y7u8i9o0p', '081298760007', 1, 'citizen');
INSERT INTO citizen_citizens (id, nik, name, email, password, phone, zone_id, role) VALUES (8, '32760120260000000008', 'Fachri Wiryansyah', 'fachriwiryansyah8@smartcity.id', '$2b$10$EPF96bA/f.ZqE7nfxbN7E.S1S0P3E8yM1kQ2w3e4r5t6y7u8i9o0p', '081298760008', 1, 'citizen');
INSERT INTO citizen_citizens (id, nik, name, email, password, phone, zone_id, role) VALUES (9, '32760120260000000009', 'Muhammad Pratama', 'muhammadpratama9@smartcity.id', '$2b$10$EPF96bA/f.ZqE7nfxbN7E.S1S0P3E8yM1kQ2w3e4r5t6y7u8i9o0p', '081298760009', 1, 'citizen');
INSERT INTO citizen_citizens (id, nik, name, email, password, phone, zone_id, role) VALUES (10, '32760120260000000010', 'Siti Santoso', 'sitisantoso10@smartcity.id', '$2b$10$EPF96bA/f.ZqE7nfxbN7E.S1S0P3E8yM1kQ2w3e4r5t6y7u8i9o0p', '081298760010', 1, 'citizen');
INSERT INTO citizen_citizens (id, nik, name, email, password, phone, zone_id, role) VALUES (11, '32760120260000000011', 'Eko Ramadhan', 'ekoramadhan11@smartcity.id', '$2b$10$EPF96bA/f.ZqE7nfxbN7E.S1S0P3E8yM1kQ2w3e4r5t6y7u8i9o0p', '081298760011', 1, 'citizen');
INSERT INTO citizen_citizens (id, nik, name, email, password, phone, zone_id, role) VALUES (12, '32760120260000000012', 'Muhammad Saputra', 'muhammadsaputra12@smartcity.id', '$2b$10$EPF96bA/f.ZqE7nfxbN7E.S1S0P3E8yM1kQ2w3e4r5t6y7u8i9o0p', '081298760012', 2, 'citizen');
INSERT INTO citizen_citizens (id, nik, name, email, password, phone, zone_id, role) VALUES (13, '32760120260000000013', 'Siti Saputra', 'sitisaputra13@smartcity.id', '$2b$10$EPF96bA/f.ZqE7nfxbN7E.S1S0P3E8yM1kQ2w3e4r5t6y7u8i9o0p', '081298760013', 2, 'citizen');
INSERT INTO citizen_citizens (id, nik, name, email, password, phone, zone_id, role) VALUES (14, '32760120260000000014', 'Fachri Santoso', 'fachrisantoso14@smartcity.id', '$2b$10$EPF96bA/f.ZqE7nfxbN7E.S1S0P3E8yM1kQ2w3e4r5t6y7u8i9o0p', '081298760014', 2, 'citizen');
INSERT INTO citizen_citizens (id, nik, name, email, password, phone, zone_id, role) VALUES (15, '32760120260000000015', 'Budi Ramadhan', 'budiramadhan15@smartcity.id', '$2b$10$EPF96bA/f.ZqE7nfxbN7E.S1S0P3E8yM1kQ2w3e4r5t6y7u8i9o0p', '081298760015', 2, 'citizen');
INSERT INTO citizen_citizens (id, nik, name, email, password, phone, zone_id, role) VALUES (16, '32760120260000000016', 'Dewi Wiryansyah', 'dewiwiryansyah16@smartcity.id', '$2b$10$EPF96bA/f.ZqE7nfxbN7E.S1S0P3E8yM1kQ2w3e4r5t6y7u8i9o0p', '081298760016', 2, 'citizen');
INSERT INTO citizen_citizens (id, nik, name, email, password, phone, zone_id, role) VALUES (17, '32760120260000000017', 'Putri Hidayat', 'putrihidayat17@smartcity.id', '$2b$10$EPF96bA/f.ZqE7nfxbN7E.S1S0P3E8yM1kQ2w3e4r5t6y7u8i9o0p', '081298760017', 2, 'citizen');
INSERT INTO citizen_citizens (id, nik, name, email, password, phone, zone_id, role) VALUES (18, '32760120260000000018', 'Amelia Sari', 'ameliasari18@smartcity.id', '$2b$10$EPF96bA/f.ZqE7nfxbN7E.S1S0P3E8yM1kQ2w3e4r5t6y7u8i9o0p', '081298760018', 2, 'citizen');
INSERT INTO citizen_citizens (id, nik, name, email, password, phone, zone_id, role) VALUES (19, '32760120260000000019', 'Rian Lestari', 'rianlestari19@smartcity.id', '$2b$10$EPF96bA/f.ZqE7nfxbN7E.S1S0P3E8yM1kQ2w3e4r5t6y7u8i9o0p', '081298760019', 2, 'citizen');
INSERT INTO citizen_citizens (id, nik, name, email, password, phone, zone_id, role) VALUES (20, '32760120260000000020', 'Ali Santoso', 'alisantoso20@smartcity.id', '$2b$10$EPF96bA/f.ZqE7nfxbN7E.S1S0P3E8yM1kQ2w3e4r5t6y7u8i9o0p', '081298760020', 2, 'citizen');
INSERT INTO citizen_citizens (id, nik, name, email, password, phone, zone_id, role) VALUES (21, '32760120260000000021', 'Putri Kurniawan', 'putrikurniawan21@smartcity.id', '$2b$10$EPF96bA/f.ZqE7nfxbN7E.S1S0P3E8yM1kQ2w3e4r5t6y7u8i9o0p', '081298760021', 2, 'citizen');
INSERT INTO citizen_citizens (id, nik, name, email, password, phone, zone_id, role) VALUES (22, '32760120260000000022', 'Ahmad Pratama', 'ahmadpratama22@smartcity.id', '$2b$10$EPF96bA/f.ZqE7nfxbN7E.S1S0P3E8yM1kQ2w3e4r5t6y7u8i9o0p', '081298760022', 3, 'citizen');
INSERT INTO citizen_citizens (id, nik, name, email, password, phone, zone_id, role) VALUES (23, '32760120260000000023', 'Fachri Pratama', 'fachripratama23@smartcity.id', '$2b$10$EPF96bA/f.ZqE7nfxbN7E.S1S0P3E8yM1kQ2w3e4r5t6y7u8i9o0p', '081298760023', 3, 'citizen');
INSERT INTO citizen_citizens (id, nik, name, email, password, phone, zone_id, role) VALUES (24, '32760120260000000024', 'Rian Kurniawan', 'riankurniawan24@smartcity.id', '$2b$10$EPF96bA/f.ZqE7nfxbN7E.S1S0P3E8yM1kQ2w3e4r5t6y7u8i9o0p', '081298760024', 3, 'citizen');
INSERT INTO citizen_citizens (id, nik, name, email, password, phone, zone_id, role) VALUES (25, '32760120260000000025', 'Rizky Lestari', 'rizkylestari25@smartcity.id', '$2b$10$EPF96bA/f.ZqE7nfxbN7E.S1S0P3E8yM1kQ2w3e4r5t6y7u8i9o0p', '081298760025', 3, 'citizen');
INSERT INTO citizen_citizens (id, nik, name, email, password, phone, zone_id, role) VALUES (26, '32760120260000000026', 'Putri Wiryansyah', 'putriwiryansyah26@smartcity.id', '$2b$10$EPF96bA/f.ZqE7nfxbN7E.S1S0P3E8yM1kQ2w3e4r5t6y7u8i9o0p', '081298760026', 3, 'citizen');
INSERT INTO citizen_citizens (id, nik, name, email, password, phone, zone_id, role) VALUES (27, '32760120260000000027', 'Amelia Utomo', 'ameliautomo27@smartcity.id', '$2b$10$EPF96bA/f.ZqE7nfxbN7E.S1S0P3E8yM1kQ2w3e4r5t6y7u8i9o0p', '081298760027', 3, 'citizen');
INSERT INTO citizen_citizens (id, nik, name, email, password, phone, zone_id, role) VALUES (28, '32760120260000000028', 'Eko Pratama', 'ekopratama28@smartcity.id', '$2b$10$EPF96bA/f.ZqE7nfxbN7E.S1S0P3E8yM1kQ2w3e4r5t6y7u8i9o0p', '081298760028', 3, 'citizen');
INSERT INTO citizen_citizens (id, nik, name, email, password, phone, zone_id, role) VALUES (29, '32760120260000000029', 'Fajar Sari', 'fajarsari29@smartcity.id', '$2b$10$EPF96bA/f.ZqE7nfxbN7E.S1S0P3E8yM1kQ2w3e4r5t6y7u8i9o0p', '081298760029', 3, 'citizen');
INSERT INTO citizen_citizens (id, nik, name, email, password, phone, zone_id, role) VALUES (30, '32760120260000000030', 'Ahmad Saputra', 'ahmadsaputra30@smartcity.id', '$2b$10$EPF96bA/f.ZqE7nfxbN7E.S1S0P3E8yM1kQ2w3e4r5t6y7u8i9o0p', '081298760030', 3, 'citizen');
INSERT INTO citizen_citizens (id, nik, name, email, password, phone, zone_id, role) VALUES (31, '32760120260000000031', 'Dewi Ramadhan', 'dewiramadhan31@smartcity.id', '$2b$10$EPF96bA/f.ZqE7nfxbN7E.S1S0P3E8yM1kQ2w3e4r5t6y7u8i9o0p', '081298760031', 3, 'citizen');
INSERT INTO citizen_citizens (id, nik, name, email, password, phone, zone_id, role) VALUES (32, '32760120260000000032', 'Fajar Kurniawan', 'fajarkurniawan32@smartcity.id', '$2b$10$EPF96bA/f.ZqE7nfxbN7E.S1S0P3E8yM1kQ2w3e4r5t6y7u8i9o0p', '081298760032', 4, 'citizen');
INSERT INTO citizen_citizens (id, nik, name, email, password, phone, zone_id, role) VALUES (33, '32760120260000000033', 'Rizky Santoso', 'rizkysantoso33@smartcity.id', '$2b$10$EPF96bA/f.ZqE7nfxbN7E.S1S0P3E8yM1kQ2w3e4r5t6y7u8i9o0p', '081298760033', 4, 'citizen');
INSERT INTO citizen_citizens (id, nik, name, email, password, phone, zone_id, role) VALUES (34, '32760120260000000034', 'Amelia Pratama', 'ameliapratama34@smartcity.id', '$2b$10$EPF96bA/f.ZqE7nfxbN7E.S1S0P3E8yM1kQ2w3e4r5t6y7u8i9o0p', '081298760034', 4, 'citizen');
INSERT INTO citizen_citizens (id, nik, name, email, password, phone, zone_id, role) VALUES (35, '32760120260000000035', 'Muhammad Santoso', 'muhammadsantoso35@smartcity.id', '$2b$10$EPF96bA/f.ZqE7nfxbN7E.S1S0P3E8yM1kQ2w3e4r5t6y7u8i9o0p', '081298760035', 4, 'citizen');
INSERT INTO citizen_citizens (id, nik, name, email, password, phone, zone_id, role) VALUES (36, '32760120260000000036', 'Putri Lestari', 'putrilestari36@smartcity.id', '$2b$10$EPF96bA/f.ZqE7nfxbN7E.S1S0P3E8yM1kQ2w3e4r5t6y7u8i9o0p', '081298760036', 4, 'citizen');
INSERT INTO citizen_citizens (id, nik, name, email, password, phone, zone_id, role) VALUES (37, '32760120260000000037', 'Ahmad Santoso', 'ahmadsantoso37@smartcity.id', '$2b$10$EPF96bA/f.ZqE7nfxbN7E.S1S0P3E8yM1kQ2w3e4r5t6y7u8i9o0p', '081298760037', 4, 'citizen');
INSERT INTO citizen_citizens (id, nik, name, email, password, phone, zone_id, role) VALUES (38, '32760120260000000038', 'Hendra Pratama', 'hendrapratama38@smartcity.id', '$2b$10$EPF96bA/f.ZqE7nfxbN7E.S1S0P3E8yM1kQ2w3e4r5t6y7u8i9o0p', '081298760038', 4, 'citizen');
INSERT INTO citizen_citizens (id, nik, name, email, password, phone, zone_id, role) VALUES (39, '32760120260000000039', 'Fachri Lestari', 'fachrilestari39@smartcity.id', '$2b$10$EPF96bA/f.ZqE7nfxbN7E.S1S0P3E8yM1kQ2w3e4r5t6y7u8i9o0p', '081298760039', 4, 'citizen');
INSERT INTO citizen_citizens (id, nik, name, email, password, phone, zone_id, role) VALUES (40, '32760120260000000040', 'Budi Kurniawan', 'budikurniawan40@smartcity.id', '$2b$10$EPF96bA/f.ZqE7nfxbN7E.S1S0P3E8yM1kQ2w3e4r5t6y7u8i9o0p', '081298760040', 4, 'citizen');
INSERT INTO citizen_citizens (id, nik, name, email, password, phone, zone_id, role) VALUES (41, '32760120260000000041', 'Ali Kurniawan', 'alikurniawan41@smartcity.id', '$2b$10$EPF96bA/f.ZqE7nfxbN7E.S1S0P3E8yM1kQ2w3e4r5t6y7u8i9o0p', '081298760041', 4, 'citizen');
INSERT INTO citizen_citizens (id, nik, name, email, password, phone, zone_id, role) VALUES (42, '32760120260000000042', 'Rian Santoso', 'riansantoso42@smartcity.id', '$2b$10$EPF96bA/f.ZqE7nfxbN7E.S1S0P3E8yM1kQ2w3e4r5t6y7u8i9o0p', '081298760042', 5, 'citizen');
INSERT INTO citizen_citizens (id, nik, name, email, password, phone, zone_id, role) VALUES (43, '32760120260000000043', 'Deni Lestari', 'denilestari43@smartcity.id', '$2b$10$EPF96bA/f.ZqE7nfxbN7E.S1S0P3E8yM1kQ2w3e4r5t6y7u8i9o0p', '081298760043', 5, 'citizen');
INSERT INTO citizen_citizens (id, nik, name, email, password, phone, zone_id, role) VALUES (44, '32760120260000000044', 'Amelia Pratama', 'ameliapratama44@smartcity.id', '$2b$10$EPF96bA/f.ZqE7nfxbN7E.S1S0P3E8yM1kQ2w3e4r5t6y7u8i9o0p', '081298760044', 5, 'citizen');
INSERT INTO citizen_citizens (id, nik, name, email, password, phone, zone_id, role) VALUES (45, '32760120260000000045', 'Rizky Hidayat', 'rizkyhidayat45@smartcity.id', '$2b$10$EPF96bA/f.ZqE7nfxbN7E.S1S0P3E8yM1kQ2w3e4r5t6y7u8i9o0p', '081298760045', 5, 'citizen');
INSERT INTO citizen_citizens (id, nik, name, email, password, phone, zone_id, role) VALUES (46, '32760120260000000046', 'Eko Santoso', 'ekosantoso46@smartcity.id', '$2b$10$EPF96bA/f.ZqE7nfxbN7E.S1S0P3E8yM1kQ2w3e4r5t6y7u8i9o0p', '081298760046', 5, 'citizen');
INSERT INTO citizen_citizens (id, nik, name, email, password, phone, zone_id, role) VALUES (47, '32760120260000000047', 'Ali Utomo', 'aliutomo47@smartcity.id', '$2b$10$EPF96bA/f.ZqE7nfxbN7E.S1S0P3E8yM1kQ2w3e4r5t6y7u8i9o0p', '081298760047', 5, 'citizen');
INSERT INTO citizen_citizens (id, nik, name, email, password, phone, zone_id, role) VALUES (48, '32760120260000000048', 'Fachri Lestari', 'fachrilestari48@smartcity.id', '$2b$10$EPF96bA/f.ZqE7nfxbN7E.S1S0P3E8yM1kQ2w3e4r5t6y7u8i9o0p', '081298760048', 5, 'citizen');
INSERT INTO citizen_citizens (id, nik, name, email, password, phone, zone_id, role) VALUES (49, '32760120260000000049', 'Fajar Saputra', 'fajarsaputra49@smartcity.id', '$2b$10$EPF96bA/f.ZqE7nfxbN7E.S1S0P3E8yM1kQ2w3e4r5t6y7u8i9o0p', '081298760049', 5, 'citizen');
INSERT INTO citizen_citizens (id, nik, name, email, password, phone, zone_id, role) VALUES (50, '32760120260000000050', 'Siti Kurniawan', 'sitikurniawan50@smartcity.id', '$2b$10$EPF96bA/f.ZqE7nfxbN7E.S1S0P3E8yM1kQ2w3e4r5t6y7u8i9o0p', '081298760050', 5, 'citizen');

-- 5. TRAFFIC READINGS & ENV SENSOR READINGS (COUPLED METRICS)
INSERT INTO traffic_readings (road_id, vehicle_density, avg_speed_kmh, total_vehicles, incident_flag, recorded_at) VALUES (1, 31.39, 72.85, 54, FALSE, '2026-06-08 00:00:00');
INSERT INTO traffic_readings (road_id, vehicle_density, avg_speed_kmh, total_vehicles, incident_flag, recorded_at) VALUES (2, 30.52, 64.23, 33, FALSE, '2026-06-08 00:00:00');
INSERT INTO traffic_readings (road_id, vehicle_density, avg_speed_kmh, total_vehicles, incident_flag, recorded_at) VALUES (3, 33.69, 75.16, 65, FALSE, '2026-06-08 00:00:00');
INSERT INTO traffic_readings (road_id, vehicle_density, avg_speed_kmh, total_vehicles, incident_flag, recorded_at) VALUES (4, 23.48, 75.35, 107, FALSE, '2026-06-08 00:00:00');
INSERT INTO traffic_readings (road_id, vehicle_density, avg_speed_kmh, total_vehicles, incident_flag, recorded_at) VALUES (5, 18.09, 60.67, 96, FALSE, '2026-06-08 00:00:00');
INSERT INTO traffic_readings (road_id, vehicle_density, avg_speed_kmh, total_vehicles, incident_flag, recorded_at) VALUES (6, 29.18, 64.85, 99, FALSE, '2026-06-08 00:00:00');
INSERT INTO env_sensor_readings (zone_id, pm25, pm10, no2, co, o3, temperature, humidity, wind_speed, aqi, recorded_at) VALUES (1, 118.39, 142.07, 0.039, 1.398, 0.03, 21.09, 93.66, 0.54, 154.81, '2026-06-08 00:00:00');
INSERT INTO env_sensor_readings (zone_id, pm25, pm10, no2, co, o3, temperature, humidity, wind_speed, aqi, recorded_at) VALUES (2, 159.47, 191.36, 0.062, 0.88, 0.013, 22.99, 96.17, 0.78, 199.63, '2026-06-08 00:00:00');
INSERT INTO env_sensor_readings (zone_id, pm25, pm10, no2, co, o3, temperature, humidity, wind_speed, aqi, recorded_at) VALUES (3, 166.07, 199.28, 0.064, 0.51, 0.039, 22.07, 94.6, 0.55, 203.76, '2026-06-08 00:00:00');
INSERT INTO env_sensor_readings (zone_id, pm25, pm10, no2, co, o3, temperature, humidity, wind_speed, aqi, recorded_at) VALUES (4, 127.95, 153.54, 0.034, 0.891, 0.028, 22.75, 94.58, 0.45, 160.13, '2026-06-08 00:00:00');
INSERT INTO env_sensor_readings (zone_id, pm25, pm10, no2, co, o3, temperature, humidity, wind_speed, aqi, recorded_at) VALUES (5, 135.2, 162.24, 0.037, 1.321, 0.045, 22.28, 96.65, 0.21, 173.13, '2026-06-08 00:00:00');
INSERT INTO traffic_readings (road_id, vehicle_density, avg_speed_kmh, total_vehicles, incident_flag, recorded_at) VALUES (1, 29.54, 67.41, 124, FALSE, '2026-06-08 01:00:00');
INSERT INTO traffic_readings (road_id, vehicle_density, avg_speed_kmh, total_vehicles, incident_flag, recorded_at) VALUES (2, 33.13, 68.78, 87, TRUE, '2026-06-08 01:00:00');
INSERT INTO traffic_readings (road_id, vehicle_density, avg_speed_kmh, total_vehicles, incident_flag, recorded_at) VALUES (3, 33.37, 75.21, 131, FALSE, '2026-06-08 01:00:00');
INSERT INTO traffic_readings (road_id, vehicle_density, avg_speed_kmh, total_vehicles, incident_flag, recorded_at) VALUES (4, 17.51, 60.54, 97, FALSE, '2026-06-08 01:00:00');
INSERT INTO traffic_readings (road_id, vehicle_density, avg_speed_kmh, total_vehicles, incident_flag, recorded_at) VALUES (5, 13.97, 66.18, 33, FALSE, '2026-06-08 01:00:00');
INSERT INTO traffic_readings (road_id, vehicle_density, avg_speed_kmh, total_vehicles, incident_flag, recorded_at) VALUES (6, 24.25, 57.89, 109, FALSE, '2026-06-08 01:00:00');
INSERT INTO env_sensor_readings (zone_id, pm25, pm10, no2, co, o3, temperature, humidity, wind_speed, aqi, recorded_at) VALUES (1, 133.15, 159.78, 0.052, 0.739, 0.045, 21.42, 96.24, 0.61, 166.75, '2026-06-08 01:00:00');
INSERT INTO env_sensor_readings (zone_id, pm25, pm10, no2, co, o3, temperature, humidity, wind_speed, aqi, recorded_at) VALUES (2, 173.04, 207.65, 0.038, 0.781, 0.05, 21.88, 96.11, 0.18, 211.37, '2026-06-08 01:00:00');
INSERT INTO env_sensor_readings (zone_id, pm25, pm10, no2, co, o3, temperature, humidity, wind_speed, aqi, recorded_at) VALUES (3, 153.16, 183.79, 0.039, 0.804, 0.034, 21.44, 93.43, 0.54, 188.85, '2026-06-08 01:00:00');
INSERT INTO env_sensor_readings (zone_id, pm25, pm10, no2, co, o3, temperature, humidity, wind_speed, aqi, recorded_at) VALUES (4, 103.05, 123.66, 0.039, 1.315, 0.044, 21.48, 97.01, 0.25, 136.34, '2026-06-08 01:00:00');
INSERT INTO env_sensor_readings (zone_id, pm25, pm10, no2, co, o3, temperature, humidity, wind_speed, aqi, recorded_at) VALUES (5, 141.96, 170.35, 0.035, 1.342, 0.033, 22.57, 97.84, 0.23, 180.87, '2026-06-08 01:00:00');
INSERT INTO traffic_readings (road_id, vehicle_density, avg_speed_kmh, total_vehicles, incident_flag, recorded_at) VALUES (1, 14.23, 64.91, 79, FALSE, '2026-06-08 02:00:00');
INSERT INTO traffic_readings (road_id, vehicle_density, avg_speed_kmh, total_vehicles, incident_flag, recorded_at) VALUES (2, 31.87, 56.25, 108, FALSE, '2026-06-08 02:00:00');
INSERT INTO traffic_readings (road_id, vehicle_density, avg_speed_kmh, total_vehicles, incident_flag, recorded_at) VALUES (3, 14.26, 64.26, 68, FALSE, '2026-06-08 02:00:00');
INSERT INTO traffic_readings (road_id, vehicle_density, avg_speed_kmh, total_vehicles, incident_flag, recorded_at) VALUES (4, 14.51, 59.41, 93, FALSE, '2026-06-08 02:00:00');
INSERT INTO traffic_readings (road_id, vehicle_density, avg_speed_kmh, total_vehicles, incident_flag, recorded_at) VALUES (5, 21.7, 61.41, 56, FALSE, '2026-06-08 02:00:00');
INSERT INTO traffic_readings (road_id, vehicle_density, avg_speed_kmh, total_vehicles, incident_flag, recorded_at) VALUES (6, 13.73, 73.58, 134, FALSE, '2026-06-08 02:00:00');
INSERT INTO env_sensor_readings (zone_id, pm25, pm10, no2, co, o3, temperature, humidity, wind_speed, aqi, recorded_at) VALUES (1, 151.58, 181.9, 0.032, 1.399, 0.043, 22.85, 98.09, 0.22, 192.15, '2026-06-08 02:00:00');
INSERT INTO env_sensor_readings (zone_id, pm25, pm10, no2, co, o3, temperature, humidity, wind_speed, aqi, recorded_at) VALUES (2, 152.35, 182.82, 0.049, 0.692, 0.026, 21.76, 98.91, 0.29, 188.0, '2026-06-08 02:00:00');
INSERT INTO env_sensor_readings (zone_id, pm25, pm10, no2, co, o3, temperature, humidity, wind_speed, aqi, recorded_at) VALUES (3, 179.48, 215.38, 0.061, 0.91, 0.027, 22.99, 96.33, 0.6, 222.82, '2026-06-08 02:00:00');
INSERT INTO env_sensor_readings (zone_id, pm25, pm10, no2, co, o3, temperature, humidity, wind_speed, aqi, recorded_at) VALUES (4, 117.9, 141.48, 0.036, 0.767, 0.049, 22.08, 97.49, 0.14, 147.57, '2026-06-08 02:00:00');
INSERT INTO env_sensor_readings (zone_id, pm25, pm10, no2, co, o3, temperature, humidity, wind_speed, aqi, recorded_at) VALUES (5, 132.67, 159.2, 0.053, 0.953, 0.044, 22.92, 93.48, 0.23, 168.46, '2026-06-08 02:00:00');
INSERT INTO traffic_readings (road_id, vehicle_density, avg_speed_kmh, total_vehicles, incident_flag, recorded_at) VALUES (1, 25.69, 70.53, 55, FALSE, '2026-06-08 03:00:00');
INSERT INTO traffic_readings (road_id, vehicle_density, avg_speed_kmh, total_vehicles, incident_flag, recorded_at) VALUES (2, 33.66, 68.1, 99, FALSE, '2026-06-08 03:00:00');
INSERT INTO traffic_readings (road_id, vehicle_density, avg_speed_kmh, total_vehicles, incident_flag, recorded_at) VALUES (3, 26.25, 64.64, 99, FALSE, '2026-06-08 03:00:00');
INSERT INTO traffic_readings (road_id, vehicle_density, avg_speed_kmh, total_vehicles, incident_flag, recorded_at) VALUES (4, 19.28, 61.0, 110, FALSE, '2026-06-08 03:00:00');
INSERT INTO traffic_readings (road_id, vehicle_density, avg_speed_kmh, total_vehicles, incident_flag, recorded_at) VALUES (5, 17.49, 64.1, 110, FALSE, '2026-06-08 03:00:00');
INSERT INTO traffic_readings (road_id, vehicle_density, avg_speed_kmh, total_vehicles, incident_flag, recorded_at) VALUES (6, 22.52, 76.37, 34, TRUE, '2026-06-08 03:00:00');
INSERT INTO env_sensor_readings (zone_id, pm25, pm10, no2, co, o3, temperature, humidity, wind_speed, aqi, recorded_at) VALUES (1, 136.61, 163.93, 0.055, 1.007, 0.014, 22.01, 93.79, 0.34, 173.77, '2026-06-08 03:00:00');
INSERT INTO env_sensor_readings (zone_id, pm25, pm10, no2, co, o3, temperature, humidity, wind_speed, aqi, recorded_at) VALUES (2, 168.41, 202.09, 0.033, 0.72, 0.021, 22.09, 94.82, 0.79, 204.83, '2026-06-08 03:00:00');
INSERT INTO env_sensor_readings (zone_id, pm25, pm10, no2, co, o3, temperature, humidity, wind_speed, aqi, recorded_at) VALUES (3, 166.84, 200.21, 0.062, 0.976, 0.037, 22.86, 93.62, 0.71, 209.07, '2026-06-08 03:00:00');
INSERT INTO env_sensor_readings (zone_id, pm25, pm10, no2, co, o3, temperature, humidity, wind_speed, aqi, recorded_at) VALUES (4, 108.86, 130.63, 0.041, 1.301, 0.04, 21.56, 94.26, 0.34, 143.12, '2026-06-08 03:00:00');
INSERT INTO env_sensor_readings (zone_id, pm25, pm10, no2, co, o3, temperature, humidity, wind_speed, aqi, recorded_at) VALUES (5, 137.68, 165.22, 0.057, 1.268, 0.03, 22.82, 93.3, 0.54, 177.85, '2026-06-08 03:00:00');
INSERT INTO traffic_readings (road_id, vehicle_density, avg_speed_kmh, total_vehicles, incident_flag, recorded_at) VALUES (1, 56.59, 35.66, 335, FALSE, '2026-06-08 04:00:00');
INSERT INTO traffic_readings (road_id, vehicle_density, avg_speed_kmh, total_vehicles, incident_flag, recorded_at) VALUES (2, 52.74, 38.93, 439, FALSE, '2026-06-08 04:00:00');
INSERT INTO traffic_readings (road_id, vehicle_density, avg_speed_kmh, total_vehicles, incident_flag, recorded_at) VALUES (3, 54.11, 43.41, 278, FALSE, '2026-06-08 04:00:00');
INSERT INTO traffic_readings (road_id, vehicle_density, avg_speed_kmh, total_vehicles, incident_flag, recorded_at) VALUES (4, 57.66, 48.56, 389, FALSE, '2026-06-08 04:00:00');
INSERT INTO traffic_readings (road_id, vehicle_density, avg_speed_kmh, total_vehicles, incident_flag, recorded_at) VALUES (5, 47.38, 43.29, 360, FALSE, '2026-06-08 04:00:00');
INSERT INTO traffic_readings (road_id, vehicle_density, avg_speed_kmh, total_vehicles, incident_flag, recorded_at) VALUES (6, 46.17, 48.48, 453, FALSE, '2026-06-08 04:00:00');
INSERT INTO env_sensor_readings (zone_id, pm25, pm10, no2, co, o3, temperature, humidity, wind_speed, aqi, recorded_at) VALUES (1, 167.42, 200.9, 0.032, 0.822, 0.037, 21.71, 96.36, 0.71, 204.59, '2026-06-08 04:00:00');
INSERT INTO env_sensor_readings (zone_id, pm25, pm10, no2, co, o3, temperature, humidity, wind_speed, aqi, recorded_at) VALUES (2, 178.45, 214.14, 0.069, 1.175, 0.047, 21.33, 97.8, 0.22, 225.25, '2026-06-08 04:00:00');
INSERT INTO env_sensor_readings (zone_id, pm25, pm10, no2, co, o3, temperature, humidity, wind_speed, aqi, recorded_at) VALUES (3, 185.14, 222.17, 0.046, 0.661, 0.047, 21.82, 97.02, 0.61, 225.04, '2026-06-08 04:00:00');
INSERT INTO env_sensor_readings (zone_id, pm25, pm10, no2, co, o3, temperature, humidity, wind_speed, aqi, recorded_at) VALUES (4, 124.5, 149.4, 0.04, 0.643, 0.038, 21.08, 95.82, 0.24, 154.41, '2026-06-08 04:00:00');
INSERT INTO env_sensor_readings (zone_id, pm25, pm10, no2, co, o3, temperature, humidity, wind_speed, aqi, recorded_at) VALUES (5, 170.96, 205.15, 0.067, 0.815, 0.043, 21.45, 96.96, 0.38, 212.79, '2026-06-08 04:00:00');
INSERT INTO traffic_readings (road_id, vehicle_density, avg_speed_kmh, total_vehicles, incident_flag, recorded_at) VALUES (1, 45.57, 36.04, 447, FALSE, '2026-06-08 05:00:00');
INSERT INTO traffic_readings (road_id, vehicle_density, avg_speed_kmh, total_vehicles, incident_flag, recorded_at) VALUES (2, 52.83, 41.0, 465, FALSE, '2026-06-08 05:00:00');
INSERT INTO traffic_readings (road_id, vehicle_density, avg_speed_kmh, total_vehicles, incident_flag, recorded_at) VALUES (3, 58.78, 36.73, 316, FALSE, '2026-06-08 05:00:00');
INSERT INTO traffic_readings (road_id, vehicle_density, avg_speed_kmh, total_vehicles, incident_flag, recorded_at) VALUES (4, 59.25, 38.98, 277, FALSE, '2026-06-08 05:00:00');
INSERT INTO traffic_readings (road_id, vehicle_density, avg_speed_kmh, total_vehicles, incident_flag, recorded_at) VALUES (5, 46.91, 46.8, 361, FALSE, '2026-06-08 05:00:00');
INSERT INTO traffic_readings (road_id, vehicle_density, avg_speed_kmh, total_vehicles, incident_flag, recorded_at) VALUES (6, 50.23, 40.78, 397, FALSE, '2026-06-08 05:00:00');
INSERT INTO env_sensor_readings (zone_id, pm25, pm10, no2, co, o3, temperature, humidity, wind_speed, aqi, recorded_at) VALUES (1, 183.14, 219.77, 0.032, 0.892, 0.031, 22.37, 98.64, 0.62, 223.37, '2026-06-08 05:00:00');
INSERT INTO env_sensor_readings (zone_id, pm25, pm10, no2, co, o3, temperature, humidity, wind_speed, aqi, recorded_at) VALUES (2, 213.23, 255.88, 0.038, 0.888, 0.048, 22.25, 96.98, 0.19, 258.65, '2026-06-08 05:00:00');
INSERT INTO env_sensor_readings (zone_id, pm25, pm10, no2, co, o3, temperature, humidity, wind_speed, aqi, recorded_at) VALUES (3, 173.96, 208.75, 0.066, 0.956, 0.037, 22.39, 96.33, 0.23, 217.53, '2026-06-08 05:00:00');
INSERT INTO env_sensor_readings (zone_id, pm25, pm10, no2, co, o3, temperature, humidity, wind_speed, aqi, recorded_at) VALUES (4, 122.79, 147.35, 0.057, 0.841, 0.04, 22.14, 95.44, 0.68, 156.46, '2026-06-08 05:00:00');
INSERT INTO env_sensor_readings (zone_id, pm25, pm10, no2, co, o3, temperature, humidity, wind_speed, aqi, recorded_at) VALUES (5, 162.8, 195.36, 0.042, 0.689, 0.041, 21.64, 95.65, 0.57, 199.15, '2026-06-08 05:00:00');
INSERT INTO traffic_readings (road_id, vehicle_density, avg_speed_kmh, total_vehicles, incident_flag, recorded_at) VALUES (1, 85.22, 19.52, 1107, FALSE, '2026-06-08 06:00:00');
INSERT INTO traffic_readings (road_id, vehicle_density, avg_speed_kmh, total_vehicles, incident_flag, recorded_at) VALUES (2, 88.18, 13.41, 1039, FALSE, '2026-06-08 06:00:00');
INSERT INTO traffic_readings (road_id, vehicle_density, avg_speed_kmh, total_vehicles, incident_flag, recorded_at) VALUES (3, 81.7, 19.82, 1084, FALSE, '2026-06-08 06:00:00');
INSERT INTO traffic_readings (road_id, vehicle_density, avg_speed_kmh, total_vehicles, incident_flag, recorded_at) VALUES (4, 81.21, 19.68, 775, TRUE, '2026-06-08 06:00:00');
INSERT INTO traffic_readings (road_id, vehicle_density, avg_speed_kmh, total_vehicles, incident_flag, recorded_at) VALUES (5, 79.9, 15.7, 1135, FALSE, '2026-06-08 06:00:00');
INSERT INTO traffic_readings (road_id, vehicle_density, avg_speed_kmh, total_vehicles, incident_flag, recorded_at) VALUES (6, 84.11, 20.63, 994, FALSE, '2026-06-08 06:00:00');
INSERT INTO env_sensor_readings (zone_id, pm25, pm10, no2, co, o3, temperature, humidity, wind_speed, aqi, recorded_at) VALUES (1, 93.93, 112.72, 0.093, 1.417, 0.02, 29.03, 63.52, 4.04, 133.35, '2026-06-08 06:00:00');
INSERT INTO env_sensor_readings (zone_id, pm25, pm10, no2, co, o3, temperature, humidity, wind_speed, aqi, recorded_at) VALUES (2, 97.4, 116.88, 0.054, 1.325, 0.017, 31.59, 50.9, 3.0, 131.74, '2026-06-08 06:00:00');
INSERT INTO env_sensor_readings (zone_id, pm25, pm10, no2, co, o3, temperature, humidity, wind_speed, aqi, recorded_at) VALUES (3, 85.99, 103.19, 0.102, 1.367, 0.042, 33.94, 60.72, 4.4, 124.8, '2026-06-08 06:00:00');
INSERT INTO env_sensor_readings (zone_id, pm25, pm10, no2, co, o3, temperature, humidity, wind_speed, aqi, recorded_at) VALUES (4, 59.4, 71.28, 0.106, 1.576, 0.039, 33.15, 59.86, 4.29, 96.79, '2026-06-08 06:00:00');
INSERT INTO env_sensor_readings (zone_id, pm25, pm10, no2, co, o3, temperature, humidity, wind_speed, aqi, recorded_at) VALUES (5, 55.61, 66.73, 0.096, 1.391, 0.02, 32.19, 63.78, 3.54, 89.38, '2026-06-08 06:00:00');
INSERT INTO traffic_readings (road_id, vehicle_density, avg_speed_kmh, total_vehicles, incident_flag, recorded_at) VALUES (1, 87.53, 13.3, 739, FALSE, '2026-06-08 07:00:00');
INSERT INTO traffic_readings (road_id, vehicle_density, avg_speed_kmh, total_vehicles, incident_flag, recorded_at) VALUES (2, 79.69, 14.03, 976, TRUE, '2026-06-08 07:00:00');
INSERT INTO traffic_readings (road_id, vehicle_density, avg_speed_kmh, total_vehicles, incident_flag, recorded_at) VALUES (3, 78.02, 14.6, 778, FALSE, '2026-06-08 07:00:00');
INSERT INTO traffic_readings (road_id, vehicle_density, avg_speed_kmh, total_vehicles, incident_flag, recorded_at) VALUES (4, 76.28, 14.89, 977, FALSE, '2026-06-08 07:00:00');
INSERT INTO traffic_readings (road_id, vehicle_density, avg_speed_kmh, total_vehicles, incident_flag, recorded_at) VALUES (5, 76.25, 19.99, 899, FALSE, '2026-06-08 07:00:00');
INSERT INTO traffic_readings (road_id, vehicle_density, avg_speed_kmh, total_vehicles, incident_flag, recorded_at) VALUES (6, 86.68, 18.35, 1138, FALSE, '2026-06-08 07:00:00');
INSERT INTO env_sensor_readings (zone_id, pm25, pm10, no2, co, o3, temperature, humidity, wind_speed, aqi, recorded_at) VALUES (1, 79.39, 95.27, 0.085, 1.393, 0.048, 30.95, 66.05, 4.17, 115.43, '2026-06-08 07:00:00');
INSERT INTO env_sensor_readings (zone_id, pm25, pm10, no2, co, o3, temperature, humidity, wind_speed, aqi, recorded_at) VALUES (2, 93.4, 112.08, 0.083, 1.742, 0.042, 31.44, 54.91, 3.47, 134.79, '2026-06-08 07:00:00');
INSERT INTO env_sensor_readings (zone_id, pm25, pm10, no2, co, o3, temperature, humidity, wind_speed, aqi, recorded_at) VALUES (3, 78.19, 93.83, 0.074, 1.653, 0.042, 33.2, 66.55, 4.46, 115.33, '2026-06-08 07:00:00');
INSERT INTO env_sensor_readings (zone_id, pm25, pm10, no2, co, o3, temperature, humidity, wind_speed, aqi, recorded_at) VALUES (4, 57.64, 69.17, 0.082, 1.974, 0.034, 29.42, 57.72, 4.23, 95.87, '2026-06-08 07:00:00');
INSERT INTO env_sensor_readings (zone_id, pm25, pm10, no2, co, o3, temperature, humidity, wind_speed, aqi, recorded_at) VALUES (5, 66.87, 80.24, 0.059, 1.101, 0.023, 30.69, 65.83, 3.06, 94.99, '2026-06-08 07:00:00');
INSERT INTO traffic_readings (road_id, vehicle_density, avg_speed_kmh, total_vehicles, incident_flag, recorded_at) VALUES (1, 94.02, 15.06, 1127, TRUE, '2026-06-08 08:00:00');
INSERT INTO traffic_readings (road_id, vehicle_density, avg_speed_kmh, total_vehicles, incident_flag, recorded_at) VALUES (2, 75.39, 16.47, 879, FALSE, '2026-06-08 08:00:00');
INSERT INTO traffic_readings (road_id, vehicle_density, avg_speed_kmh, total_vehicles, incident_flag, recorded_at) VALUES (3, 76.37, 21.49, 720, FALSE, '2026-06-08 08:00:00');
INSERT INTO traffic_readings (road_id, vehicle_density, avg_speed_kmh, total_vehicles, incident_flag, recorded_at) VALUES (4, 93.99, 12.39, 710, FALSE, '2026-06-08 08:00:00');
INSERT INTO traffic_readings (road_id, vehicle_density, avg_speed_kmh, total_vehicles, incident_flag, recorded_at) VALUES (5, 79.77, 15.68, 758, FALSE, '2026-06-08 08:00:00');
INSERT INTO traffic_readings (road_id, vehicle_density, avg_speed_kmh, total_vehicles, incident_flag, recorded_at) VALUES (6, 79.36, 18.39, 1092, FALSE, '2026-06-08 08:00:00');
INSERT INTO env_sensor_readings (zone_id, pm25, pm10, no2, co, o3, temperature, humidity, wind_speed, aqi, recorded_at) VALUES (1, 99.92, 119.9, 0.086, 2.05, 0.039, 29.82, 55.6, 3.66, 145.73, '2026-06-08 08:00:00');
INSERT INTO env_sensor_readings (zone_id, pm25, pm10, no2, co, o3, temperature, humidity, wind_speed, aqi, recorded_at) VALUES (2, 73.26, 87.91, 0.107, 1.527, 0.046, 33.71, 53.57, 3.68, 112.36, '2026-06-08 08:00:00');
INSERT INTO env_sensor_readings (zone_id, pm25, pm10, no2, co, o3, temperature, humidity, wind_speed, aqi, recorded_at) VALUES (3, 63.17, 75.8, 0.101, 1.079, 0.038, 32.42, 64.5, 4.09, 95.56, '2026-06-08 08:00:00');
INSERT INTO env_sensor_readings (zone_id, pm25, pm10, no2, co, o3, temperature, humidity, wind_speed, aqi, recorded_at) VALUES (4, 54.44, 65.33, 0.085, 0.806, 0.031, 29.34, 61.66, 2.53, 80.87, '2026-06-08 08:00:00');
INSERT INTO env_sensor_readings (zone_id, pm25, pm10, no2, co, o3, temperature, humidity, wind_speed, aqi, recorded_at) VALUES (5, 56.99, 68.39, 0.075, 1.411, 0.027, 33.46, 58.28, 2.81, 88.65, '2026-06-08 08:00:00');
INSERT INTO traffic_readings (road_id, vehicle_density, avg_speed_kmh, total_vehicles, incident_flag, recorded_at) VALUES (1, 16.05, 67.0, 108, FALSE, '2026-06-08 09:00:00');
INSERT INTO traffic_readings (road_id, vehicle_density, avg_speed_kmh, total_vehicles, incident_flag, recorded_at) VALUES (2, 30.59, 67.38, 86, FALSE, '2026-06-08 09:00:00');
INSERT INTO traffic_readings (road_id, vehicle_density, avg_speed_kmh, total_vehicles, incident_flag, recorded_at) VALUES (3, 30.99, 68.63, 66, FALSE, '2026-06-08 09:00:00');
INSERT INTO traffic_readings (road_id, vehicle_density, avg_speed_kmh, total_vehicles, incident_flag, recorded_at) VALUES (4, 31.11, 56.99, 137, FALSE, '2026-06-08 09:00:00');
INSERT INTO traffic_readings (road_id, vehicle_density, avg_speed_kmh, total_vehicles, incident_flag, recorded_at) VALUES (5, 29.26, 68.11, 110, FALSE, '2026-06-08 09:00:00');
INSERT INTO traffic_readings (road_id, vehicle_density, avg_speed_kmh, total_vehicles, incident_flag, recorded_at) VALUES (6, 12.66, 74.57, 48, FALSE, '2026-06-08 09:00:00');
INSERT INTO env_sensor_readings (zone_id, pm25, pm10, no2, co, o3, temperature, humidity, wind_speed, aqi, recorded_at) VALUES (1, 43.8, 52.56, 0.044, 0.733, 0.021, 33.4, 60.0, 3.53, 62.98, '2026-06-08 09:00:00');
INSERT INTO env_sensor_readings (zone_id, pm25, pm10, no2, co, o3, temperature, humidity, wind_speed, aqi, recorded_at) VALUES (2, 53.34, 64.01, 0.038, 0.717, 0.026, 30.2, 58.57, 3.92, 73.07, '2026-06-08 09:00:00');
INSERT INTO env_sensor_readings (zone_id, pm25, pm10, no2, co, o3, temperature, humidity, wind_speed, aqi, recorded_at) VALUES (3, 45.95, 55.14, 0.048, 0.516, 0.022, 30.22, 61.95, 3.24, 63.76, '2026-06-08 09:00:00');
INSERT INTO env_sensor_readings (zone_id, pm25, pm10, no2, co, o3, temperature, humidity, wind_speed, aqi, recorded_at) VALUES (4, 37.36, 44.83, 0.052, 0.809, 0.05, 30.76, 58.17, 3.11, 57.29, '2026-06-08 09:00:00');
INSERT INTO env_sensor_readings (zone_id, pm25, pm10, no2, co, o3, temperature, humidity, wind_speed, aqi, recorded_at) VALUES (5, 51.7, 62.04, 0.039, 1.149, 0.023, 33.75, 62.42, 2.88, 75.62, '2026-06-08 09:00:00');
INSERT INTO traffic_readings (road_id, vehicle_density, avg_speed_kmh, total_vehicles, incident_flag, recorded_at) VALUES (1, 28.99, 61.36, 100, FALSE, '2026-06-08 10:00:00');
INSERT INTO traffic_readings (road_id, vehicle_density, avg_speed_kmh, total_vehicles, incident_flag, recorded_at) VALUES (2, 24.07, 61.51, 37, FALSE, '2026-06-08 10:00:00');
INSERT INTO traffic_readings (road_id, vehicle_density, avg_speed_kmh, total_vehicles, incident_flag, recorded_at) VALUES (3, 18.81, 63.3, 63, TRUE, '2026-06-08 10:00:00');
INSERT INTO traffic_readings (road_id, vehicle_density, avg_speed_kmh, total_vehicles, incident_flag, recorded_at) VALUES (4, 24.29, 61.31, 31, FALSE, '2026-06-08 10:00:00');
INSERT INTO traffic_readings (road_id, vehicle_density, avg_speed_kmh, total_vehicles, incident_flag, recorded_at) VALUES (5, 28.04, 57.9, 136, FALSE, '2026-06-08 10:00:00');
INSERT INTO traffic_readings (road_id, vehicle_density, avg_speed_kmh, total_vehicles, incident_flag, recorded_at) VALUES (6, 14.36, 55.28, 61, FALSE, '2026-06-08 10:00:00');
INSERT INTO env_sensor_readings (zone_id, pm25, pm10, no2, co, o3, temperature, humidity, wind_speed, aqi, recorded_at) VALUES (1, 52.55, 63.06, 0.048, 0.666, 0.012, 31.39, 64.8, 3.3, 72.85, '2026-06-08 10:00:00');
INSERT INTO env_sensor_readings (zone_id, pm25, pm10, no2, co, o3, temperature, humidity, wind_speed, aqi, recorded_at) VALUES (2, 38.55, 46.26, 0.033, 1.067, 0.012, 31.81, 55.47, 4.49, 58.96, '2026-06-08 10:00:00');
INSERT INTO env_sensor_readings (zone_id, pm25, pm10, no2, co, o3, temperature, humidity, wind_speed, aqi, recorded_at) VALUES (3, 57.93, 69.52, 0.035, 1.188, 0.034, 30.13, 59.41, 3.4, 82.7, '2026-06-08 10:00:00');
INSERT INTO env_sensor_readings (zone_id, pm25, pm10, no2, co, o3, temperature, humidity, wind_speed, aqi, recorded_at) VALUES (4, 32.43, 38.92, 0.048, 1.274, 0.05, 32.11, 60.97, 3.98, 55.79, '2026-06-08 10:00:00');
INSERT INTO env_sensor_readings (zone_id, pm25, pm10, no2, co, o3, temperature, humidity, wind_speed, aqi, recorded_at) VALUES (5, 46.51, 55.81, 0.068, 0.687, 0.018, 29.79, 53.13, 2.65, 68.52, '2026-06-08 10:00:00');
INSERT INTO traffic_readings (road_id, vehicle_density, avg_speed_kmh, total_vehicles, incident_flag, recorded_at) VALUES (1, 12.06, 65.36, 101, FALSE, '2026-06-08 11:00:00');
INSERT INTO traffic_readings (road_id, vehicle_density, avg_speed_kmh, total_vehicles, incident_flag, recorded_at) VALUES (2, 12.75, 61.63, 61, FALSE, '2026-06-08 11:00:00');
INSERT INTO traffic_readings (road_id, vehicle_density, avg_speed_kmh, total_vehicles, incident_flag, recorded_at) VALUES (3, 22.44, 70.81, 58, FALSE, '2026-06-08 11:00:00');
INSERT INTO traffic_readings (road_id, vehicle_density, avg_speed_kmh, total_vehicles, incident_flag, recorded_at) VALUES (4, 26.38, 70.21, 50, FALSE, '2026-06-08 11:00:00');
INSERT INTO traffic_readings (road_id, vehicle_density, avg_speed_kmh, total_vehicles, incident_flag, recorded_at) VALUES (5, 24.52, 69.9, 59, FALSE, '2026-06-08 11:00:00');
INSERT INTO traffic_readings (road_id, vehicle_density, avg_speed_kmh, total_vehicles, incident_flag, recorded_at) VALUES (6, 13.64, 58.82, 64, FALSE, '2026-06-08 11:00:00');
INSERT INTO env_sensor_readings (zone_id, pm25, pm10, no2, co, o3, temperature, humidity, wind_speed, aqi, recorded_at) VALUES (1, 40.84, 49.01, 0.063, 1.329, 0.028, 30.52, 57.25, 3.04, 67.82, '2026-06-08 11:00:00');
INSERT INTO env_sensor_readings (zone_id, pm25, pm10, no2, co, o3, temperature, humidity, wind_speed, aqi, recorded_at) VALUES (2, 63.39, 76.07, 0.052, 0.894, 0.034, 32.67, 60.87, 2.55, 88.08, '2026-06-08 11:00:00');
INSERT INTO env_sensor_readings (zone_id, pm25, pm10, no2, co, o3, temperature, humidity, wind_speed, aqi, recorded_at) VALUES (3, 51.41, 61.69, 0.039, 1.107, 0.044, 29.1, 63.77, 4.14, 74.87, '2026-06-08 11:00:00');
INSERT INTO env_sensor_readings (zone_id, pm25, pm10, no2, co, o3, temperature, humidity, wind_speed, aqi, recorded_at) VALUES (4, 35.5, 42.6, 0.053, 1.187, 0.017, 31.21, 55.01, 4.49, 59.05, '2026-06-08 11:00:00');
INSERT INTO env_sensor_readings (zone_id, pm25, pm10, no2, co, o3, temperature, humidity, wind_speed, aqi, recorded_at) VALUES (5, 41.8, 50.16, 0.047, 1.233, 0.049, 31.04, 55.78, 2.71, 66.04, '2026-06-08 11:00:00');
INSERT INTO traffic_readings (road_id, vehicle_density, avg_speed_kmh, total_vehicles, incident_flag, recorded_at) VALUES (1, 15.7, 64.47, 88, FALSE, '2026-06-08 12:00:00');
INSERT INTO traffic_readings (road_id, vehicle_density, avg_speed_kmh, total_vehicles, incident_flag, recorded_at) VALUES (2, 33.74, 73.71, 95, FALSE, '2026-06-08 12:00:00');
INSERT INTO traffic_readings (road_id, vehicle_density, avg_speed_kmh, total_vehicles, incident_flag, recorded_at) VALUES (3, 14.03, 60.81, 39, FALSE, '2026-06-08 12:00:00');
INSERT INTO traffic_readings (road_id, vehicle_density, avg_speed_kmh, total_vehicles, incident_flag, recorded_at) VALUES (4, 21.3, 66.84, 25, FALSE, '2026-06-08 12:00:00');
INSERT INTO traffic_readings (road_id, vehicle_density, avg_speed_kmh, total_vehicles, incident_flag, recorded_at) VALUES (5, 24.48, 64.5, 49, FALSE, '2026-06-08 12:00:00');
INSERT INTO traffic_readings (road_id, vehicle_density, avg_speed_kmh, total_vehicles, incident_flag, recorded_at) VALUES (6, 26.32, 66.47, 81, FALSE, '2026-06-08 12:00:00');
INSERT INTO env_sensor_readings (zone_id, pm25, pm10, no2, co, o3, temperature, humidity, wind_speed, aqi, recorded_at) VALUES (1, 40.18, 48.22, 0.038, 0.994, 0.047, 32.49, 52.19, 4.45, 60.71, '2026-06-08 12:00:00');
INSERT INTO env_sensor_readings (zone_id, pm25, pm10, no2, co, o3, temperature, humidity, wind_speed, aqi, recorded_at) VALUES (2, 53.49, 64.19, 0.054, 0.715, 0.016, 31.76, 51.68, 4.48, 75.14, '2026-06-08 12:00:00');
INSERT INTO env_sensor_readings (zone_id, pm25, pm10, no2, co, o3, temperature, humidity, wind_speed, aqi, recorded_at) VALUES (3, 58.47, 70.16, 0.067, 0.915, 0.015, 31.49, 62.9, 3.52, 84.43, '2026-06-08 12:00:00');
INSERT INTO env_sensor_readings (zone_id, pm25, pm10, no2, co, o3, temperature, humidity, wind_speed, aqi, recorded_at) VALUES (4, 29.09, 34.91, 0.041, 1.251, 0.049, 31.76, 56.9, 4.34, 50.88, '2026-06-08 12:00:00');
INSERT INTO env_sensor_readings (zone_id, pm25, pm10, no2, co, o3, temperature, humidity, wind_speed, aqi, recorded_at) VALUES (5, 35.78, 42.94, 0.05, 1.291, 0.045, 32.95, 57.47, 4.37, 60.06, '2026-06-08 12:00:00');
INSERT INTO traffic_readings (road_id, vehicle_density, avg_speed_kmh, total_vehicles, incident_flag, recorded_at) VALUES (1, 23.68, 73.87, 61, FALSE, '2026-06-08 13:00:00');
INSERT INTO traffic_readings (road_id, vehicle_density, avg_speed_kmh, total_vehicles, incident_flag, recorded_at) VALUES (2, 31.26, 68.34, 109, FALSE, '2026-06-08 13:00:00');
INSERT INTO traffic_readings (road_id, vehicle_density, avg_speed_kmh, total_vehicles, incident_flag, recorded_at) VALUES (3, 15.42, 67.39, 69, FALSE, '2026-06-08 13:00:00');
INSERT INTO traffic_readings (road_id, vehicle_density, avg_speed_kmh, total_vehicles, incident_flag, recorded_at) VALUES (4, 29.55, 63.68, 66, FALSE, '2026-06-08 13:00:00');
INSERT INTO traffic_readings (road_id, vehicle_density, avg_speed_kmh, total_vehicles, incident_flag, recorded_at) VALUES (5, 34.56, 60.49, 74, FALSE, '2026-06-08 13:00:00');
INSERT INTO traffic_readings (road_id, vehicle_density, avg_speed_kmh, total_vehicles, incident_flag, recorded_at) VALUES (6, 29.84, 56.0, 120, FALSE, '2026-06-08 13:00:00');
INSERT INTO env_sensor_readings (zone_id, pm25, pm10, no2, co, o3, temperature, humidity, wind_speed, aqi, recorded_at) VALUES (1, 49.33, 59.2, 0.067, 0.843, 0.05, 32.26, 52.74, 4.43, 73.2, '2026-06-08 13:00:00');
INSERT INTO env_sensor_readings (zone_id, pm25, pm10, no2, co, o3, temperature, humidity, wind_speed, aqi, recorded_at) VALUES (2, 39.3, 47.16, 0.035, 1.369, 0.023, 33.23, 51.79, 4.32, 63.08, '2026-06-08 13:00:00');
INSERT INTO env_sensor_readings (zone_id, pm25, pm10, no2, co, o3, temperature, humidity, wind_speed, aqi, recorded_at) VALUES (3, 63.72, 76.46, 0.031, 0.63, 0.045, 29.37, 64.07, 3.03, 83.3, '2026-06-08 13:00:00');
INSERT INTO env_sensor_readings (zone_id, pm25, pm10, no2, co, o3, temperature, humidity, wind_speed, aqi, recorded_at) VALUES (4, 31.56, 37.87, 0.055, 0.858, 0.013, 32.37, 59.61, 4.41, 51.47, '2026-06-08 13:00:00');
INSERT INTO env_sensor_readings (zone_id, pm25, pm10, no2, co, o3, temperature, humidity, wind_speed, aqi, recorded_at) VALUES (5, 44.19, 53.03, 0.055, 1.299, 0.03, 32.09, 54.23, 3.87, 70.41, '2026-06-08 13:00:00');
INSERT INTO traffic_readings (road_id, vehicle_density, avg_speed_kmh, total_vehicles, incident_flag, recorded_at) VALUES (1, 18.61, 60.23, 36, FALSE, '2026-06-08 14:00:00');
INSERT INTO traffic_readings (road_id, vehicle_density, avg_speed_kmh, total_vehicles, incident_flag, recorded_at) VALUES (2, 14.26, 69.58, 136, FALSE, '2026-06-08 14:00:00');
INSERT INTO traffic_readings (road_id, vehicle_density, avg_speed_kmh, total_vehicles, incident_flag, recorded_at) VALUES (3, 15.83, 61.89, 28, FALSE, '2026-06-08 14:00:00');
INSERT INTO traffic_readings (road_id, vehicle_density, avg_speed_kmh, total_vehicles, incident_flag, recorded_at) VALUES (4, 30.31, 61.75, 72, FALSE, '2026-06-08 14:00:00');
INSERT INTO traffic_readings (road_id, vehicle_density, avg_speed_kmh, total_vehicles, incident_flag, recorded_at) VALUES (5, 17.62, 64.48, 112, FALSE, '2026-06-08 14:00:00');
INSERT INTO traffic_readings (road_id, vehicle_density, avg_speed_kmh, total_vehicles, incident_flag, recorded_at) VALUES (6, 15.91, 56.82, 136, FALSE, '2026-06-08 14:00:00');
INSERT INTO env_sensor_readings (zone_id, pm25, pm10, no2, co, o3, temperature, humidity, wind_speed, aqi, recorded_at) VALUES (1, 35.1, 42.12, 0.057, 0.948, 0.033, 32.19, 58.27, 3.83, 56.69, '2026-06-08 14:00:00');
INSERT INTO env_sensor_readings (zone_id, pm25, pm10, no2, co, o3, temperature, humidity, wind_speed, aqi, recorded_at) VALUES (2, 54.68, 65.62, 0.066, 0.919, 0.022, 29.37, 67.01, 4.48, 79.99, '2026-06-08 14:00:00');
INSERT INTO env_sensor_readings (zone_id, pm25, pm10, no2, co, o3, temperature, humidity, wind_speed, aqi, recorded_at) VALUES (3, 46.4, 55.68, 0.042, 1.366, 0.038, 30.51, 67.99, 4.21, 72.06, '2026-06-08 14:00:00');
INSERT INTO env_sensor_readings (zone_id, pm25, pm10, no2, co, o3, temperature, humidity, wind_speed, aqi, recorded_at) VALUES (4, 31.68, 38.02, 0.034, 0.843, 0.024, 32.5, 50.39, 4.16, 48.94, '2026-06-08 14:00:00');
INSERT INTO env_sensor_readings (zone_id, pm25, pm10, no2, co, o3, temperature, humidity, wind_speed, aqi, recorded_at) VALUES (5, 50.88, 61.06, 0.046, 0.507, 0.045, 33.87, 66.39, 3.99, 69.1, '2026-06-08 14:00:00');
INSERT INTO traffic_readings (road_id, vehicle_density, avg_speed_kmh, total_vehicles, incident_flag, recorded_at) VALUES (1, 31.16, 75.77, 124, FALSE, '2026-06-08 15:00:00');
INSERT INTO traffic_readings (road_id, vehicle_density, avg_speed_kmh, total_vehicles, incident_flag, recorded_at) VALUES (2, 25.96, 63.1, 106, FALSE, '2026-06-08 15:00:00');
INSERT INTO traffic_readings (road_id, vehicle_density, avg_speed_kmh, total_vehicles, incident_flag, recorded_at) VALUES (3, 17.76, 72.38, 123, FALSE, '2026-06-08 15:00:00');
INSERT INTO traffic_readings (road_id, vehicle_density, avg_speed_kmh, total_vehicles, incident_flag, recorded_at) VALUES (4, 31.28, 69.45, 140, FALSE, '2026-06-08 15:00:00');
INSERT INTO traffic_readings (road_id, vehicle_density, avg_speed_kmh, total_vehicles, incident_flag, recorded_at) VALUES (5, 12.91, 73.14, 29, FALSE, '2026-06-08 15:00:00');
INSERT INTO traffic_readings (road_id, vehicle_density, avg_speed_kmh, total_vehicles, incident_flag, recorded_at) VALUES (6, 28.84, 57.07, 62, FALSE, '2026-06-08 15:00:00');
INSERT INTO env_sensor_readings (zone_id, pm25, pm10, no2, co, o3, temperature, humidity, wind_speed, aqi, recorded_at) VALUES (1, 51.56, 61.87, 0.047, 0.681, 0.041, 30.83, 59.03, 3.05, 71.74, '2026-06-08 15:00:00');
INSERT INTO env_sensor_readings (zone_id, pm25, pm10, no2, co, o3, temperature, humidity, wind_speed, aqi, recorded_at) VALUES (2, 67.38, 80.86, 0.037, 1.323, 0.048, 30.48, 65.67, 4.11, 95.16, '2026-06-08 15:00:00');
INSERT INTO env_sensor_readings (zone_id, pm25, pm10, no2, co, o3, temperature, humidity, wind_speed, aqi, recorded_at) VALUES (3, 42.14, 50.57, 0.049, 0.568, 0.04, 32.38, 62.14, 3.29, 60.02, '2026-06-08 15:00:00');
INSERT INTO env_sensor_readings (zone_id, pm25, pm10, no2, co, o3, temperature, humidity, wind_speed, aqi, recorded_at) VALUES (4, 32.03, 38.44, 0.064, 1.002, 0.014, 30.32, 52.22, 3.24, 54.53, '2026-06-08 15:00:00');
INSERT INTO env_sensor_readings (zone_id, pm25, pm10, no2, co, o3, temperature, humidity, wind_speed, aqi, recorded_at) VALUES (5, 48.91, 58.69, 0.06, 0.736, 0.025, 30.86, 62.15, 3.44, 70.81, '2026-06-08 15:00:00');
INSERT INTO traffic_readings (road_id, vehicle_density, avg_speed_kmh, total_vehicles, incident_flag, recorded_at) VALUES (1, 26.25, 76.69, 66, FALSE, '2026-06-08 16:00:00');
INSERT INTO traffic_readings (road_id, vehicle_density, avg_speed_kmh, total_vehicles, incident_flag, recorded_at) VALUES (2, 17.09, 56.45, 130, FALSE, '2026-06-08 16:00:00');
INSERT INTO traffic_readings (road_id, vehicle_density, avg_speed_kmh, total_vehicles, incident_flag, recorded_at) VALUES (3, 28.12, 69.93, 39, FALSE, '2026-06-08 16:00:00');
INSERT INTO traffic_readings (road_id, vehicle_density, avg_speed_kmh, total_vehicles, incident_flag, recorded_at) VALUES (4, 33.76, 62.0, 88, FALSE, '2026-06-08 16:00:00');
INSERT INTO traffic_readings (road_id, vehicle_density, avg_speed_kmh, total_vehicles, incident_flag, recorded_at) VALUES (5, 17.4, 67.36, 74, FALSE, '2026-06-08 16:00:00');
INSERT INTO traffic_readings (road_id, vehicle_density, avg_speed_kmh, total_vehicles, incident_flag, recorded_at) VALUES (6, 27.42, 72.09, 94, FALSE, '2026-06-08 16:00:00');
INSERT INTO env_sensor_readings (zone_id, pm25, pm10, no2, co, o3, temperature, humidity, wind_speed, aqi, recorded_at) VALUES (1, 31.48, 37.78, 0.06, 0.639, 0.027, 31.45, 57.35, 4.4, 49.79, '2026-06-08 16:00:00');
INSERT INTO env_sensor_readings (zone_id, pm25, pm10, no2, co, o3, temperature, humidity, wind_speed, aqi, recorded_at) VALUES (2, 67.62, 81.14, 0.031, 0.833, 0.028, 33.28, 51.79, 3.87, 89.81, '2026-06-08 16:00:00');
INSERT INTO env_sensor_readings (zone_id, pm25, pm10, no2, co, o3, temperature, humidity, wind_speed, aqi, recorded_at) VALUES (3, 44.91, 53.89, 0.052, 1.38, 0.024, 29.95, 52.2, 4.2, 71.69, '2026-06-08 16:00:00');
INSERT INTO env_sensor_readings (zone_id, pm25, pm10, no2, co, o3, temperature, humidity, wind_speed, aqi, recorded_at) VALUES (4, 37.6, 45.12, 0.048, 1.096, 0.036, 29.11, 64.16, 2.99, 59.96, '2026-06-08 16:00:00');
INSERT INTO env_sensor_readings (zone_id, pm25, pm10, no2, co, o3, temperature, humidity, wind_speed, aqi, recorded_at) VALUES (5, 50.96, 61.15, 0.035, 1.008, 0.013, 30.04, 53.89, 4.24, 72.88, '2026-06-08 16:00:00');
INSERT INTO traffic_readings (road_id, vehicle_density, avg_speed_kmh, total_vehicles, incident_flag, recorded_at) VALUES (1, 81.57, 11.77, 1005, TRUE, '2026-06-08 17:00:00');
INSERT INTO traffic_readings (road_id, vehicle_density, avg_speed_kmh, total_vehicles, incident_flag, recorded_at) VALUES (2, 92.17, 11.74, 766, FALSE, '2026-06-08 17:00:00');
INSERT INTO traffic_readings (road_id, vehicle_density, avg_speed_kmh, total_vehicles, incident_flag, recorded_at) VALUES (3, 90.97, 11.32, 1143, TRUE, '2026-06-08 17:00:00');
INSERT INTO traffic_readings (road_id, vehicle_density, avg_speed_kmh, total_vehicles, incident_flag, recorded_at) VALUES (4, 75.3, 19.48, 821, FALSE, '2026-06-08 17:00:00');
INSERT INTO traffic_readings (road_id, vehicle_density, avg_speed_kmh, total_vehicles, incident_flag, recorded_at) VALUES (5, 75.32, 13.18, 764, FALSE, '2026-06-08 17:00:00');
INSERT INTO traffic_readings (road_id, vehicle_density, avg_speed_kmh, total_vehicles, incident_flag, recorded_at) VALUES (6, 85.52, 18.95, 943, FALSE, '2026-06-08 17:00:00');
INSERT INTO env_sensor_readings (zone_id, pm25, pm10, no2, co, o3, temperature, humidity, wind_speed, aqi, recorded_at) VALUES (1, 79.24, 95.09, 0.07, 1.551, 0.028, 32.08, 63.09, 4.32, 115.04, '2026-06-08 17:00:00');
INSERT INTO env_sensor_readings (zone_id, pm25, pm10, no2, co, o3, temperature, humidity, wind_speed, aqi, recorded_at) VALUES (2, 58.41, 70.09, 0.09, 1.157, 0.036, 33.99, 65.25, 3.35, 89.54, '2026-06-08 17:00:00');
INSERT INTO env_sensor_readings (zone_id, pm25, pm10, no2, co, o3, temperature, humidity, wind_speed, aqi, recorded_at) VALUES (3, 95.07, 114.08, 0.054, 1.712, 0.028, 30.61, 52.67, 2.75, 132.93, '2026-06-08 17:00:00');
INSERT INTO env_sensor_readings (zone_id, pm25, pm10, no2, co, o3, temperature, humidity, wind_speed, aqi, recorded_at) VALUES (4, 48.26, 57.91, 0.088, 1.54, 0.038, 31.99, 55.31, 3.51, 81.46, '2026-06-08 17:00:00');
INSERT INTO env_sensor_readings (zone_id, pm25, pm10, no2, co, o3, temperature, humidity, wind_speed, aqi, recorded_at) VALUES (5, 68.08, 81.7, 0.075, 1.821, 0.015, 33.39, 59.92, 4.23, 105.5, '2026-06-08 17:00:00');
INSERT INTO traffic_readings (road_id, vehicle_density, avg_speed_kmh, total_vehicles, incident_flag, recorded_at) VALUES (1, 83.6, 20.66, 911, FALSE, '2026-06-08 18:00:00');
INSERT INTO traffic_readings (road_id, vehicle_density, avg_speed_kmh, total_vehicles, incident_flag, recorded_at) VALUES (2, 84.07, 14.99, 748, FALSE, '2026-06-08 18:00:00');
INSERT INTO traffic_readings (road_id, vehicle_density, avg_speed_kmh, total_vehicles, incident_flag, recorded_at) VALUES (3, 81.25, 13.06, 778, FALSE, '2026-06-08 18:00:00');
INSERT INTO traffic_readings (road_id, vehicle_density, avg_speed_kmh, total_vehicles, incident_flag, recorded_at) VALUES (4, 84.49, 11.09, 743, TRUE, '2026-06-08 18:00:00');
INSERT INTO traffic_readings (road_id, vehicle_density, avg_speed_kmh, total_vehicles, incident_flag, recorded_at) VALUES (5, 76.93, 18.87, 1115, TRUE, '2026-06-08 18:00:00');
INSERT INTO traffic_readings (road_id, vehicle_density, avg_speed_kmh, total_vehicles, incident_flag, recorded_at) VALUES (6, 76.2, 21.48, 987, FALSE, '2026-06-08 18:00:00');
INSERT INTO env_sensor_readings (zone_id, pm25, pm10, no2, co, o3, temperature, humidity, wind_speed, aqi, recorded_at) VALUES (1, 91.21, 109.45, 0.056, 1.227, 0.037, 33.34, 62.98, 4.44, 123.88, '2026-06-08 18:00:00');
INSERT INTO env_sensor_readings (zone_id, pm25, pm10, no2, co, o3, temperature, humidity, wind_speed, aqi, recorded_at) VALUES (2, 63.72, 76.46, 0.086, 1.224, 0.033, 32.28, 54.04, 2.72, 95.84, '2026-06-08 18:00:00');
INSERT INTO env_sensor_readings (zone_id, pm25, pm10, no2, co, o3, temperature, humidity, wind_speed, aqi, recorded_at) VALUES (3, 73.5, 88.2, 0.102, 1.246, 0.041, 33.04, 65.21, 4.45, 109.22, '2026-06-08 18:00:00');
INSERT INTO env_sensor_readings (zone_id, pm25, pm10, no2, co, o3, temperature, humidity, wind_speed, aqi, recorded_at) VALUES (4, 48.18, 57.82, 0.101, 1.578, 0.036, 33.65, 64.93, 3.03, 83.31, '2026-06-08 18:00:00');
INSERT INTO env_sensor_readings (zone_id, pm25, pm10, no2, co, o3, temperature, humidity, wind_speed, aqi, recorded_at) VALUES (5, 57.28, 68.74, 0.059, 1.698, 0.022, 29.03, 65.66, 3.63, 89.93, '2026-06-08 18:00:00');
INSERT INTO traffic_readings (road_id, vehicle_density, avg_speed_kmh, total_vehicles, incident_flag, recorded_at) VALUES (1, 83.02, 11.7, 1024, FALSE, '2026-06-08 19:00:00');
INSERT INTO traffic_readings (road_id, vehicle_density, avg_speed_kmh, total_vehicles, incident_flag, recorded_at) VALUES (2, 76.84, 16.37, 892, FALSE, '2026-06-08 19:00:00');
INSERT INTO traffic_readings (road_id, vehicle_density, avg_speed_kmh, total_vehicles, incident_flag, recorded_at) VALUES (3, 81.82, 14.44, 1069, FALSE, '2026-06-08 19:00:00');
INSERT INTO traffic_readings (road_id, vehicle_density, avg_speed_kmh, total_vehicles, incident_flag, recorded_at) VALUES (4, 93.83, 17.15, 726, TRUE, '2026-06-08 19:00:00');
INSERT INTO traffic_readings (road_id, vehicle_density, avg_speed_kmh, total_vehicles, incident_flag, recorded_at) VALUES (5, 90.09, 10.6, 741, FALSE, '2026-06-08 19:00:00');
INSERT INTO traffic_readings (road_id, vehicle_density, avg_speed_kmh, total_vehicles, incident_flag, recorded_at) VALUES (6, 88.24, 15.83, 926, FALSE, '2026-06-08 19:00:00');
INSERT INTO env_sensor_readings (zone_id, pm25, pm10, no2, co, o3, temperature, humidity, wind_speed, aqi, recorded_at) VALUES (1, 76.52, 91.82, 0.062, 1.442, 0.024, 32.39, 60.68, 3.55, 109.86, '2026-06-08 19:00:00');
INSERT INTO env_sensor_readings (zone_id, pm25, pm10, no2, co, o3, temperature, humidity, wind_speed, aqi, recorded_at) VALUES (2, 63.27, 75.92, 0.067, 1.047, 0.049, 30.02, 67.02, 4.03, 91.27, '2026-06-08 19:00:00');
INSERT INTO env_sensor_readings (zone_id, pm25, pm10, no2, co, o3, temperature, humidity, wind_speed, aqi, recorded_at) VALUES (3, 80.2, 96.24, 0.098, 1.141, 0.015, 31.15, 52.33, 3.57, 115.4, '2026-06-08 19:00:00');
INSERT INTO env_sensor_readings (zone_id, pm25, pm10, no2, co, o3, temperature, humidity, wind_speed, aqi, recorded_at) VALUES (4, 47.14, 56.57, 0.062, 1.504, 0.037, 30.99, 63.36, 3.37, 76.69, '2026-06-08 19:00:00');
INSERT INTO env_sensor_readings (zone_id, pm25, pm10, no2, co, o3, temperature, humidity, wind_speed, aqi, recorded_at) VALUES (5, 59.27, 71.12, 0.077, 0.855, 0.023, 31.02, 61.52, 3.08, 85.95, '2026-06-08 19:00:00');
INSERT INTO traffic_readings (road_id, vehicle_density, avg_speed_kmh, total_vehicles, incident_flag, recorded_at) VALUES (1, 21.32, 77.22, 46, FALSE, '2026-06-08 20:00:00');
INSERT INTO traffic_readings (road_id, vehicle_density, avg_speed_kmh, total_vehicles, incident_flag, recorded_at) VALUES (2, 26.22, 74.14, 71, FALSE, '2026-06-08 20:00:00');
INSERT INTO traffic_readings (road_id, vehicle_density, avg_speed_kmh, total_vehicles, incident_flag, recorded_at) VALUES (3, 31.42, 60.6, 100, FALSE, '2026-06-08 20:00:00');
INSERT INTO traffic_readings (road_id, vehicle_density, avg_speed_kmh, total_vehicles, incident_flag, recorded_at) VALUES (4, 13.81, 75.02, 120, FALSE, '2026-06-08 20:00:00');
INSERT INTO traffic_readings (road_id, vehicle_density, avg_speed_kmh, total_vehicles, incident_flag, recorded_at) VALUES (5, 19.66, 58.87, 90, FALSE, '2026-06-08 20:00:00');
INSERT INTO traffic_readings (road_id, vehicle_density, avg_speed_kmh, total_vehicles, incident_flag, recorded_at) VALUES (6, 24.2, 59.46, 124, FALSE, '2026-06-08 20:00:00');
INSERT INTO env_sensor_readings (zone_id, pm25, pm10, no2, co, o3, temperature, humidity, wind_speed, aqi, recorded_at) VALUES (1, 35.16, 42.19, 0.059, 1.237, 0.043, 29.73, 53.55, 3.7, 59.88, '2026-06-08 20:00:00');
INSERT INTO env_sensor_readings (zone_id, pm25, pm10, no2, co, o3, temperature, humidity, wind_speed, aqi, recorded_at) VALUES (2, 59.93, 71.92, 0.06, 1.09, 0.017, 31.47, 63.58, 4.02, 87.02, '2026-06-08 20:00:00');
INSERT INTO env_sensor_readings (zone_id, pm25, pm10, no2, co, o3, temperature, humidity, wind_speed, aqi, recorded_at) VALUES (3, 54.23, 65.08, 0.048, 1.332, 0.033, 32.12, 65.56, 3.75, 81.44, '2026-06-08 20:00:00');
INSERT INTO env_sensor_readings (zone_id, pm25, pm10, no2, co, o3, temperature, humidity, wind_speed, aqi, recorded_at) VALUES (4, 31.34, 37.61, 0.036, 0.561, 0.028, 30.37, 51.01, 3.51, 45.97, '2026-06-08 20:00:00');
INSERT INTO env_sensor_readings (zone_id, pm25, pm10, no2, co, o3, temperature, humidity, wind_speed, aqi, recorded_at) VALUES (5, 53.67, 64.4, 0.042, 0.907, 0.012, 29.38, 65.56, 4.21, 75.83, '2026-06-08 20:00:00');
INSERT INTO traffic_readings (road_id, vehicle_density, avg_speed_kmh, total_vehicles, incident_flag, recorded_at) VALUES (1, 26.15, 66.66, 84, FALSE, '2026-06-08 21:00:00');
INSERT INTO traffic_readings (road_id, vehicle_density, avg_speed_kmh, total_vehicles, incident_flag, recorded_at) VALUES (2, 33.95, 72.0, 30, FALSE, '2026-06-08 21:00:00');
INSERT INTO traffic_readings (road_id, vehicle_density, avg_speed_kmh, total_vehicles, incident_flag, recorded_at) VALUES (3, 30.63, 69.99, 66, FALSE, '2026-06-08 21:00:00');
INSERT INTO traffic_readings (road_id, vehicle_density, avg_speed_kmh, total_vehicles, incident_flag, recorded_at) VALUES (4, 23.53, 77.03, 82, FALSE, '2026-06-08 21:00:00');
INSERT INTO traffic_readings (road_id, vehicle_density, avg_speed_kmh, total_vehicles, incident_flag, recorded_at) VALUES (5, 32.68, 62.9, 116, FALSE, '2026-06-08 21:00:00');
INSERT INTO traffic_readings (road_id, vehicle_density, avg_speed_kmh, total_vehicles, incident_flag, recorded_at) VALUES (6, 26.86, 55.9, 115, FALSE, '2026-06-08 21:00:00');
INSERT INTO env_sensor_readings (zone_id, pm25, pm10, no2, co, o3, temperature, humidity, wind_speed, aqi, recorded_at) VALUES (1, 39.3, 47.16, 0.048, 0.97, 0.016, 30.41, 57.36, 3.18, 60.65, '2026-06-08 21:00:00');
INSERT INTO env_sensor_readings (zone_id, pm25, pm10, no2, co, o3, temperature, humidity, wind_speed, aqi, recorded_at) VALUES (2, 35.62, 42.74, 0.054, 1.21, 0.036, 29.47, 62.21, 3.07, 59.54, '2026-06-08 21:00:00');
INSERT INTO env_sensor_readings (zone_id, pm25, pm10, no2, co, o3, temperature, humidity, wind_speed, aqi, recorded_at) VALUES (3, 60.6, 72.72, 0.059, 1.091, 0.046, 30.67, 60.49, 2.78, 87.68, '2026-06-08 21:00:00');
INSERT INTO env_sensor_readings (zone_id, pm25, pm10, no2, co, o3, temperature, humidity, wind_speed, aqi, recorded_at) VALUES (4, 33.93, 40.72, 0.044, 1.371, 0.038, 31.98, 66.88, 3.12, 58.01, '2026-06-08 21:00:00');
INSERT INTO env_sensor_readings (zone_id, pm25, pm10, no2, co, o3, temperature, humidity, wind_speed, aqi, recorded_at) VALUES (5, 48.18, 57.82, 0.045, 1.212, 0.043, 33.14, 63.3, 3.87, 72.93, '2026-06-08 21:00:00');
INSERT INTO traffic_readings (road_id, vehicle_density, avg_speed_kmh, total_vehicles, incident_flag, recorded_at) VALUES (1, 24.11, 69.86, 79, FALSE, '2026-06-08 22:00:00');
INSERT INTO traffic_readings (road_id, vehicle_density, avg_speed_kmh, total_vehicles, incident_flag, recorded_at) VALUES (2, 12.42, 62.1, 52, FALSE, '2026-06-08 22:00:00');
INSERT INTO traffic_readings (road_id, vehicle_density, avg_speed_kmh, total_vehicles, incident_flag, recorded_at) VALUES (3, 29.62, 59.42, 42, FALSE, '2026-06-08 22:00:00');
INSERT INTO traffic_readings (road_id, vehicle_density, avg_speed_kmh, total_vehicles, incident_flag, recorded_at) VALUES (4, 18.8, 73.13, 89, FALSE, '2026-06-08 22:00:00');
INSERT INTO traffic_readings (road_id, vehicle_density, avg_speed_kmh, total_vehicles, incident_flag, recorded_at) VALUES (5, 31.21, 75.32, 29, FALSE, '2026-06-08 22:00:00');
INSERT INTO traffic_readings (road_id, vehicle_density, avg_speed_kmh, total_vehicles, incident_flag, recorded_at) VALUES (6, 32.16, 69.21, 101, FALSE, '2026-06-08 22:00:00');
INSERT INTO env_sensor_readings (zone_id, pm25, pm10, no2, co, o3, temperature, humidity, wind_speed, aqi, recorded_at) VALUES (1, 154.91, 185.89, 0.036, 1.248, 0.041, 21.33, 95.63, 0.39, 194.95, '2026-06-08 22:00:00');
INSERT INTO env_sensor_readings (zone_id, pm25, pm10, no2, co, o3, temperature, humidity, wind_speed, aqi, recorded_at) VALUES (2, 157.08, 188.5, 0.057, 0.714, 0.028, 22.5, 95.69, 0.47, 194.62, '2026-06-08 22:00:00');
INSERT INTO env_sensor_readings (zone_id, pm25, pm10, no2, co, o3, temperature, humidity, wind_speed, aqi, recorded_at) VALUES (3, 171.75, 206.1, 0.042, 1.228, 0.029, 21.74, 98.68, 0.79, 214.83, '2026-06-08 22:00:00');
INSERT INTO env_sensor_readings (zone_id, pm25, pm10, no2, co, o3, temperature, humidity, wind_speed, aqi, recorded_at) VALUES (4, 115.46, 138.55, 0.048, 0.754, 0.025, 22.93, 97.9, 0.66, 146.08, '2026-06-08 22:00:00');
INSERT INTO env_sensor_readings (zone_id, pm25, pm10, no2, co, o3, temperature, humidity, wind_speed, aqi, recorded_at) VALUES (5, 154.55, 185.46, 0.036, 0.725, 0.036, 22.11, 93.62, 0.69, 189.3, '2026-06-08 22:00:00');
INSERT INTO traffic_readings (road_id, vehicle_density, avg_speed_kmh, total_vehicles, incident_flag, recorded_at) VALUES (1, 31.58, 61.56, 122, FALSE, '2026-06-08 23:00:00');
INSERT INTO traffic_readings (road_id, vehicle_density, avg_speed_kmh, total_vehicles, incident_flag, recorded_at) VALUES (2, 22.33, 66.81, 131, FALSE, '2026-06-08 23:00:00');
INSERT INTO traffic_readings (road_id, vehicle_density, avg_speed_kmh, total_vehicles, incident_flag, recorded_at) VALUES (3, 33.77, 60.11, 82, FALSE, '2026-06-08 23:00:00');
INSERT INTO traffic_readings (road_id, vehicle_density, avg_speed_kmh, total_vehicles, incident_flag, recorded_at) VALUES (4, 33.4, 64.54, 75, FALSE, '2026-06-08 23:00:00');
INSERT INTO traffic_readings (road_id, vehicle_density, avg_speed_kmh, total_vehicles, incident_flag, recorded_at) VALUES (5, 17.42, 77.87, 72, FALSE, '2026-06-08 23:00:00');
INSERT INTO traffic_readings (road_id, vehicle_density, avg_speed_kmh, total_vehicles, incident_flag, recorded_at) VALUES (6, 19.33, 57.28, 116, FALSE, '2026-06-08 23:00:00');
INSERT INTO env_sensor_readings (zone_id, pm25, pm10, no2, co, o3, temperature, humidity, wind_speed, aqi, recorded_at) VALUES (1, 159.84, 191.81, 0.062, 0.624, 0.021, 22.39, 93.83, 0.59, 197.5, '2026-06-08 23:00:00');
INSERT INTO env_sensor_readings (zone_id, pm25, pm10, no2, co, o3, temperature, humidity, wind_speed, aqi, recorded_at) VALUES (2, 160.56, 192.67, 0.048, 0.505, 0.013, 22.67, 96.29, 0.61, 195.45, '2026-06-08 23:00:00');
INSERT INTO env_sensor_readings (zone_id, pm25, pm10, no2, co, o3, temperature, humidity, wind_speed, aqi, recorded_at) VALUES (3, 154.21, 185.05, 0.051, 0.6, 0.022, 21.1, 95.52, 0.66, 189.46, '2026-06-08 23:00:00');
INSERT INTO env_sensor_readings (zone_id, pm25, pm10, no2, co, o3, temperature, humidity, wind_speed, aqi, recorded_at) VALUES (4, 119.08, 142.9, 0.048, 0.6, 0.046, 21.03, 96.09, 0.27, 148.7, '2026-06-08 23:00:00');
INSERT INTO env_sensor_readings (zone_id, pm25, pm10, no2, co, o3, temperature, humidity, wind_speed, aqi, recorded_at) VALUES (5, 134.25, 161.1, 0.036, 0.886, 0.035, 21.83, 96.99, 0.16, 167.57, '2026-06-08 23:00:00');
INSERT INTO traffic_readings (road_id, vehicle_density, avg_speed_kmh, total_vehicles, incident_flag, recorded_at) VALUES (1, 34.42, 56.56, 92, FALSE, '2026-06-09 00:00:00');
INSERT INTO traffic_readings (road_id, vehicle_density, avg_speed_kmh, total_vehicles, incident_flag, recorded_at) VALUES (2, 30.09, 66.68, 27, FALSE, '2026-06-09 00:00:00');
INSERT INTO traffic_readings (road_id, vehicle_density, avg_speed_kmh, total_vehicles, incident_flag, recorded_at) VALUES (3, 22.81, 69.62, 72, FALSE, '2026-06-09 00:00:00');
INSERT INTO traffic_readings (road_id, vehicle_density, avg_speed_kmh, total_vehicles, incident_flag, recorded_at) VALUES (4, 12.37, 73.14, 69, FALSE, '2026-06-09 00:00:00');
INSERT INTO traffic_readings (road_id, vehicle_density, avg_speed_kmh, total_vehicles, incident_flag, recorded_at) VALUES (5, 27.11, 57.38, 99, FALSE, '2026-06-09 00:00:00');
INSERT INTO traffic_readings (road_id, vehicle_density, avg_speed_kmh, total_vehicles, incident_flag, recorded_at) VALUES (6, 19.65, 56.02, 94, FALSE, '2026-06-09 00:00:00');
INSERT INTO env_sensor_readings (zone_id, pm25, pm10, no2, co, o3, temperature, humidity, wind_speed, aqi, recorded_at) VALUES (1, 165.3, 198.36, 0.056, 1.247, 0.037, 21.96, 94.09, 0.19, 209.28, '2026-06-09 00:00:00');
INSERT INTO env_sensor_readings (zone_id, pm25, pm10, no2, co, o3, temperature, humidity, wind_speed, aqi, recorded_at) VALUES (2, 155.48, 186.58, 0.059, 1.349, 0.011, 22.58, 98.31, 0.32, 199.37, '2026-06-09 00:00:00');
INSERT INTO env_sensor_readings (zone_id, pm25, pm10, no2, co, o3, temperature, humidity, wind_speed, aqi, recorded_at) VALUES (3, 161.43, 193.72, 0.042, 0.858, 0.043, 21.07, 96.88, 0.3, 199.26, '2026-06-09 00:00:00');
INSERT INTO env_sensor_readings (zone_id, pm25, pm10, no2, co, o3, temperature, humidity, wind_speed, aqi, recorded_at) VALUES (4, 112.02, 134.42, 0.064, 0.543, 0.036, 22.6, 95.62, 0.38, 141.93, '2026-06-09 00:00:00');
INSERT INTO env_sensor_readings (zone_id, pm25, pm10, no2, co, o3, temperature, humidity, wind_speed, aqi, recorded_at) VALUES (5, 133.22, 159.86, 0.048, 1.361, 0.024, 22.38, 95.2, 0.66, 172.57, '2026-06-09 00:00:00');
INSERT INTO traffic_readings (road_id, vehicle_density, avg_speed_kmh, total_vehicles, incident_flag, recorded_at) VALUES (1, 18.13, 56.9, 79, FALSE, '2026-06-09 01:00:00');
INSERT INTO traffic_readings (road_id, vehicle_density, avg_speed_kmh, total_vehicles, incident_flag, recorded_at) VALUES (2, 25.86, 73.91, 94, FALSE, '2026-06-09 01:00:00');
INSERT INTO traffic_readings (road_id, vehicle_density, avg_speed_kmh, total_vehicles, incident_flag, recorded_at) VALUES (3, 14.36, 62.54, 62, FALSE, '2026-06-09 01:00:00');
INSERT INTO traffic_readings (road_id, vehicle_density, avg_speed_kmh, total_vehicles, incident_flag, recorded_at) VALUES (4, 25.86, 64.8, 113, FALSE, '2026-06-09 01:00:00');
INSERT INTO traffic_readings (road_id, vehicle_density, avg_speed_kmh, total_vehicles, incident_flag, recorded_at) VALUES (5, 22.28, 71.72, 70, FALSE, '2026-06-09 01:00:00');
INSERT INTO traffic_readings (road_id, vehicle_density, avg_speed_kmh, total_vehicles, incident_flag, recorded_at) VALUES (6, 22.0, 69.71, 126, FALSE, '2026-06-09 01:00:00');
INSERT INTO env_sensor_readings (zone_id, pm25, pm10, no2, co, o3, temperature, humidity, wind_speed, aqi, recorded_at) VALUES (1, 162.85, 195.42, 0.033, 1.074, 0.025, 22.36, 98.72, 0.2, 201.98, '2026-06-09 01:00:00');
INSERT INTO env_sensor_readings (zone_id, pm25, pm10, no2, co, o3, temperature, humidity, wind_speed, aqi, recorded_at) VALUES (2, 153.89, 184.67, 0.054, 1.203, 0.011, 22.56, 95.2, 0.37, 195.48, '2026-06-09 01:00:00');
INSERT INTO env_sensor_readings (zone_id, pm25, pm10, no2, co, o3, temperature, humidity, wind_speed, aqi, recorded_at) VALUES (3, 179.88, 215.86, 0.053, 1.045, 0.037, 21.74, 97.58, 0.5, 223.67, '2026-06-09 01:00:00');
INSERT INTO env_sensor_readings (zone_id, pm25, pm10, no2, co, o3, temperature, humidity, wind_speed, aqi, recorded_at) VALUES (4, 111.48, 133.78, 0.051, 0.858, 0.036, 21.23, 97.41, 0.45, 142.9, '2026-06-09 01:00:00');
INSERT INTO env_sensor_readings (zone_id, pm25, pm10, no2, co, o3, temperature, humidity, wind_speed, aqi, recorded_at) VALUES (5, 138.35, 166.02, 0.045, 1.006, 0.02, 21.89, 98.98, 0.3, 174.56, '2026-06-09 01:00:00');
INSERT INTO traffic_readings (road_id, vehicle_density, avg_speed_kmh, total_vehicles, incident_flag, recorded_at) VALUES (1, 33.08, 66.3, 40, FALSE, '2026-06-09 02:00:00');
INSERT INTO traffic_readings (road_id, vehicle_density, avg_speed_kmh, total_vehicles, incident_flag, recorded_at) VALUES (2, 13.7, 58.97, 116, FALSE, '2026-06-09 02:00:00');
INSERT INTO traffic_readings (road_id, vehicle_density, avg_speed_kmh, total_vehicles, incident_flag, recorded_at) VALUES (3, 14.02, 70.68, 133, FALSE, '2026-06-09 02:00:00');
INSERT INTO traffic_readings (road_id, vehicle_density, avg_speed_kmh, total_vehicles, incident_flag, recorded_at) VALUES (4, 27.36, 71.32, 95, FALSE, '2026-06-09 02:00:00');
INSERT INTO traffic_readings (road_id, vehicle_density, avg_speed_kmh, total_vehicles, incident_flag, recorded_at) VALUES (5, 32.5, 74.58, 116, FALSE, '2026-06-09 02:00:00');
INSERT INTO traffic_readings (road_id, vehicle_density, avg_speed_kmh, total_vehicles, incident_flag, recorded_at) VALUES (6, 28.11, 59.0, 71, FALSE, '2026-06-09 02:00:00');
INSERT INTO env_sensor_readings (zone_id, pm25, pm10, no2, co, o3, temperature, humidity, wind_speed, aqi, recorded_at) VALUES (1, 161.51, 193.81, 0.035, 0.681, 0.016, 21.05, 96.32, 0.36, 196.75, '2026-06-09 02:00:00');
INSERT INTO env_sensor_readings (zone_id, pm25, pm10, no2, co, o3, temperature, humidity, wind_speed, aqi, recorded_at) VALUES (2, 157.15, 188.58, 0.062, 0.996, 0.034, 21.62, 99.0, 0.6, 198.12, '2026-06-09 02:00:00');
INSERT INTO env_sensor_readings (zone_id, pm25, pm10, no2, co, o3, temperature, humidity, wind_speed, aqi, recorded_at) VALUES (3, 151.28, 181.54, 0.051, 1.192, 0.043, 22.94, 96.85, 0.41, 192.01, '2026-06-09 02:00:00');
INSERT INTO env_sensor_readings (zone_id, pm25, pm10, no2, co, o3, temperature, humidity, wind_speed, aqi, recorded_at) VALUES (4, 128.1, 153.72, 0.057, 0.81, 0.045, 22.28, 94.09, 0.78, 162.25, '2026-06-09 02:00:00');
INSERT INTO env_sensor_readings (zone_id, pm25, pm10, no2, co, o3, temperature, humidity, wind_speed, aqi, recorded_at) VALUES (5, 134.61, 161.53, 0.047, 1.32, 0.012, 21.31, 93.99, 0.33, 173.64, '2026-06-09 02:00:00');
INSERT INTO traffic_readings (road_id, vehicle_density, avg_speed_kmh, total_vehicles, incident_flag, recorded_at) VALUES (1, 28.31, 62.96, 91, FALSE, '2026-06-09 03:00:00');
INSERT INTO traffic_readings (road_id, vehicle_density, avg_speed_kmh, total_vehicles, incident_flag, recorded_at) VALUES (2, 31.46, 60.76, 106, FALSE, '2026-06-09 03:00:00');
INSERT INTO traffic_readings (road_id, vehicle_density, avg_speed_kmh, total_vehicles, incident_flag, recorded_at) VALUES (3, 18.31, 69.38, 103, FALSE, '2026-06-09 03:00:00');
INSERT INTO traffic_readings (road_id, vehicle_density, avg_speed_kmh, total_vehicles, incident_flag, recorded_at) VALUES (4, 23.56, 58.88, 99, FALSE, '2026-06-09 03:00:00');
INSERT INTO traffic_readings (road_id, vehicle_density, avg_speed_kmh, total_vehicles, incident_flag, recorded_at) VALUES (5, 27.15, 71.57, 102, FALSE, '2026-06-09 03:00:00');
INSERT INTO traffic_readings (road_id, vehicle_density, avg_speed_kmh, total_vehicles, incident_flag, recorded_at) VALUES (6, 33.25, 55.95, 135, FALSE, '2026-06-09 03:00:00');
INSERT INTO env_sensor_readings (zone_id, pm25, pm10, no2, co, o3, temperature, humidity, wind_speed, aqi, recorded_at) VALUES (1, 162.92, 195.5, 0.032, 1.077, 0.033, 22.53, 95.5, 0.55, 201.97, '2026-06-09 03:00:00');
INSERT INTO env_sensor_readings (zone_id, pm25, pm10, no2, co, o3, temperature, humidity, wind_speed, aqi, recorded_at) VALUES (2, 192.43, 230.92, 0.05, 1.064, 0.022, 21.97, 97.83, 0.58, 237.93, '2026-06-09 03:00:00');
INSERT INTO env_sensor_readings (zone_id, pm25, pm10, no2, co, o3, temperature, humidity, wind_speed, aqi, recorded_at) VALUES (3, 165.6, 198.72, 0.042, 0.566, 0.012, 21.97, 94.22, 0.52, 201.14, '2026-06-09 03:00:00');
INSERT INTO env_sensor_readings (zone_id, pm25, pm10, no2, co, o3, temperature, humidity, wind_speed, aqi, recorded_at) VALUES (4, 131.06, 157.27, 0.043, 1.147, 0.039, 22.95, 93.78, 0.36, 167.35, '2026-06-09 03:00:00');
INSERT INTO env_sensor_readings (zone_id, pm25, pm10, no2, co, o3, temperature, humidity, wind_speed, aqi, recorded_at) VALUES (5, 140.76, 168.91, 0.052, 0.787, 0.029, 21.5, 93.58, 0.3, 175.98, '2026-06-09 03:00:00');
INSERT INTO traffic_readings (road_id, vehicle_density, avg_speed_kmh, total_vehicles, incident_flag, recorded_at) VALUES (1, 47.68, 44.23, 313, FALSE, '2026-06-09 04:00:00');
INSERT INTO traffic_readings (road_id, vehicle_density, avg_speed_kmh, total_vehicles, incident_flag, recorded_at) VALUES (2, 58.05, 47.2, 397, FALSE, '2026-06-09 04:00:00');
INSERT INTO traffic_readings (road_id, vehicle_density, avg_speed_kmh, total_vehicles, incident_flag, recorded_at) VALUES (3, 43.8, 37.39, 381, FALSE, '2026-06-09 04:00:00');
INSERT INTO traffic_readings (road_id, vehicle_density, avg_speed_kmh, total_vehicles, incident_flag, recorded_at) VALUES (4, 57.58, 42.46, 273, FALSE, '2026-06-09 04:00:00');
INSERT INTO traffic_readings (road_id, vehicle_density, avg_speed_kmh, total_vehicles, incident_flag, recorded_at) VALUES (5, 50.11, 49.5, 305, FALSE, '2026-06-09 04:00:00');
INSERT INTO traffic_readings (road_id, vehicle_density, avg_speed_kmh, total_vehicles, incident_flag, recorded_at) VALUES (6, 40.97, 39.22, 402, FALSE, '2026-06-09 04:00:00');
INSERT INTO env_sensor_readings (zone_id, pm25, pm10, no2, co, o3, temperature, humidity, wind_speed, aqi, recorded_at) VALUES (1, 274.1, 328.92, 0.131, 2.78, 0.031, 21.86, 98.29, 0.1, 358.74, '2026-06-09 04:00:00');
INSERT INTO env_sensor_readings (zone_id, pm25, pm10, no2, co, o3, temperature, humidity, wind_speed, aqi, recorded_at) VALUES (2, 279.73, 335.68, 0.14, 2.583, 0.032, 22.01, 97.59, 0.1, 364.32, '2026-06-09 04:00:00');
INSERT INTO env_sensor_readings (zone_id, pm25, pm10, no2, co, o3, temperature, humidity, wind_speed, aqi, recorded_at) VALUES (3, 267.73, 321.28, 0.135, 2.532, 0.042, 22.88, 97.53, 0.1, 349.41, '2026-06-09 04:00:00');
INSERT INTO env_sensor_readings (zone_id, pm25, pm10, no2, co, o3, temperature, humidity, wind_speed, aqi, recorded_at) VALUES (4, 128.02, 153.62, 0.035, 0.8, 0.029, 22.21, 96.09, 0.33, 159.42, '2026-06-09 04:00:00');
INSERT INTO env_sensor_readings (zone_id, pm25, pm10, no2, co, o3, temperature, humidity, wind_speed, aqi, recorded_at) VALUES (5, 164.72, 197.66, 0.055, 0.646, 0.05, 21.6, 95.02, 0.68, 202.49, '2026-06-09 04:00:00');
INSERT INTO traffic_readings (road_id, vehicle_density, avg_speed_kmh, total_vehicles, incident_flag, recorded_at) VALUES (1, 50.65, 45.63, 326, FALSE, '2026-06-09 05:00:00');
INSERT INTO traffic_readings (road_id, vehicle_density, avg_speed_kmh, total_vehicles, incident_flag, recorded_at) VALUES (2, 40.33, 39.97, 278, FALSE, '2026-06-09 05:00:00');
INSERT INTO traffic_readings (road_id, vehicle_density, avg_speed_kmh, total_vehicles, incident_flag, recorded_at) VALUES (3, 51.67, 46.95, 435, FALSE, '2026-06-09 05:00:00');
INSERT INTO traffic_readings (road_id, vehicle_density, avg_speed_kmh, total_vehicles, incident_flag, recorded_at) VALUES (4, 52.59, 43.95, 317, FALSE, '2026-06-09 05:00:00');
INSERT INTO traffic_readings (road_id, vehicle_density, avg_speed_kmh, total_vehicles, incident_flag, recorded_at) VALUES (5, 55.66, 46.64, 397, FALSE, '2026-06-09 05:00:00');
INSERT INTO traffic_readings (road_id, vehicle_density, avg_speed_kmh, total_vehicles, incident_flag, recorded_at) VALUES (6, 41.03, 42.21, 384, FALSE, '2026-06-09 05:00:00');
INSERT INTO env_sensor_readings (zone_id, pm25, pm10, no2, co, o3, temperature, humidity, wind_speed, aqi, recorded_at) VALUES (1, 193.0, 231.6, 0.055, 1.257, 0.016, 21.06, 98.69, 0.18, 241.12, '2026-06-09 05:00:00');
INSERT INTO env_sensor_readings (zone_id, pm25, pm10, no2, co, o3, temperature, humidity, wind_speed, aqi, recorded_at) VALUES (2, 198.17, 237.8, 0.031, 0.782, 0.016, 21.82, 97.65, 0.74, 239.44, '2026-06-09 05:00:00');
INSERT INTO env_sensor_readings (zone_id, pm25, pm10, no2, co, o3, temperature, humidity, wind_speed, aqi, recorded_at) VALUES (3, 176.91, 212.29, 0.065, 1.162, 0.012, 21.41, 94.95, 0.56, 222.87, '2026-06-09 05:00:00');
INSERT INTO env_sensor_readings (zone_id, pm25, pm10, no2, co, o3, temperature, humidity, wind_speed, aqi, recorded_at) VALUES (4, 146.66, 175.99, 0.051, 0.782, 0.017, 21.68, 95.13, 0.64, 182.6, '2026-06-09 05:00:00');
INSERT INTO env_sensor_readings (zone_id, pm25, pm10, no2, co, o3, temperature, humidity, wind_speed, aqi, recorded_at) VALUES (5, 165.85, 199.02, 0.059, 1.079, 0.038, 21.38, 94.48, 0.49, 208.6, '2026-06-09 05:00:00');
INSERT INTO traffic_readings (road_id, vehicle_density, avg_speed_kmh, total_vehicles, incident_flag, recorded_at) VALUES (1, 79.5, 21.67, 852, FALSE, '2026-06-09 06:00:00');
INSERT INTO traffic_readings (road_id, vehicle_density, avg_speed_kmh, total_vehicles, incident_flag, recorded_at) VALUES (2, 89.1, 18.28, 950, FALSE, '2026-06-09 06:00:00');
INSERT INTO traffic_readings (road_id, vehicle_density, avg_speed_kmh, total_vehicles, incident_flag, recorded_at) VALUES (3, 81.98, 21.2, 1107, FALSE, '2026-06-09 06:00:00');
INSERT INTO traffic_readings (road_id, vehicle_density, avg_speed_kmh, total_vehicles, incident_flag, recorded_at) VALUES (4, 80.76, 16.88, 978, FALSE, '2026-06-09 06:00:00');
INSERT INTO traffic_readings (road_id, vehicle_density, avg_speed_kmh, total_vehicles, incident_flag, recorded_at) VALUES (5, 94.6, 19.82, 1095, FALSE, '2026-06-09 06:00:00');
INSERT INTO traffic_readings (road_id, vehicle_density, avg_speed_kmh, total_vehicles, incident_flag, recorded_at) VALUES (6, 80.81, 13.45, 1065, TRUE, '2026-06-09 06:00:00');
INSERT INTO env_sensor_readings (zone_id, pm25, pm10, no2, co, o3, temperature, humidity, wind_speed, aqi, recorded_at) VALUES (1, 78.27, 93.92, 0.107, 1.635, 0.04, 33.14, 54.88, 3.62, 119.2, '2026-06-09 06:00:00');
INSERT INTO env_sensor_readings (zone_id, pm25, pm10, no2, co, o3, temperature, humidity, wind_speed, aqi, recorded_at) VALUES (2, 71.15, 85.38, 0.066, 0.897, 0.04, 29.25, 66.29, 2.95, 98.71, '2026-06-09 06:00:00');
INSERT INTO env_sensor_readings (zone_id, pm25, pm10, no2, co, o3, temperature, humidity, wind_speed, aqi, recorded_at) VALUES (3, 80.61, 96.73, 0.062, 0.885, 0.023, 32.41, 52.47, 4.43, 108.99, '2026-06-09 06:00:00');
INSERT INTO env_sensor_readings (zone_id, pm25, pm10, no2, co, o3, temperature, humidity, wind_speed, aqi, recorded_at) VALUES (4, 66.95, 80.34, 0.11, 0.963, 0.036, 31.38, 61.71, 4.01, 99.82, '2026-06-09 06:00:00');
INSERT INTO env_sensor_readings (zone_id, pm25, pm10, no2, co, o3, temperature, humidity, wind_speed, aqi, recorded_at) VALUES (5, 75.53, 90.64, 0.066, 1.135, 0.012, 32.26, 54.18, 3.98, 106.13, '2026-06-09 06:00:00');
INSERT INTO traffic_readings (road_id, vehicle_density, avg_speed_kmh, total_vehicles, incident_flag, recorded_at) VALUES (1, 92.01, 10.45, 789, FALSE, '2026-06-09 07:00:00');
INSERT INTO traffic_readings (road_id, vehicle_density, avg_speed_kmh, total_vehicles, incident_flag, recorded_at) VALUES (2, 91.75, 21.21, 718, FALSE, '2026-06-09 07:00:00');
INSERT INTO traffic_readings (road_id, vehicle_density, avg_speed_kmh, total_vehicles, incident_flag, recorded_at) VALUES (3, 82.94, 15.94, 1083, FALSE, '2026-06-09 07:00:00');
INSERT INTO traffic_readings (road_id, vehicle_density, avg_speed_kmh, total_vehicles, incident_flag, recorded_at) VALUES (4, 93.52, 20.52, 704, FALSE, '2026-06-09 07:00:00');
INSERT INTO traffic_readings (road_id, vehicle_density, avg_speed_kmh, total_vehicles, incident_flag, recorded_at) VALUES (5, 87.06, 21.14, 871, FALSE, '2026-06-09 07:00:00');
INSERT INTO traffic_readings (road_id, vehicle_density, avg_speed_kmh, total_vehicles, incident_flag, recorded_at) VALUES (6, 94.78, 16.52, 952, FALSE, '2026-06-09 07:00:00');
INSERT INTO env_sensor_readings (zone_id, pm25, pm10, no2, co, o3, temperature, humidity, wind_speed, aqi, recorded_at) VALUES (1, 88.75, 106.5, 0.056, 1.431, 0.021, 30.65, 63.16, 3.8, 123.09, '2026-06-09 07:00:00');
INSERT INTO env_sensor_readings (zone_id, pm25, pm10, no2, co, o3, temperature, humidity, wind_speed, aqi, recorded_at) VALUES (2, 65.42, 78.5, 0.094, 0.77, 0.023, 32.37, 53.48, 3.72, 94.21, '2026-06-09 07:00:00');
INSERT INTO env_sensor_readings (zone_id, pm25, pm10, no2, co, o3, temperature, humidity, wind_speed, aqi, recorded_at) VALUES (3, 75.34, 90.41, 0.09, 1.297, 0.027, 31.0, 51.72, 4.46, 110.41, '2026-06-09 07:00:00');
INSERT INTO env_sensor_readings (zone_id, pm25, pm10, no2, co, o3, temperature, humidity, wind_speed, aqi, recorded_at) VALUES (4, 50.73, 60.88, 0.078, 2.013, 0.01, 31.23, 54.81, 3.16, 87.83, '2026-06-09 07:00:00');
INSERT INTO env_sensor_readings (zone_id, pm25, pm10, no2, co, o3, temperature, humidity, wind_speed, aqi, recorded_at) VALUES (5, 56.75, 68.1, 0.085, 1.524, 0.02, 30.18, 62.02, 3.43, 90.7, '2026-06-09 07:00:00');
INSERT INTO traffic_readings (road_id, vehicle_density, avg_speed_kmh, total_vehicles, incident_flag, recorded_at) VALUES (1, 78.19, 18.23, 1060, FALSE, '2026-06-09 08:00:00');
INSERT INTO traffic_readings (road_id, vehicle_density, avg_speed_kmh, total_vehicles, incident_flag, recorded_at) VALUES (2, 88.81, 17.66, 851, FALSE, '2026-06-09 08:00:00');
INSERT INTO traffic_readings (road_id, vehicle_density, avg_speed_kmh, total_vehicles, incident_flag, recorded_at) VALUES (3, 79.42, 21.49, 944, TRUE, '2026-06-09 08:00:00');
INSERT INTO traffic_readings (road_id, vehicle_density, avg_speed_kmh, total_vehicles, incident_flag, recorded_at) VALUES (4, 89.95, 17.27, 912, FALSE, '2026-06-09 08:00:00');
INSERT INTO traffic_readings (road_id, vehicle_density, avg_speed_kmh, total_vehicles, incident_flag, recorded_at) VALUES (5, 93.26, 19.09, 1110, FALSE, '2026-06-09 08:00:00');
INSERT INTO traffic_readings (road_id, vehicle_density, avg_speed_kmh, total_vehicles, incident_flag, recorded_at) VALUES (6, 79.37, 12.97, 1086, FALSE, '2026-06-09 08:00:00');
INSERT INTO env_sensor_readings (zone_id, pm25, pm10, no2, co, o3, temperature, humidity, wind_speed, aqi, recorded_at) VALUES (1, 87.69, 105.23, 0.098, 1.46, 0.031, 33.59, 52.02, 4.16, 127.2, '2026-06-09 08:00:00');
INSERT INTO env_sensor_readings (zone_id, pm25, pm10, no2, co, o3, temperature, humidity, wind_speed, aqi, recorded_at) VALUES (2, 65.5, 78.6, 0.106, 1.023, 0.031, 33.27, 57.95, 3.86, 98.27, '2026-06-09 08:00:00');
INSERT INTO env_sensor_readings (zone_id, pm25, pm10, no2, co, o3, temperature, humidity, wind_speed, aqi, recorded_at) VALUES (3, 74.67, 89.6, 0.094, 1.41, 0.046, 29.28, 52.37, 3.33, 111.25, '2026-06-09 08:00:00');
INSERT INTO env_sensor_readings (zone_id, pm25, pm10, no2, co, o3, temperature, humidity, wind_speed, aqi, recorded_at) VALUES (4, 54.41, 65.29, 0.085, 1.504, 0.037, 29.11, 54.58, 2.51, 87.81, '2026-06-09 08:00:00');
INSERT INTO env_sensor_readings (zone_id, pm25, pm10, no2, co, o3, temperature, humidity, wind_speed, aqi, recorded_at) VALUES (5, 71.84, 86.21, 0.062, 0.849, 0.027, 31.71, 51.08, 4.29, 98.55, '2026-06-09 08:00:00');
INSERT INTO traffic_readings (road_id, vehicle_density, avg_speed_kmh, total_vehicles, incident_flag, recorded_at) VALUES (1, 34.68, 65.86, 61, FALSE, '2026-06-09 09:00:00');
INSERT INTO traffic_readings (road_id, vehicle_density, avg_speed_kmh, total_vehicles, incident_flag, recorded_at) VALUES (2, 29.69, 72.61, 118, FALSE, '2026-06-09 09:00:00');
INSERT INTO traffic_readings (road_id, vehicle_density, avg_speed_kmh, total_vehicles, incident_flag, recorded_at) VALUES (3, 21.67, 77.84, 73, FALSE, '2026-06-09 09:00:00');
INSERT INTO traffic_readings (road_id, vehicle_density, avg_speed_kmh, total_vehicles, incident_flag, recorded_at) VALUES (4, 33.09, 63.68, 35, FALSE, '2026-06-09 09:00:00');
INSERT INTO traffic_readings (road_id, vehicle_density, avg_speed_kmh, total_vehicles, incident_flag, recorded_at) VALUES (5, 27.22, 67.4, 108, FALSE, '2026-06-09 09:00:00');
INSERT INTO traffic_readings (road_id, vehicle_density, avg_speed_kmh, total_vehicles, incident_flag, recorded_at) VALUES (6, 14.73, 77.84, 75, FALSE, '2026-06-09 09:00:00');
INSERT INTO env_sensor_readings (zone_id, pm25, pm10, no2, co, o3, temperature, humidity, wind_speed, aqi, recorded_at) VALUES (1, 28.97, 34.76, 0.059, 0.7, 0.01, 30.49, 62.12, 3.59, 47.4, '2026-06-09 09:00:00');
INSERT INTO env_sensor_readings (zone_id, pm25, pm10, no2, co, o3, temperature, humidity, wind_speed, aqi, recorded_at) VALUES (2, 47.59, 57.11, 0.051, 1.241, 0.02, 30.38, 66.87, 3.95, 73.26, '2026-06-09 09:00:00');
INSERT INTO env_sensor_readings (zone_id, pm25, pm10, no2, co, o3, temperature, humidity, wind_speed, aqi, recorded_at) VALUES (3, 57.47, 68.96, 0.035, 1.229, 0.027, 33.42, 50.28, 2.91, 82.58, '2026-06-09 09:00:00');
INSERT INTO env_sensor_readings (zone_id, pm25, pm10, no2, co, o3, temperature, humidity, wind_speed, aqi, recorded_at) VALUES (4, 40.75, 48.9, 0.034, 0.53, 0.034, 29.24, 63.33, 3.3, 56.24, '2026-06-09 09:00:00');
INSERT INTO env_sensor_readings (zone_id, pm25, pm10, no2, co, o3, temperature, humidity, wind_speed, aqi, recorded_at) VALUES (5, 30.01, 36.01, 0.039, 0.696, 0.045, 31.52, 55.21, 4.13, 46.15, '2026-06-09 09:00:00');
INSERT INTO traffic_readings (road_id, vehicle_density, avg_speed_kmh, total_vehicles, incident_flag, recorded_at) VALUES (1, 28.82, 62.33, 101, FALSE, '2026-06-09 10:00:00');
INSERT INTO traffic_readings (road_id, vehicle_density, avg_speed_kmh, total_vehicles, incident_flag, recorded_at) VALUES (2, 30.82, 60.45, 137, FALSE, '2026-06-09 10:00:00');
INSERT INTO traffic_readings (road_id, vehicle_density, avg_speed_kmh, total_vehicles, incident_flag, recorded_at) VALUES (3, 27.18, 60.08, 63, FALSE, '2026-06-09 10:00:00');
INSERT INTO traffic_readings (road_id, vehicle_density, avg_speed_kmh, total_vehicles, incident_flag, recorded_at) VALUES (4, 24.8, 68.61, 119, FALSE, '2026-06-09 10:00:00');
INSERT INTO traffic_readings (road_id, vehicle_density, avg_speed_kmh, total_vehicles, incident_flag, recorded_at) VALUES (5, 26.4, 64.83, 88, FALSE, '2026-06-09 10:00:00');
INSERT INTO traffic_readings (road_id, vehicle_density, avg_speed_kmh, total_vehicles, incident_flag, recorded_at) VALUES (6, 19.92, 69.8, 73, FALSE, '2026-06-09 10:00:00');
INSERT INTO env_sensor_readings (zone_id, pm25, pm10, no2, co, o3, temperature, humidity, wind_speed, aqi, recorded_at) VALUES (1, 38.76, 46.51, 0.043, 0.875, 0.016, 32.77, 58.52, 4.2, 58.48, '2026-06-09 10:00:00');
INSERT INTO env_sensor_readings (zone_id, pm25, pm10, no2, co, o3, temperature, humidity, wind_speed, aqi, recorded_at) VALUES (2, 66.68, 80.02, 0.042, 1.137, 0.042, 31.81, 67.42, 3.61, 93.09, '2026-06-09 10:00:00');
INSERT INTO env_sensor_readings (zone_id, pm25, pm10, no2, co, o3, temperature, humidity, wind_speed, aqi, recorded_at) VALUES (3, 53.43, 64.12, 0.035, 0.719, 0.018, 33.61, 65.25, 2.68, 72.83, '2026-06-09 10:00:00');
INSERT INTO env_sensor_readings (zone_id, pm25, pm10, no2, co, o3, temperature, humidity, wind_speed, aqi, recorded_at) VALUES (4, 39.64, 47.57, 0.059, 0.671, 0.021, 32.01, 65.73, 2.88, 59.38, '2026-06-09 10:00:00');
INSERT INTO env_sensor_readings (zone_id, pm25, pm10, no2, co, o3, temperature, humidity, wind_speed, aqi, recorded_at) VALUES (5, 43.96, 52.75, 0.06, 1.152, 0.032, 33.35, 55.99, 4.41, 69.27, '2026-06-09 10:00:00');
INSERT INTO traffic_readings (road_id, vehicle_density, avg_speed_kmh, total_vehicles, incident_flag, recorded_at) VALUES (1, 12.35, 76.55, 119, FALSE, '2026-06-09 11:00:00');
INSERT INTO traffic_readings (road_id, vehicle_density, avg_speed_kmh, total_vehicles, incident_flag, recorded_at) VALUES (2, 34.99, 66.02, 56, FALSE, '2026-06-09 11:00:00');
INSERT INTO traffic_readings (road_id, vehicle_density, avg_speed_kmh, total_vehicles, incident_flag, recorded_at) VALUES (3, 28.19, 64.12, 55, FALSE, '2026-06-09 11:00:00');
INSERT INTO traffic_readings (road_id, vehicle_density, avg_speed_kmh, total_vehicles, incident_flag, recorded_at) VALUES (4, 29.84, 63.76, 93, FALSE, '2026-06-09 11:00:00');
INSERT INTO traffic_readings (road_id, vehicle_density, avg_speed_kmh, total_vehicles, incident_flag, recorded_at) VALUES (5, 19.09, 63.27, 137, FALSE, '2026-06-09 11:00:00');
INSERT INTO traffic_readings (road_id, vehicle_density, avg_speed_kmh, total_vehicles, incident_flag, recorded_at) VALUES (6, 14.27, 77.57, 85, FALSE, '2026-06-09 11:00:00');
INSERT INTO env_sensor_readings (zone_id, pm25, pm10, no2, co, o3, temperature, humidity, wind_speed, aqi, recorded_at) VALUES (1, 31.24, 37.49, 0.043, 0.683, 0.023, 33.32, 63.34, 2.53, 47.92, '2026-06-09 11:00:00');
INSERT INTO env_sensor_readings (zone_id, pm25, pm10, no2, co, o3, temperature, humidity, wind_speed, aqi, recorded_at) VALUES (2, 43.91, 52.69, 0.052, 1.026, 0.039, 29.98, 54.14, 3.64, 67.0, '2026-06-09 11:00:00');
INSERT INTO env_sensor_readings (zone_id, pm25, pm10, no2, co, o3, temperature, humidity, wind_speed, aqi, recorded_at) VALUES (3, 43.52, 52.22, 0.04, 0.996, 0.048, 32.82, 58.8, 3.95, 64.81, '2026-06-09 11:00:00');
INSERT INTO env_sensor_readings (zone_id, pm25, pm10, no2, co, o3, temperature, humidity, wind_speed, aqi, recorded_at) VALUES (4, 33.51, 40.21, 0.06, 0.915, 0.039, 29.7, 59.84, 2.87, 54.89, '2026-06-09 11:00:00');
INSERT INTO env_sensor_readings (zone_id, pm25, pm10, no2, co, o3, temperature, humidity, wind_speed, aqi, recorded_at) VALUES (5, 44.47, 53.36, 0.066, 1.391, 0.048, 33.2, 51.34, 4.14, 72.97, '2026-06-09 11:00:00');
INSERT INTO traffic_readings (road_id, vehicle_density, avg_speed_kmh, total_vehicles, incident_flag, recorded_at) VALUES (1, 13.12, 55.15, 42, FALSE, '2026-06-09 12:00:00');
INSERT INTO traffic_readings (road_id, vehicle_density, avg_speed_kmh, total_vehicles, incident_flag, recorded_at) VALUES (2, 17.32, 71.26, 26, FALSE, '2026-06-09 12:00:00');
INSERT INTO traffic_readings (road_id, vehicle_density, avg_speed_kmh, total_vehicles, incident_flag, recorded_at) VALUES (3, 22.49, 56.39, 106, FALSE, '2026-06-09 12:00:00');
INSERT INTO traffic_readings (road_id, vehicle_density, avg_speed_kmh, total_vehicles, incident_flag, recorded_at) VALUES (4, 26.18, 66.11, 87, TRUE, '2026-06-09 12:00:00');
INSERT INTO traffic_readings (road_id, vehicle_density, avg_speed_kmh, total_vehicles, incident_flag, recorded_at) VALUES (5, 24.24, 64.46, 27, FALSE, '2026-06-09 12:00:00');
INSERT INTO traffic_readings (road_id, vehicle_density, avg_speed_kmh, total_vehicles, incident_flag, recorded_at) VALUES (6, 18.32, 77.48, 27, FALSE, '2026-06-09 12:00:00');
INSERT INTO env_sensor_readings (zone_id, pm25, pm10, no2, co, o3, temperature, humidity, wind_speed, aqi, recorded_at) VALUES (1, 31.21, 37.45, 0.058, 0.888, 0.048, 33.59, 59.44, 2.98, 51.73, '2026-06-09 12:00:00');
INSERT INTO env_sensor_readings (zone_id, pm25, pm10, no2, co, o3, temperature, humidity, wind_speed, aqi, recorded_at) VALUES (2, 59.18, 71.02, 0.055, 0.727, 0.024, 29.4, 67.27, 3.42, 81.93, '2026-06-09 12:00:00');
INSERT INTO env_sensor_readings (zone_id, pm25, pm10, no2, co, o3, temperature, humidity, wind_speed, aqi, recorded_at) VALUES (3, 60.44, 72.53, 0.04, 1.128, 0.022, 29.4, 67.85, 3.8, 85.59, '2026-06-09 12:00:00');
INSERT INTO env_sensor_readings (zone_id, pm25, pm10, no2, co, o3, temperature, humidity, wind_speed, aqi, recorded_at) VALUES (4, 33.82, 40.58, 0.031, 0.865, 0.025, 32.18, 62.65, 2.67, 51.26, '2026-06-09 12:00:00');
INSERT INTO env_sensor_readings (zone_id, pm25, pm10, no2, co, o3, temperature, humidity, wind_speed, aqi, recorded_at) VALUES (5, 56.77, 68.12, 0.064, 1.08, 0.023, 33.87, 66.11, 4.34, 83.77, '2026-06-09 12:00:00');
INSERT INTO traffic_readings (road_id, vehicle_density, avg_speed_kmh, total_vehicles, incident_flag, recorded_at) VALUES (1, 17.28, 75.73, 113, FALSE, '2026-06-09 13:00:00');
INSERT INTO traffic_readings (road_id, vehicle_density, avg_speed_kmh, total_vehicles, incident_flag, recorded_at) VALUES (2, 22.94, 56.07, 34, FALSE, '2026-06-09 13:00:00');
INSERT INTO traffic_readings (road_id, vehicle_density, avg_speed_kmh, total_vehicles, incident_flag, recorded_at) VALUES (3, 18.45, 67.49, 109, FALSE, '2026-06-09 13:00:00');
INSERT INTO traffic_readings (road_id, vehicle_density, avg_speed_kmh, total_vehicles, incident_flag, recorded_at) VALUES (4, 33.36, 62.23, 51, FALSE, '2026-06-09 13:00:00');
INSERT INTO traffic_readings (road_id, vehicle_density, avg_speed_kmh, total_vehicles, incident_flag, recorded_at) VALUES (5, 29.3, 71.39, 75, FALSE, '2026-06-09 13:00:00');
INSERT INTO traffic_readings (road_id, vehicle_density, avg_speed_kmh, total_vehicles, incident_flag, recorded_at) VALUES (6, 18.88, 67.97, 97, FALSE, '2026-06-09 13:00:00');
INSERT INTO env_sensor_readings (zone_id, pm25, pm10, no2, co, o3, temperature, humidity, wind_speed, aqi, recorded_at) VALUES (1, 49.14, 58.97, 0.046, 1.307, 0.023, 29.7, 67.79, 3.95, 75.1, '2026-06-09 13:00:00');
INSERT INTO env_sensor_readings (zone_id, pm25, pm10, no2, co, o3, temperature, humidity, wind_speed, aqi, recorded_at) VALUES (2, 47.81, 57.37, 0.05, 1.377, 0.012, 33.19, 56.13, 4.04, 74.75, '2026-06-09 13:00:00');
INSERT INTO env_sensor_readings (zone_id, pm25, pm10, no2, co, o3, temperature, humidity, wind_speed, aqi, recorded_at) VALUES (3, 35.58, 42.7, 0.068, 0.857, 0.041, 30.37, 67.87, 3.48, 57.65, '2026-06-09 13:00:00');
INSERT INTO env_sensor_readings (zone_id, pm25, pm10, no2, co, o3, temperature, humidity, wind_speed, aqi, recorded_at) VALUES (4, 39.48, 47.38, 0.044, 1.347, 0.027, 32.3, 51.54, 3.74, 64.15, '2026-06-09 13:00:00');
INSERT INTO env_sensor_readings (zone_id, pm25, pm10, no2, co, o3, temperature, humidity, wind_speed, aqi, recorded_at) VALUES (5, 33.14, 39.77, 0.062, 1.142, 0.013, 32.56, 61.41, 3.98, 56.97, '2026-06-09 13:00:00');
INSERT INTO traffic_readings (road_id, vehicle_density, avg_speed_kmh, total_vehicles, incident_flag, recorded_at) VALUES (1, 19.28, 57.45, 25, FALSE, '2026-06-09 14:00:00');
INSERT INTO traffic_readings (road_id, vehicle_density, avg_speed_kmh, total_vehicles, incident_flag, recorded_at) VALUES (2, 22.23, 72.51, 38, FALSE, '2026-06-09 14:00:00');
INSERT INTO traffic_readings (road_id, vehicle_density, avg_speed_kmh, total_vehicles, incident_flag, recorded_at) VALUES (3, 16.31, 65.32, 96, FALSE, '2026-06-09 14:00:00');
INSERT INTO traffic_readings (road_id, vehicle_density, avg_speed_kmh, total_vehicles, incident_flag, recorded_at) VALUES (4, 14.38, 57.06, 95, FALSE, '2026-06-09 14:00:00');
INSERT INTO traffic_readings (road_id, vehicle_density, avg_speed_kmh, total_vehicles, incident_flag, recorded_at) VALUES (5, 25.76, 62.46, 74, TRUE, '2026-06-09 14:00:00');
INSERT INTO traffic_readings (road_id, vehicle_density, avg_speed_kmh, total_vehicles, incident_flag, recorded_at) VALUES (6, 21.52, 72.92, 117, FALSE, '2026-06-09 14:00:00');
INSERT INTO env_sensor_readings (zone_id, pm25, pm10, no2, co, o3, temperature, humidity, wind_speed, aqi, recorded_at) VALUES (1, 32.79, 39.35, 0.066, 1.38, 0.033, 30.9, 52.5, 3.1, 59.43, '2026-06-09 14:00:00');
INSERT INTO env_sensor_readings (zone_id, pm25, pm10, no2, co, o3, temperature, humidity, wind_speed, aqi, recorded_at) VALUES (2, 47.42, 56.9, 0.05, 0.557, 0.027, 31.42, 51.38, 3.0, 66.1, '2026-06-09 14:00:00');
INSERT INTO env_sensor_readings (zone_id, pm25, pm10, no2, co, o3, temperature, humidity, wind_speed, aqi, recorded_at) VALUES (3, 40.36, 48.43, 0.04, 1.063, 0.034, 29.53, 55.48, 4.4, 61.84, '2026-06-09 14:00:00');
INSERT INTO env_sensor_readings (zone_id, pm25, pm10, no2, co, o3, temperature, humidity, wind_speed, aqi, recorded_at) VALUES (4, 31.58, 37.9, 0.043, 1.058, 0.042, 30.67, 64.68, 4.22, 52.06, '2026-06-09 14:00:00');
INSERT INTO env_sensor_readings (zone_id, pm25, pm10, no2, co, o3, temperature, humidity, wind_speed, aqi, recorded_at) VALUES (5, 56.16, 67.39, 0.069, 0.623, 0.023, 30.0, 55.66, 4.43, 79.09, '2026-06-09 14:00:00');
INSERT INTO traffic_readings (road_id, vehicle_density, avg_speed_kmh, total_vehicles, incident_flag, recorded_at) VALUES (1, 34.28, 61.7, 113, FALSE, '2026-06-09 15:00:00');
INSERT INTO traffic_readings (road_id, vehicle_density, avg_speed_kmh, total_vehicles, incident_flag, recorded_at) VALUES (2, 34.26, 72.99, 66, FALSE, '2026-06-09 15:00:00');
INSERT INTO traffic_readings (road_id, vehicle_density, avg_speed_kmh, total_vehicles, incident_flag, recorded_at) VALUES (3, 30.78, 64.04, 39, FALSE, '2026-06-09 15:00:00');
INSERT INTO traffic_readings (road_id, vehicle_density, avg_speed_kmh, total_vehicles, incident_flag, recorded_at) VALUES (4, 16.6, 77.94, 48, FALSE, '2026-06-09 15:00:00');
INSERT INTO traffic_readings (road_id, vehicle_density, avg_speed_kmh, total_vehicles, incident_flag, recorded_at) VALUES (5, 24.65, 76.92, 84, FALSE, '2026-06-09 15:00:00');
INSERT INTO traffic_readings (road_id, vehicle_density, avg_speed_kmh, total_vehicles, incident_flag, recorded_at) VALUES (6, 16.82, 73.35, 131, FALSE, '2026-06-09 15:00:00');
INSERT INTO env_sensor_readings (zone_id, pm25, pm10, no2, co, o3, temperature, humidity, wind_speed, aqi, recorded_at) VALUES (1, 43.58, 52.3, 0.063, 1.216, 0.026, 32.17, 54.36, 3.82, 69.84, '2026-06-09 15:00:00');
INSERT INTO env_sensor_readings (zone_id, pm25, pm10, no2, co, o3, temperature, humidity, wind_speed, aqi, recorded_at) VALUES (2, 66.84, 80.21, 0.059, 1.21, 0.013, 31.4, 57.21, 3.51, 96.05, '2026-06-09 15:00:00');
INSERT INTO env_sensor_readings (zone_id, pm25, pm10, no2, co, o3, temperature, humidity, wind_speed, aqi, recorded_at) VALUES (3, 57.18, 68.62, 0.067, 1.123, 0.032, 30.8, 66.12, 3.57, 85.03, '2026-06-09 15:00:00');
INSERT INTO env_sensor_readings (zone_id, pm25, pm10, no2, co, o3, temperature, humidity, wind_speed, aqi, recorded_at) VALUES (4, 39.19, 47.03, 0.056, 0.576, 0.041, 30.78, 61.65, 2.59, 57.55, '2026-06-09 15:00:00');
INSERT INTO env_sensor_readings (zone_id, pm25, pm10, no2, co, o3, temperature, humidity, wind_speed, aqi, recorded_at) VALUES (5, 49.52, 59.42, 0.069, 1.11, 0.026, 33.83, 57.75, 2.52, 76.33, '2026-06-09 15:00:00');
INSERT INTO env_sensor_readings (zone_id, pm25, pm10, no2, co, o3, temperature, humidity, wind_speed, aqi, recorded_at) VALUES (1, 39.51, 47.41, 0.04, 0.96, 0.031, 31.88, 58.02, 3.28, 59.84, '2026-06-09 16:00:00');
INSERT INTO env_sensor_readings (zone_id, pm25, pm10, no2, co, o3, temperature, humidity, wind_speed, aqi, recorded_at) VALUES (2, 43.71, 52.45, 0.061, 1.03, 0.03, 29.12, 51.88, 3.33, 67.89, '2026-06-09 16:00:00');
INSERT INTO env_sensor_readings (zone_id, pm25, pm10, no2, co, o3, temperature, humidity, wind_speed, aqi, recorded_at) VALUES (3, 35.68, 42.82, 0.068, 0.604, 0.048, 30.56, 58.2, 2.91, 55.23, '2026-06-09 16:00:00');
INSERT INTO env_sensor_readings (zone_id, pm25, pm10, no2, co, o3, temperature, humidity, wind_speed, aqi, recorded_at) VALUES (4, 38.18, 45.82, 0.049, 0.929, 0.028, 30.59, 55.4, 4.12, 59.08, '2026-06-09 16:00:00');
INSERT INTO env_sensor_readings (zone_id, pm25, pm10, no2, co, o3, temperature, humidity, wind_speed, aqi, recorded_at) VALUES (5, 46.12, 55.34, 0.035, 1.264, 0.036, 29.82, 67.71, 2.99, 69.88, '2026-06-09 16:00:00');
INSERT INTO env_sensor_readings (zone_id, pm25, pm10, no2, co, o3, temperature, humidity, wind_speed, aqi, recorded_at) VALUES (1, 48.96, 58.75, 0.059, 0.966, 0.032, 30.16, 57.29, 2.87, 73.04, '2026-06-09 17:00:00');
INSERT INTO env_sensor_readings (zone_id, pm25, pm10, no2, co, o3, temperature, humidity, wind_speed, aqi, recorded_at) VALUES (2, 52.46, 62.95, 0.09, 1.333, 0.011, 29.99, 60.66, 3.28, 84.46, '2026-06-09 17:00:00');
INSERT INTO env_sensor_readings (zone_id, pm25, pm10, no2, co, o3, temperature, humidity, wind_speed, aqi, recorded_at) VALUES (3, 56.52, 67.82, 0.093, 1.028, 0.04, 29.31, 51.83, 4.24, 86.44, '2026-06-09 17:00:00');
INSERT INTO env_sensor_readings (zone_id, pm25, pm10, no2, co, o3, temperature, humidity, wind_speed, aqi, recorded_at) VALUES (4, 28.4, 34.08, 0.059, 1.19, 0.028, 33.31, 59.5, 3.78, 51.64, '2026-06-09 17:00:00');
INSERT INTO env_sensor_readings (zone_id, pm25, pm10, no2, co, o3, temperature, humidity, wind_speed, aqi, recorded_at) VALUES (5, 37.07, 44.48, 0.086, 1.575, 0.033, 33.23, 61.11, 4.13, 68.7, '2026-06-09 17:00:00');
INSERT INTO env_sensor_readings (zone_id, pm25, pm10, no2, co, o3, temperature, humidity, wind_speed, aqi, recorded_at) VALUES (1, 27.12, 32.54, 0.093, 1.152, 0.035, 29.67, 52.12, 3.11, 53.87, '2026-06-09 18:00:00');
INSERT INTO env_sensor_readings (zone_id, pm25, pm10, no2, co, o3, temperature, humidity, wind_speed, aqi, recorded_at) VALUES (2, 46.09, 55.31, 0.059, 1.686, 0.03, 29.69, 56.91, 2.87, 76.94, '2026-06-09 18:00:00');
INSERT INTO env_sensor_readings (zone_id, pm25, pm10, no2, co, o3, temperature, humidity, wind_speed, aqi, recorded_at) VALUES (3, 62.5, 75.0, 0.088, 1.686, 0.036, 31.77, 58.81, 2.78, 99.3, '2026-06-09 18:00:00');
INSERT INTO env_sensor_readings (zone_id, pm25, pm10, no2, co, o3, temperature, humidity, wind_speed, aqi, recorded_at) VALUES (4, 30.58, 36.7, 0.069, 1.359, 0.012, 29.05, 52.46, 4.13, 57.04, '2026-06-09 18:00:00');
INSERT INTO env_sensor_readings (zone_id, pm25, pm10, no2, co, o3, temperature, humidity, wind_speed, aqi, recorded_at) VALUES (5, 46.33, 55.6, 0.11, 1.432, 0.03, 31.08, 65.12, 3.48, 80.8, '2026-06-09 18:00:00');
INSERT INTO env_sensor_readings (zone_id, pm25, pm10, no2, co, o3, temperature, humidity, wind_speed, aqi, recorded_at) VALUES (1, 32.3, 38.76, 0.053, 0.792, 0.04, 30.37, 59.68, 2.84, 51.42, '2026-06-09 19:00:00');
INSERT INTO env_sensor_readings (zone_id, pm25, pm10, no2, co, o3, temperature, humidity, wind_speed, aqi, recorded_at) VALUES (2, 50.37, 60.44, 0.077, 1.752, 0.041, 29.57, 52.06, 4.05, 84.69, '2026-06-09 19:00:00');
INSERT INTO env_sensor_readings (zone_id, pm25, pm10, no2, co, o3, temperature, humidity, wind_speed, aqi, recorded_at) VALUES (3, 32.55, 39.06, 0.101, 1.245, 0.043, 32.59, 59.83, 4.48, 62.0, '2026-06-09 19:00:00');
INSERT INTO env_sensor_readings (zone_id, pm25, pm10, no2, co, o3, temperature, humidity, wind_speed, aqi, recorded_at) VALUES (4, 29.2, 35.04, 0.054, 1.871, 0.04, 34.0, 58.1, 3.2, 58.77, '2026-06-09 19:00:00');
INSERT INTO env_sensor_readings (zone_id, pm25, pm10, no2, co, o3, temperature, humidity, wind_speed, aqi, recorded_at) VALUES (5, 48.83, 58.6, 0.101, 1.343, 0.05, 30.18, 64.59, 3.68, 81.7, '2026-06-09 19:00:00');
INSERT INTO env_sensor_readings (zone_id, pm25, pm10, no2, co, o3, temperature, humidity, wind_speed, aqi, recorded_at) VALUES (1, 29.15, 34.98, 0.044, 1.14, 0.035, 29.7, 53.72, 2.91, 50.2, '2026-06-09 20:00:00');
INSERT INTO env_sensor_readings (zone_id, pm25, pm10, no2, co, o3, temperature, humidity, wind_speed, aqi, recorded_at) VALUES (2, 50.01, 60.01, 0.032, 0.816, 0.021, 30.62, 62.67, 3.08, 69.51, '2026-06-09 20:00:00');
INSERT INTO env_sensor_readings (zone_id, pm25, pm10, no2, co, o3, temperature, humidity, wind_speed, aqi, recorded_at) VALUES (3, 52.48, 62.98, 0.041, 1.272, 0.049, 29.48, 67.33, 4.07, 77.99, '2026-06-09 20:00:00');
INSERT INTO env_sensor_readings (zone_id, pm25, pm10, no2, co, o3, temperature, humidity, wind_speed, aqi, recorded_at) VALUES (4, 25.35, 30.42, 0.067, 1.393, 0.045, 33.33, 54.49, 3.92, 51.12, '2026-06-09 20:00:00');
INSERT INTO env_sensor_readings (zone_id, pm25, pm10, no2, co, o3, temperature, humidity, wind_speed, aqi, recorded_at) VALUES (5, 40.96, 49.15, 0.063, 1.185, 0.037, 31.89, 54.84, 3.33, 66.51, '2026-06-09 20:00:00');
INSERT INTO env_sensor_readings (zone_id, pm25, pm10, no2, co, o3, temperature, humidity, wind_speed, aqi, recorded_at) VALUES (1, 27.33, 32.8, 0.048, 1.07, 0.045, 31.58, 55.01, 4.37, 47.89, '2026-06-09 21:00:00');
INSERT INTO env_sensor_readings (zone_id, pm25, pm10, no2, co, o3, temperature, humidity, wind_speed, aqi, recorded_at) VALUES (2, 32.58, 39.1, 0.045, 1.355, 0.023, 32.87, 63.19, 3.96, 56.42, '2026-06-09 21:00:00');
INSERT INTO env_sensor_readings (zone_id, pm25, pm10, no2, co, o3, temperature, humidity, wind_speed, aqi, recorded_at) VALUES (3, 33.23, 39.88, 0.048, 1.098, 0.024, 31.67, 53.92, 3.36, 54.95, '2026-06-09 21:00:00');
INSERT INTO env_sensor_readings (zone_id, pm25, pm10, no2, co, o3, temperature, humidity, wind_speed, aqi, recorded_at) VALUES (4, 30.1, 36.12, 0.038, 0.742, 0.043, 31.89, 60.19, 3.47, 46.6, '2026-06-09 21:00:00');
INSERT INTO env_sensor_readings (zone_id, pm25, pm10, no2, co, o3, temperature, humidity, wind_speed, aqi, recorded_at) VALUES (5, 30.24, 36.29, 0.044, 1.114, 0.012, 32.92, 58.27, 2.75, 51.2, '2026-06-09 21:00:00');
INSERT INTO env_sensor_readings (zone_id, pm25, pm10, no2, co, o3, temperature, humidity, wind_speed, aqi, recorded_at) VALUES (1, 138.74, 166.49, 0.064, 0.897, 0.01, 21.4, 97.13, 0.19, 176.2, '2026-06-09 22:00:00');
INSERT INTO env_sensor_readings (zone_id, pm25, pm10, no2, co, o3, temperature, humidity, wind_speed, aqi, recorded_at) VALUES (2, 153.69, 184.43, 0.056, 0.643, 0.047, 22.31, 94.5, 0.36, 189.89, '2026-06-09 22:00:00');
INSERT INTO env_sensor_readings (zone_id, pm25, pm10, no2, co, o3, temperature, humidity, wind_speed, aqi, recorded_at) VALUES (3, 148.96, 178.75, 0.066, 0.649, 0.026, 22.4, 94.4, 0.56, 185.71, '2026-06-09 22:00:00');
INSERT INTO env_sensor_readings (zone_id, pm25, pm10, no2, co, o3, temperature, humidity, wind_speed, aqi, recorded_at) VALUES (4, 102.58, 123.1, 0.058, 0.501, 0.029, 21.45, 97.08, 0.11, 129.94, '2026-06-09 22:00:00');
INSERT INTO env_sensor_readings (zone_id, pm25, pm10, no2, co, o3, temperature, humidity, wind_speed, aqi, recorded_at) VALUES (5, 134.94, 161.93, 0.058, 1.235, 0.05, 21.26, 93.42, 0.37, 174.49, '2026-06-09 22:00:00');
INSERT INTO env_sensor_readings (zone_id, pm25, pm10, no2, co, o3, temperature, humidity, wind_speed, aqi, recorded_at) VALUES (1, 136.43, 163.72, 0.059, 0.592, 0.023, 21.27, 97.64, 0.63, 169.89, '2026-06-09 23:00:00');
INSERT INTO env_sensor_readings (zone_id, pm25, pm10, no2, co, o3, temperature, humidity, wind_speed, aqi, recorded_at) VALUES (2, 163.69, 196.43, 0.035, 1.394, 0.016, 21.02, 96.9, 0.41, 206.38, '2026-06-09 23:00:00');
INSERT INTO env_sensor_readings (zone_id, pm25, pm10, no2, co, o3, temperature, humidity, wind_speed, aqi, recorded_at) VALUES (3, 152.94, 183.53, 0.059, 1.065, 0.016, 22.37, 98.16, 0.16, 193.61, '2026-06-09 23:00:00');
INSERT INTO env_sensor_readings (zone_id, pm25, pm10, no2, co, o3, temperature, humidity, wind_speed, aqi, recorded_at) VALUES (4, 109.37, 131.24, 0.034, 1.177, 0.034, 22.93, 94.89, 0.2, 141.63, '2026-06-09 23:00:00');
INSERT INTO env_sensor_readings (zone_id, pm25, pm10, no2, co, o3, temperature, humidity, wind_speed, aqi, recorded_at) VALUES (5, 140.8, 168.96, 0.041, 0.576, 0.032, 22.22, 97.67, 0.58, 172.6, '2026-06-09 23:00:00');

-- 6. CITIZEN REPORTS (COUPLED TO AQI SPIKES)
INSERT INTO citizen_reports (id, citizen_id, category, description, zone_id, status) VALUES (1, 43, 'Fasilitas Publik', 'Lampu penerangan jalan umum mati, rawan kecelakaan.', 2, 'resolved');
INSERT INTO citizen_reports (id, citizen_id, category, description, zone_id, status, created_at) VALUES (2, 39, 'Kesehatan', 'Anak saya mendadak batuk-batuk parah setelah berangkat sekolah subuh tadi.', 1, 'pending', '2026-06-09 05:15:00');
INSERT INTO citizen_reports (id, citizen_id, category, description, zone_id, status, created_at) VALUES (3, 42, 'Kesehatan', 'Jarak pandang terganggu akibat kabut inversi beracun subuh hari.', 5, 'pending', '2026-06-08 05:15:00');
INSERT INTO citizen_reports (id, citizen_id, category, description, zone_id, status, created_at) VALUES (4, 25, 'Kesehatan', 'Tenggorokan sakit luar biasa sepulang komuter motoran dari arah Jakarta subuh ini.', 5, 'pending', '2026-06-09 05:15:00');
INSERT INTO citizen_reports (id, citizen_id, category, description, zone_id, status, created_at) VALUES (5, 5, 'Kesehatan', 'Anak saya mendadak batuk-batuk parah setelah berangkat sekolah subuh tadi.', 1, 'pending', '2026-06-08 04:15:00');
INSERT INTO citizen_reports (id, citizen_id, category, description, zone_id, status, created_at) VALUES (6, 21, 'Kesehatan', 'Anak saya mendadak batuk-batuk parah setelah berangkat sekolah subuh tadi.', 2, 'pending', '2026-06-09 05:15:00');
INSERT INTO citizen_reports (id, citizen_id, category, description, zone_id, status, created_at) VALUES (7, 35, 'Kesehatan', 'Dada terasa sangat sesak sehabis lari subuh. Udara sangat pekat.', 5, 'pending', '2026-06-09 05:15:00');
INSERT INTO citizen_reports (id, citizen_id, category, description, zone_id, status, created_at) VALUES (8, 2, 'Kesehatan', 'Anak saya mendadak batuk-batuk parah setelah berangkat sekolah subuh tadi.', 1, 'pending', '2026-06-08 04:15:00');
INSERT INTO citizen_reports (id, citizen_id, category, description, zone_id, status, created_at) VALUES (9, 14, 'Kesehatan', 'Jarak pandang terganggu akibat kabut inversi beracun subuh hari.', 2, 'pending', '2026-06-08 04:15:00');
INSERT INTO citizen_reports (id, citizen_id, category, description, zone_id, status, created_at) VALUES (10, 33, 'Kesehatan', 'Jarak pandang terganggu akibat kabut inversi beracun subuh hari.', 2, 'pending', '2026-06-09 05:15:00');
INSERT INTO citizen_reports (id, citizen_id, category, description, zone_id, status, created_at) VALUES (11, 45, 'Kesehatan', 'Anak saya mendadak batuk-batuk parah setelah berangkat sekolah subuh tadi.', 1, 'pending', '2026-06-08 05:15:00');
INSERT INTO citizen_reports (id, citizen_id, category, description, zone_id, status, created_at) VALUES (12, 6, 'Kesehatan', 'Kabut polusi bau asap knalpot menyengat sekali merusak pernapasan di jalan.', 3, 'pending', '2026-06-08 05:15:00');
INSERT INTO citizen_reports (id, citizen_id, category, description, zone_id, status, created_at) VALUES (13, 35, 'Kesehatan', 'Anak saya mendadak batuk-batuk parah setelah berangkat sekolah subuh tadi.', 3, 'pending', '2026-06-08 04:15:00');
INSERT INTO citizen_reports (id, citizen_id, category, description, zone_id, status, created_at) VALUES (14, 45, 'Kesehatan', 'Dada terasa sangat sesak sehabis lari subuh. Udara sangat pekat.', 5, 'pending', '2026-06-08 05:15:00');
INSERT INTO citizen_reports (id, citizen_id, category, description, zone_id, status, created_at) VALUES (15, 16, 'Kesehatan', 'Dada terasa sangat sesak sehabis lari subuh. Udara sangat pekat.', 2, 'pending', '2026-06-09 05:15:00');
INSERT INTO citizen_reports (id, citizen_id, category, description, zone_id, status, created_at) VALUES (16, 30, 'Kesehatan', 'Anak saya mendadak batuk-batuk parah setelah berangkat sekolah subuh tadi.', 2, 'pending', '2026-06-08 04:15:00');
INSERT INTO citizen_reports (id, citizen_id, category, description, zone_id, status, created_at) VALUES (17, 43, 'Kesehatan', 'Dada terasa sangat sesak sehabis lari subuh. Udara sangat pekat.', 2, 'pending', '2026-06-08 05:15:00');
INSERT INTO citizen_reports (id, citizen_id, category, description, zone_id, status, created_at) VALUES (18, 1, 'Kesehatan', 'Kabut polusi bau asap knalpot menyengat sekali merusak pernapasan di jalan.', 1, 'pending', '2026-06-08 04:15:00');
INSERT INTO citizen_reports (id, citizen_id, category, description, zone_id, status) VALUES (19, 32, 'Fasilitas Publik', 'Lampu penerangan jalan umum mati, rawan kecelakaan.', 5, 'resolved');
INSERT INTO citizen_reports (id, citizen_id, category, description, zone_id, status, created_at) VALUES (20, 47, 'Kesehatan', 'Kabut polusi bau asap knalpot menyengat sekali merusak pernapasan di jalan.', 5, 'pending', '2026-06-09 04:15:00');
INSERT INTO citizen_reports (id, citizen_id, category, description, zone_id, status) VALUES (21, 48, 'Fasilitas Publik', 'Lampu penerangan jalan umum mati, rawan kecelakaan.', 3, 'resolved');
INSERT INTO citizen_reports (id, citizen_id, category, description, zone_id, status) VALUES (22, 8, 'Fasilitas Publik', 'Minta tolong perbaikan fasilitas trotoar jalan utama.', 1, 'resolved');
INSERT INTO citizen_reports (id, citizen_id, category, description, zone_id, status, created_at) VALUES (23, 28, 'Kesehatan', 'Anak saya mendadak batuk-batuk parah setelah berangkat sekolah subuh tadi.', 3, 'pending', '2026-06-08 04:15:00');
INSERT INTO citizen_reports (id, citizen_id, category, description, zone_id, status) VALUES (24, 46, 'Fasilitas Publik', 'Minta tolong perbaikan fasilitas trotoar jalan utama.', 1, 'resolved');
INSERT INTO citizen_reports (id, citizen_id, category, description, zone_id, status, created_at) VALUES (25, 30, 'Kesehatan', 'Jarak pandang terganggu akibat kabut inversi beracun subuh hari.', 2, 'pending', '2026-06-08 04:15:00');

-- 7. CITIZEN NOTIFICATIONS
INSERT INTO citizen_notifications (id, citizen_id, title, body, notification_type, is_read) VALUES (1, 37, 'Anomali Inversi', 'Sistem Smart City berfungsi normal. Selalu pantau kondisi rute Anda.', 'general', FALSE);
INSERT INTO citizen_notifications (id, citizen_id, title, body, notification_type, is_read) VALUES (2, 11, '⚠️ ANOMALI INVERSI UDARA CRITICAL', '⚠️ Peringatan: Lapisan inversi merendah kritis, kurangi aktivitas luar ruang subuh ini!', 'anomaly_alert', FALSE);
INSERT INTO citizen_notifications (id, citizen_id, title, body, notification_type, is_read) VALUES (3, 50, 'Peringatan Polusi', 'Sistem Smart City berfungsi normal. Selalu pantau kondisi rute Anda.', 'general', FALSE);
INSERT INTO citizen_notifications (id, citizen_id, title, body, notification_type, is_read) VALUES (4, 15, 'Peringatan Polusi', 'Sistem Smart City berfungsi normal. Selalu pantau kondisi rute Anda.', 'general', FALSE);
INSERT INTO citizen_notifications (id, citizen_id, title, body, notification_type, is_read) VALUES (5, 1, 'Peringatan Polusi', 'Sistem Smart City berfungsi normal. Selalu pantau kondisi rute Anda.', 'general', FALSE);
INSERT INTO citizen_notifications (id, citizen_id, title, body, notification_type, is_read) VALUES (6, 31, '⚠️ ANOMALI INVERSI UDARA CRITICAL', '⚠️ Peringatan: Lapisan inversi merendah kritis, kurangi aktivitas luar ruang subuh ini!', 'anomaly_alert', FALSE);
INSERT INTO citizen_notifications (id, citizen_id, title, body, notification_type, is_read) VALUES (7, 25, 'Kondisi Lalu Lintas', 'Sistem Smart City berfungsi normal. Selalu pantau kondisi rute Anda.', 'general', FALSE);
INSERT INTO citizen_notifications (id, citizen_id, title, body, notification_type, is_read) VALUES (8, 3, '⚠️ ANOMALI INVERSI UDARA CRITICAL', '⚠️ Peringatan: Lapisan inversi merendah kritis, kurangi aktivitas luar ruang subuh ini!', 'anomaly_alert', FALSE);
INSERT INTO citizen_notifications (id, citizen_id, title, body, notification_type, is_read) VALUES (9, 15, '⚠️ ANOMALI INVERSI UDARA CRITICAL', '⚠️ Peringatan: Lapisan inversi merendah kritis, kurangi aktivitas luar ruang subuh ini!', 'anomaly_alert', FALSE);
INSERT INTO citizen_notifications (id, citizen_id, title, body, notification_type, is_read) VALUES (10, 16, '⚠️ ANOMALI INVERSI UDARA CRITICAL', '⚠️ Peringatan: Lapisan inversi merendah kritis, kurangi aktivitas luar ruang subuh ini!', 'anomaly_alert', FALSE);
INSERT INTO citizen_notifications (id, citizen_id, title, body, notification_type, is_read) VALUES (11, 47, '⚠️ ANOMALI INVERSI UDARA CRITICAL', '⚠️ Peringatan: Lapisan inversi merendah kritis, kurangi aktivitas luar ruang subuh ini!', 'anomaly_alert', FALSE);
INSERT INTO citizen_notifications (id, citizen_id, title, body, notification_type, is_read) VALUES (12, 18, 'Anomali Inversi', 'Sistem Smart City berfungsi normal. Selalu pantau kondisi rute Anda.', 'general', FALSE);
INSERT INTO citizen_notifications (id, citizen_id, title, body, notification_type, is_read) VALUES (13, 8, 'Kondisi Lalu Lintas', 'Sistem Smart City berfungsi normal. Selalu pantau kondisi rute Anda.', 'general', FALSE);
INSERT INTO citizen_notifications (id, citizen_id, title, body, notification_type, is_read) VALUES (14, 15, 'Info Smart City', 'Sistem Smart City berfungsi normal. Selalu pantau kondisi rute Anda.', 'general', FALSE);
INSERT INTO citizen_notifications (id, citizen_id, title, body, notification_type, is_read) VALUES (15, 5, '⚠️ ANOMALI INVERSI UDARA CRITICAL', '⚠️ Peringatan: Lapisan inversi merendah kritis, kurangi aktivitas luar ruang subuh ini!', 'anomaly_alert', FALSE);
INSERT INTO citizen_notifications (id, citizen_id, title, body, notification_type, is_read) VALUES (16, 19, '⚠️ ANOMALI INVERSI UDARA CRITICAL', '⚠️ Peringatan: Lapisan inversi merendah kritis, kurangi aktivitas luar ruang subuh ini!', 'anomaly_alert', FALSE);
INSERT INTO citizen_notifications (id, citizen_id, title, body, notification_type, is_read) VALUES (17, 21, 'Info Smart City', 'Sistem Smart City berfungsi normal. Selalu pantau kondisi rute Anda.', 'general', FALSE);
INSERT INTO citizen_notifications (id, citizen_id, title, body, notification_type, is_read) VALUES (18, 1, '⚠️ ANOMALI INVERSI UDARA CRITICAL', '⚠️ Peringatan: Lapisan inversi merendah kritis, kurangi aktivitas luar ruang subuh ini!', 'anomaly_alert', FALSE);
INSERT INTO citizen_notifications (id, citizen_id, title, body, notification_type, is_read) VALUES (19, 13, '⚠️ ANOMALI INVERSI UDARA CRITICAL', '⚠️ Peringatan: Lapisan inversi merendah kritis, kurangi aktivitas luar ruang subuh ini!', 'anomaly_alert', FALSE);
INSERT INTO citizen_notifications (id, citizen_id, title, body, notification_type, is_read) VALUES (20, 37, '⚠️ ANOMALI INVERSI UDARA CRITICAL', '⚠️ Peringatan: Lapisan inversi merendah kritis, kurangi aktivitas luar ruang subuh ini!', 'anomaly_alert', FALSE);
INSERT INTO citizen_notifications (id, citizen_id, title, body, notification_type, is_read) VALUES (21, 48, 'Info Smart City', 'Sistem Smart City berfungsi normal. Selalu pantau kondisi rute Anda.', 'general', FALSE);
INSERT INTO citizen_notifications (id, citizen_id, title, body, notification_type, is_read) VALUES (22, 24, '⚠️ ANOMALI INVERSI UDARA CRITICAL', '⚠️ Peringatan: Lapisan inversi merendah kritis, kurangi aktivitas luar ruang subuh ini!', 'anomaly_alert', FALSE);
INSERT INTO citizen_notifications (id, citizen_id, title, body, notification_type, is_read) VALUES (23, 50, 'Kondisi Lalu Lintas', 'Sistem Smart City berfungsi normal. Selalu pantau kondisi rute Anda.', 'general', FALSE);
INSERT INTO citizen_notifications (id, citizen_id, title, body, notification_type, is_read) VALUES (24, 10, 'Info Smart City', 'Sistem Smart City berfungsi normal. Selalu pantau kondisi rute Anda.', 'general', FALSE);
INSERT INTO citizen_notifications (id, citizen_id, title, body, notification_type, is_read) VALUES (25, 2, 'Anomali Inversi', 'Sistem Smart City berfungsi normal. Selalu pantau kondisi rute Anda.', 'general', FALSE);
INSERT INTO citizen_notifications (id, citizen_id, title, body, notification_type, is_read) VALUES (26, 41, 'Anomali Inversi', 'Sistem Smart City berfungsi normal. Selalu pantau kondisi rute Anda.', 'general', FALSE);
INSERT INTO citizen_notifications (id, citizen_id, title, body, notification_type, is_read) VALUES (27, 1, '⚠️ ANOMALI INVERSI UDARA CRITICAL', '⚠️ Peringatan: Lapisan inversi merendah kritis, kurangi aktivitas luar ruang subuh ini!', 'anomaly_alert', FALSE);
INSERT INTO citizen_notifications (id, citizen_id, title, body, notification_type, is_read) VALUES (28, 48, '⚠️ ANOMALI INVERSI UDARA CRITICAL', '⚠️ Peringatan: Lapisan inversi merendah kritis, kurangi aktivitas luar ruang subuh ini!', 'anomaly_alert', FALSE);
INSERT INTO citizen_notifications (id, citizen_id, title, body, notification_type, is_read) VALUES (29, 7, 'Kondisi Lalu Lintas', 'Sistem Smart City berfungsi normal. Selalu pantau kondisi rute Anda.', 'general', FALSE);
INSERT INTO citizen_notifications (id, citizen_id, title, body, notification_type, is_read) VALUES (30, 27, '⚠️ ANOMALI INVERSI UDARA CRITICAL', '⚠️ Peringatan: Lapisan inversi merendah kritis, kurangi aktivitas luar ruang subuh ini!', 'anomaly_alert', FALSE);

-- 8. TRAFFIC INCIDENTS
INSERT INTO traffic_incidents (id, road_id, type, severity, description) VALUES (1, 1, 'Kemacetan Total', 'high', 'Dilaporkan terjadi hambatan laju lalu lintas komuter akibat visibilitas terganggu asap emisi.');
INSERT INTO traffic_incidents (id, road_id, type, severity, description) VALUES (2, 1, 'Kecelakaan Beruntun', 'medium', 'Dilaporkan terjadi hambatan laju lalu lintas komuter akibat visibilitas terganggu asap emisi.');
INSERT INTO traffic_incidents (id, road_id, type, severity, description) VALUES (3, 5, 'Imbas Jarak Pandang Kabut Polusi', 'high', 'Dilaporkan terjadi hambatan laju lalu lintas komuter akibat visibilitas terganggu asap emisi.');
INSERT INTO traffic_incidents (id, road_id, type, severity, description) VALUES (4, 4, 'Kecelakaan Beruntun', 'low', 'Dilaporkan terjadi hambatan laju lalu lintas komuter akibat visibilitas terganggu asap emisi.');
INSERT INTO traffic_incidents (id, road_id, type, severity, description) VALUES (5, 5, 'Kemacetan Total', 'critical', 'Dilaporkan terjadi hambatan laju lalu lintas komuter akibat visibilitas terganggu asap emisi.');
INSERT INTO traffic_incidents (id, road_id, type, severity, description) VALUES (6, 1, 'Kecelakaan Beruntun', 'critical', 'Dilaporkan terjadi hambatan laju lalu lintas komuter akibat visibilitas terganggu asap emisi.');
INSERT INTO traffic_incidents (id, road_id, type, severity, description) VALUES (7, 6, 'Kemacetan Total', 'medium', 'Dilaporkan terjadi hambatan laju lalu lintas komuter akibat visibilitas terganggu asap emisi.');
INSERT INTO traffic_incidents (id, road_id, type, severity, description) VALUES (8, 3, 'Pohon Tumbang', 'high', 'Dilaporkan terjadi hambatan laju lalu lintas komuter akibat visibilitas terganggu asap emisi.');
INSERT INTO traffic_incidents (id, road_id, type, severity, description) VALUES (9, 4, 'Pohon Tumbang', 'high', 'Dilaporkan terjadi hambatan laju lalu lintas komuter akibat visibilitas terganggu asap emisi.');
INSERT INTO traffic_incidents (id, road_id, type, severity, description) VALUES (10, 4, 'Pohon Tumbang', 'medium', 'Dilaporkan terjadi hambatan laju lalu lintas komuter akibat visibilitas terganggu asap emisi.');
INSERT INTO traffic_incidents (id, road_id, type, severity, description) VALUES (11, 1, 'Kemacetan Total', 'medium', 'Dilaporkan terjadi hambatan laju lalu lintas komuter akibat visibilitas terganggu asap emisi.');
INSERT INTO traffic_incidents (id, road_id, type, severity, description) VALUES (12, 5, 'Kecelakaan Beruntun', 'medium', 'Dilaporkan terjadi hambatan laju lalu lintas komuter akibat visibilitas terganggu asap emisi.');
INSERT INTO traffic_incidents (id, road_id, type, severity, description) VALUES (13, 1, 'Kemacetan Total', 'critical', 'Dilaporkan terjadi hambatan laju lalu lintas komuter akibat visibilitas terganggu asap emisi.');
INSERT INTO traffic_incidents (id, road_id, type, severity, description) VALUES (14, 4, 'Pohon Tumbang', 'critical', 'Dilaporkan terjadi hambatan laju lalu lintas komuter akibat visibilitas terganggu asap emisi.');
INSERT INTO traffic_incidents (id, road_id, type, severity, description) VALUES (15, 1, 'Pohon Tumbang', 'medium', 'Dilaporkan terjadi hambatan laju lalu lintas komuter akibat visibilitas terganggu asap emisi.');

-- 9. ENV ALERTS
INSERT INTO env_alerts (id, zone_id, alert_type, severity, value, threshold) VALUES (1, 4, 'Inversion Layer Dropped', 'critical', 145.00, 300.00);
INSERT INTO env_alerts (id, zone_id, alert_type, severity, value, threshold) VALUES (2, 4, 'Inversion Layer Dropped', 'critical', 145.00, 300.00);
INSERT INTO env_alerts (id, zone_id, alert_type, severity, value, threshold) VALUES (3, 1, 'Inversion Layer Dropped', 'high', 145.00, 300.00);
INSERT INTO env_alerts (id, zone_id, alert_type, severity, value, threshold) VALUES (4, 2, 'Inversion Layer Dropped', 'critical', 145.00, 300.00);
INSERT INTO env_alerts (id, zone_id, alert_type, severity, value, threshold) VALUES (5, 5, 'Inversion Layer Dropped', 'high', 145.00, 300.00);
INSERT INTO env_alerts (id, zone_id, alert_type, severity, value, threshold) VALUES (6, 2, 'Inversion Layer Dropped', 'critical', 145.00, 300.00);
INSERT INTO env_alerts (id, zone_id, alert_type, severity, value, threshold) VALUES (7, 2, 'Inversion Layer Dropped', 'high', 145.00, 300.00);
INSERT INTO env_alerts (id, zone_id, alert_type, severity, value, threshold) VALUES (8, 2, 'Inversion Layer Dropped', 'critical', 145.00, 300.00);
INSERT INTO env_alerts (id, zone_id, alert_type, severity, value, threshold) VALUES (9, 4, 'Inversion Layer Dropped', 'high', 145.00, 300.00);
INSERT INTO env_alerts (id, zone_id, alert_type, severity, value, threshold) VALUES (10, 3, 'Inversion Layer Dropped', 'critical', 145.00, 300.00);
INSERT INTO env_alerts (id, zone_id, alert_type, severity, value, threshold) VALUES (11, 2, 'Inversion Layer Dropped', 'high', 145.00, 300.00);
INSERT INTO env_alerts (id, zone_id, alert_type, severity, value, threshold) VALUES (12, 4, 'Inversion Layer Dropped', 'critical', 145.00, 300.00);
INSERT INTO env_alerts (id, zone_id, alert_type, severity, value, threshold) VALUES (13, 5, 'Inversion Layer Dropped', 'high', 145.00, 300.00);
INSERT INTO env_alerts (id, zone_id, alert_type, severity, value, threshold) VALUES (14, 1, 'Inversion Layer Dropped', 'critical', 145.00, 300.00);
INSERT INTO env_alerts (id, zone_id, alert_type, severity, value, threshold) VALUES (15, 1, 'Inversion Layer Dropped', 'high', 145.00, 300.00);
INSERT INTO env_alerts (id, zone_id, alert_type, severity, value, threshold) VALUES (16, 1, 'Inversion Layer Dropped', 'high', 145.00, 300.00);
INSERT INTO env_alerts (id, zone_id, alert_type, severity, value, threshold) VALUES (17, 1, 'Inversion Layer Dropped', 'high', 145.00, 300.00);
INSERT INTO env_alerts (id, zone_id, alert_type, severity, value, threshold) VALUES (18, 2, 'Inversion Layer Dropped', 'high', 145.00, 300.00);
INSERT INTO env_alerts (id, zone_id, alert_type, severity, value, threshold) VALUES (19, 4, 'Inversion Layer Dropped', 'critical', 145.00, 300.00);
INSERT INTO env_alerts (id, zone_id, alert_type, severity, value, threshold) VALUES (20, 1, 'Inversion Layer Dropped', 'critical', 145.00, 300.00);

-- 10. ENV ML PREDICTIONS (SCIENTIFIC RISK LOGIC)
INSERT INTO env_ml_predictions (id, zone_id, inversion_height, predicted_aqi, risk_level) VALUES (1, 1, 325.47, 49.69, 'safe');
INSERT INTO env_ml_predictions (id, zone_id, inversion_height, predicted_aqi, risk_level) VALUES (2, 4, 96.44, 219.0, 'danger');
INSERT INTO env_ml_predictions (id, zone_id, inversion_height, predicted_aqi, risk_level) VALUES (3, 3, 536.15, 71.34, 'safe');
INSERT INTO env_ml_predictions (id, zone_id, inversion_height, predicted_aqi, risk_level) VALUES (4, 1, 447.73, 81.12, 'safe');
INSERT INTO env_ml_predictions (id, zone_id, inversion_height, predicted_aqi, risk_level) VALUES (5, 4, 210.37, 151.67, 'warning');
INSERT INTO env_ml_predictions (id, zone_id, inversion_height, predicted_aqi, risk_level) VALUES (6, 4, 361.53, 82.15, 'safe');
INSERT INTO env_ml_predictions (id, zone_id, inversion_height, predicted_aqi, risk_level) VALUES (7, 2, 417.04, 104.12, 'safe');
INSERT INTO env_ml_predictions (id, zone_id, inversion_height, predicted_aqi, risk_level) VALUES (8, 2, 458.6, 52.45, 'safe');
INSERT INTO env_ml_predictions (id, zone_id, inversion_height, predicted_aqi, risk_level) VALUES (9, 2, 225.36, 184.16, 'warning');
INSERT INTO env_ml_predictions (id, zone_id, inversion_height, predicted_aqi, risk_level) VALUES (10, 5, 172.32, 147.99, 'warning');
INSERT INTO env_ml_predictions (id, zone_id, inversion_height, predicted_aqi, risk_level) VALUES (11, 4, 357.87, 74.51, 'safe');
INSERT INTO env_ml_predictions (id, zone_id, inversion_height, predicted_aqi, risk_level) VALUES (12, 5, 548.58, 98.57, 'safe');
INSERT INTO env_ml_predictions (id, zone_id, inversion_height, predicted_aqi, risk_level) VALUES (13, 5, 159.26, 215.89, 'danger');
INSERT INTO env_ml_predictions (id, zone_id, inversion_height, predicted_aqi, risk_level) VALUES (14, 3, 261.81, 148.13, 'warning');
INSERT INTO env_ml_predictions (id, zone_id, inversion_height, predicted_aqi, risk_level) VALUES (15, 3, 125.17, 241.23, 'danger');
INSERT INTO env_ml_predictions (id, zone_id, inversion_height, predicted_aqi, risk_level) VALUES (16, 4, 316.26, 103.14, 'safe');
INSERT INTO env_ml_predictions (id, zone_id, inversion_height, predicted_aqi, risk_level) VALUES (17, 5, 524.98, 92.09, 'safe');
INSERT INTO env_ml_predictions (id, zone_id, inversion_height, predicted_aqi, risk_level) VALUES (18, 3, 547.97, 57.6, 'safe');
INSERT INTO env_ml_predictions (id, zone_id, inversion_height, predicted_aqi, risk_level) VALUES (19, 5, 236.33, 121.85, 'warning');
INSERT INTO env_ml_predictions (id, zone_id, inversion_height, predicted_aqi, risk_level) VALUES (20, 2, 97.01, 254.41, 'danger');
INSERT INTO env_ml_predictions (id, zone_id, inversion_height, predicted_aqi, risk_level) VALUES (21, 2, 505.91, 102.3, 'safe');
INSERT INTO env_ml_predictions (id, zone_id, inversion_height, predicted_aqi, risk_level) VALUES (22, 1, 156.35, 209.27, 'danger');
INSERT INTO env_ml_predictions (id, zone_id, inversion_height, predicted_aqi, risk_level) VALUES (23, 5, 145.82, 227.0, 'danger');
INSERT INTO env_ml_predictions (id, zone_id, inversion_height, predicted_aqi, risk_level) VALUES (24, 3, 159.41, 246.07, 'danger');
INSERT INTO env_ml_predictions (id, zone_id, inversion_height, predicted_aqi, risk_level) VALUES (25, 2, 452.2, 82.86, 'safe');
INSERT INTO env_ml_predictions (id, zone_id, inversion_height, predicted_aqi, risk_level) VALUES (26, 3, 91.97, 241.51, 'danger');
INSERT INTO env_ml_predictions (id, zone_id, inversion_height, predicted_aqi, risk_level) VALUES (27, 3, 129.45, 248.73, 'danger');
INSERT INTO env_ml_predictions (id, zone_id, inversion_height, predicted_aqi, risk_level) VALUES (28, 5, 148.57, 248.9, 'danger');
INSERT INTO env_ml_predictions (id, zone_id, inversion_height, predicted_aqi, risk_level) VALUES (29, 4, 183.65, 161.56, 'warning');
INSERT INTO env_ml_predictions (id, zone_id, inversion_height, predicted_aqi, risk_level) VALUES (30, 1, 365.83, 64.41, 'safe');
