-- SMARTCITY DATABASE AUTO-GENERATED SEED

USE smartcity;

SET FOREIGN_KEY_CHECKS = 0;

-- TRUNCATE & INSERT ZONES
TRUNCATE TABLE zones;
INSERT INTO zones (id, name, city_district, coordinates, area_km2) VALUES (1, 'Sudirman CBD', 'Jakarta Utara', '-6.2362, 106.7187', 8.42);
INSERT INTO zones (id, name, city_district, coordinates, area_km2) VALUES (2, 'Menteng Residensial', 'Jakarta Utara', '-6.2535, 106.7993', 3.81);
INSERT INTO zones (id, name, city_district, coordinates, area_km2) VALUES (3, 'Kota Tua Cultural', 'Jakarta Pusat', '-6.2532, 106.7625', 9.72);
INSERT INTO zones (id, name, city_district, coordinates, area_km2) VALUES (4, 'Kelapa Gading Commercial', 'Jakarta Barat', '-6.1144, 106.7517', 12.21);
INSERT INTO zones (id, name, city_district, coordinates, area_km2) VALUES (5, 'Kuningan Tech District', 'Jakarta Barat', '-6.2026, 106.7682', 12.48);
INSERT INTO zones (id, name, city_district, coordinates, area_km2) VALUES (6, 'Kemang Entertainment', 'Jakarta Timur', '-6.2726, 106.8823', 3.62);
INSERT INTO zones (id, name, city_district, coordinates, area_km2) VALUES (7, 'Cawang Hub', 'Jakarta Timur', '-6.2781, 106.7641', 2.85);
INSERT INTO zones (id, name, city_district, coordinates, area_km2) VALUES (8, 'Pluit Waterfront', 'Jakarta Pusat', '-6.2112, 106.8517', 9.8);
INSERT INTO zones (id, name, city_district, coordinates, area_km2) VALUES (9, 'Senen Market Area', 'Jakarta Utara', '-6.1500, 106.7875', 7.44);
INSERT INTO zones (id, name, city_district, coordinates, area_km2) VALUES (10, 'Ragunan Green Zone', 'Jakarta Barat', '-6.1633, 106.7710', 8.5);

-- TRUNCATE & INSERT OAUTH CLIENTS
TRUNCATE TABLE oauth_clients;
INSERT INTO oauth_clients (id, client_id, client_secret, grant_types, redirect_uris) VALUES (1, '07e34bcb', '44b66b7025e1fb56ec79f5fe0f307be9b81eac590dd4f15b0fec14a0579471f4', 'password,refresh_token', 'https://pt.desa.id/');
INSERT INTO oauth_clients (id, client_id, client_secret, grant_types, redirect_uris) VALUES (2, '996a280b', '8fe4d97380758b28e616715fb2e7b9e2c80e3002cd82bbf57b6102f779a35d24', 'password,refresh_token', 'https://www.cv.biz.id/');
INSERT INTO oauth_clients (id, client_id, client_secret, grant_types, redirect_uris) VALUES (3, '24f547e5', '06d43c66565b864c0fa571b27513479b213ee6100196eca85cef5d35d349c64b', 'password,refresh_token', 'http://perum.ac.id/');
INSERT INTO oauth_clients (id, client_id, client_secret, grant_types, redirect_uris) VALUES (4, 'cca176d2', '267ac24b2dbdefb029d40cb98a018a8958a335787c8ce1924ac47d1b0b825665', 'password,refresh_token', 'https://www.pd.ac.id/');
INSERT INTO oauth_clients (id, client_id, client_secret, grant_types, redirect_uris) VALUES (5, 'ae6c07ae', '2b36efde8e8a6025dcf415b3a84008a5ee7a075d9e56889b8ebb2494036b7c55', 'password,refresh_token', 'http://pt.edu/');

-- TRUNCATE & INSERT CITIZEN CITIZENS (250 Records)
TRUNCATE TABLE citizen_citizens;
INSERT INTO citizen_citizens (id, nik, name, email, phone, zone_id, role, age, weight_kg, mask_type) VALUES (1, '3170217378442704937', 'Cut Almira Safitri, S.Psi', 'zprasetya@example.net', '0880424990', 1, 'citizen', 26, 66.85, 'none');
INSERT INTO citizen_citizens (id, nik, name, email, phone, zone_id, role, age, weight_kg, mask_type) VALUES (2, '3172884812619653181', 'Tasnim Rahayu, M.Pd', 'marbunvanesa@example.net', '+62 (777) 037-1294', 7, 'citizen', 43, 69.86, 'none');
INSERT INTO citizen_citizens (id, nik, name, email, phone, zone_id, role, age, weight_kg, mask_type) VALUES (3, '3170636677014316942', 'Sutan Latif Wahyudin, S.E.', 'kuswoyolaila@example.com', '(089) 237 4916', 10, 'citizen', 59, 107.41, 'none');
INSERT INTO citizen_citizens (id, nik, name, email, phone, zone_id, role, age, weight_kg, mask_type) VALUES (4, '3178896966619707776', 'dr. Jarwa Aryani', 'hasna34@example.net', '(0872) 674 9049', 2, 'citizen', 17, 69.6, 'cloth');
INSERT INTO citizen_citizens (id, nik, name, email, phone, zone_id, role, age, weight_kg, mask_type) VALUES (5, '3171853019562634849', 'Drs. Novi Yolanda, M.Ak', 'dariminmelani@example.net', '+62 (090) 675-0153', 10, 'citizen', 72, 72.91, 'n95');
INSERT INTO citizen_citizens (id, nik, name, email, phone, zone_id, role, age, weight_kg, mask_type) VALUES (6, '3179322200086750810', 'Jagapati Winarno', 'haryantopangestu@example.com', '+62 (242) 350 6371', 5, 'citizen', 29, 84.26, 'n95');
INSERT INTO citizen_citizens (id, nik, name, email, phone, zone_id, role, age, weight_kg, mask_type) VALUES (7, '3179549515239909605', 'Ophelia Simanjuntak', 'pradiptacinthia@example.org', '+62 (083) 452-4901', 6, 'citizen', 60, 70.29, 'none');
INSERT INTO citizen_citizens (id, nik, name, email, phone, zone_id, role, age, weight_kg, mask_type) VALUES (8, '3178999903609824019', 'Dartono Pranowo, S.E.I', 'koko14@example.org', '+62 (87) 296-8137', 9, 'citizen', 45, 88.5, 'cloth');
INSERT INTO citizen_citizens (id, nik, name, email, phone, zone_id, role, age, weight_kg, mask_type) VALUES (9, '3179224156851738365', 'Putri Kusumo', 'cecep14@example.org', '+62-263-360-4834', 1, 'citizen', 57, 57.92, 'medical');
INSERT INTO citizen_citizens (id, nik, name, email, phone, zone_id, role, age, weight_kg, mask_type) VALUES (10, '3179007562797631703', 'Ghaliyati Wahyuni', 'ogunawan@example.com', '+62-077-464-1341', 8, 'citizen', 49, 84.77, 'none');
INSERT INTO citizen_citizens (id, nik, name, email, phone, zone_id, role, age, weight_kg, mask_type) VALUES (11, '3174610281336300907', 'Ajimat Pudjiastuti', 'opangestu@example.org', '082 752 7450', 6, 'citizen', 42, 108.32, 'medical');
INSERT INTO citizen_citizens (id, nik, name, email, phone, zone_id, role, age, weight_kg, mask_type) VALUES (12, '3174281046966729171', 'Zulfa Situmorang', 'yhasanah@example.net', '+62 (0757) 274-5045', 7, 'citizen', 21, 86.7, 'n95');
INSERT INTO citizen_citizens (id, nik, name, email, phone, zone_id, role, age, weight_kg, mask_type) VALUES (13, '3173274720313560749', 'Sabri Napitupulu, M.Ak', 'vlaksmiwati@example.net', '(0719) 792-8738', 2, 'citizen', 56, 71.73, 'none');
INSERT INTO citizen_citizens (id, nik, name, email, phone, zone_id, role, age, weight_kg, mask_type) VALUES (14, '3174496271357964777', 'R.M. Viktor Tarihoran, S.Gz', 'rahmatmahendra@example.net', '0824799051', 6, 'citizen', 23, 67.32, 'n95');
INSERT INTO citizen_citizens (id, nik, name, email, phone, zone_id, role, age, weight_kg, mask_type) VALUES (15, '3175245038260041710', 'Calista Habibi', 'vmahendra@example.org', '+62-0798-369-8961', 6, 'citizen', 63, 92.56, 'none');
INSERT INTO citizen_citizens (id, nik, name, email, phone, zone_id, role, age, weight_kg, mask_type) VALUES (16, '3177133888211308652', 'KH. Gamblang Mansur', 'rama56@example.net', '+62-021-970-2995', 6, 'citizen', 29, 108.08, 'none');
INSERT INTO citizen_citizens (id, nik, name, email, phone, zone_id, role, age, weight_kg, mask_type) VALUES (17, '3179168162987405418', 'Mustika Mansur', 'marbungilda@example.org', '+62-729-127-7733', 6, 'citizen', 41, 75.04, 'medical');
INSERT INTO citizen_citizens (id, nik, name, email, phone, zone_id, role, age, weight_kg, mask_type) VALUES (18, '3175658690145914226', 'Sari Simbolon, M.M.', 'wacanacemeti@example.com', '+62-066-858-2801', 1, 'citizen', 21, 63.3, 'cloth');
INSERT INTO citizen_citizens (id, nik, name, email, phone, zone_id, role, age, weight_kg, mask_type) VALUES (19, '3172112827741157319', 'Dipa Rajata', 'anggriawanwardaya@example.net', '087 729 8719', 9, 'citizen', 49, 91.81, 'cloth');
INSERT INTO citizen_citizens (id, nik, name, email, phone, zone_id, role, age, weight_kg, mask_type) VALUES (20, '3178991591308691097', 'Caturangga Wahyudin, M.Kom.', 'siraitmarsudi@example.org', '+62 (030) 261 0334', 9, 'citizen', 59, 86.25, 'cloth');
INSERT INTO citizen_citizens (id, nik, name, email, phone, zone_id, role, age, weight_kg, mask_type) VALUES (21, '3176257660791219649', 'Enteng Damanik', 'nugrohopanji@example.org', '(086) 212-8024', 6, 'citizen', 38, 55.65, 'cloth');
INSERT INTO citizen_citizens (id, nik, name, email, phone, zone_id, role, age, weight_kg, mask_type) VALUES (22, '3173788609337611938', 'Ihsan Thamrin, S.Pd', 'jagaraga55@example.com', '0805810396', 3, 'citizen', 69, 58.73, 'n95');
INSERT INTO citizen_citizens (id, nik, name, email, phone, zone_id, role, age, weight_kg, mask_type) VALUES (23, '3175386499234300398', 'Gamblang Napitupulu', 'novitasariyuliana@example.net', '086 660 0342', 10, 'citizen', 47, 75.17, 'cloth');
INSERT INTO citizen_citizens (id, nik, name, email, phone, zone_id, role, age, weight_kg, mask_type) VALUES (24, '3178856264767098099', 'Ganep Suryatmi, S.Sos', 'ojanuar@example.org', '(0533) 035 9477', 1, 'citizen', 28, 71.41, 'medical');
INSERT INTO citizen_citizens (id, nik, name, email, phone, zone_id, role, age, weight_kg, mask_type) VALUES (25, '3172067345356476202', 'Baktiono Mayasari', 'siregarcemeti@example.net', '+62 (0484) 415 8857', 8, 'citizen', 33, 51.01, 'none');
INSERT INTO citizen_citizens (id, nik, name, email, phone, zone_id, role, age, weight_kg, mask_type) VALUES (26, '3176958466184559373', 'dr. Warsita Nugroho, M.M.', 'wpermadi@example.com', '0802520598', 4, 'citizen', 52, 104.97, 'n95');
INSERT INTO citizen_citizens (id, nik, name, email, phone, zone_id, role, age, weight_kg, mask_type) VALUES (27, '3174598653314655021', 'Maya Maheswara', 'xwahyuni@example.org', '+62 (74) 436 3539', 4, 'citizen', 40, 50.66, 'n95');
INSERT INTO citizen_citizens (id, nik, name, email, phone, zone_id, role, age, weight_kg, mask_type) VALUES (28, '3174166587708928926', 'Amelia Hakim', 'satya75@example.org', '0806094484', 5, 'citizen', 63, 84.84, 'medical');
INSERT INTO citizen_citizens (id, nik, name, email, phone, zone_id, role, age, weight_kg, mask_type) VALUES (29, '3172411614525849034', 'T. Margana Saefullah', 'laksmiwatimursita@example.com', '(083) 707-5667', 2, 'admin', 26, 72.73, 'n95');
INSERT INTO citizen_citizens (id, nik, name, email, phone, zone_id, role, age, weight_kg, mask_type) VALUES (30, '3172796437521807880', 'Ella Lazuardi', 'balapatidamanik@example.net', '+62 (33) 504-4997', 6, 'citizen', 36, 50.45, 'medical');
INSERT INTO citizen_citizens (id, nik, name, email, phone, zone_id, role, age, weight_kg, mask_type) VALUES (31, '3171314200979500142', 'Rahayu Firgantoro', 'owidodo@example.com', '+62 (908) 906 4424', 9, 'citizen', 15, 96.2, 'none');
INSERT INTO citizen_citizens (id, nik, name, email, phone, zone_id, role, age, weight_kg, mask_type) VALUES (32, '3178425624447186475', 'Hendri Natsir', 'aandriani@example.org', '081 251 0184', 3, 'citizen', 68, 109.57, 'none');
INSERT INTO citizen_citizens (id, nik, name, email, phone, zone_id, role, age, weight_kg, mask_type) VALUES (33, '3170386557356045882', 'Ir. Ghani Wulandari, S.Gz', 'kemalpratama@example.net', '+62 (0755) 179 6677', 2, 'citizen', 57, 95.26, 'medical');
INSERT INTO citizen_citizens (id, nik, name, email, phone, zone_id, role, age, weight_kg, mask_type) VALUES (34, '3179879513472065335', 'Anggabaya Budiman', 'harsana51@example.org', '(0366) 450-8725', 1, 'citizen', 27, 92.28, 'cloth');
INSERT INTO citizen_citizens (id, nik, name, email, phone, zone_id, role, age, weight_kg, mask_type) VALUES (35, '3178163160807870397', 'Karimah Permadi', 'salahudinmarwata@example.com', '+62-0913-651-5270', 4, 'citizen', 49, 98.92, 'cloth');
INSERT INTO citizen_citizens (id, nik, name, email, phone, zone_id, role, age, weight_kg, mask_type) VALUES (36, '3170211216549968790', 'Gada Agustina', 'ivanhastuti@example.net', '+62 (78) 892-3496', 3, 'citizen', 59, 82.42, 'medical');
INSERT INTO citizen_citizens (id, nik, name, email, phone, zone_id, role, age, weight_kg, mask_type) VALUES (37, '3175148007765815122', 'Vicky Nasyiah', 'lintangwibisono@example.com', '+62 (680) 388 7312', 6, 'citizen', 16, 47.46, 'n95');
INSERT INTO citizen_citizens (id, nik, name, email, phone, zone_id, role, age, weight_kg, mask_type) VALUES (38, '3177164316510721981', 'Kania Yolanda', 'saptonosari@example.net', '0839309385', 8, 'citizen', 62, 68.73, 'medical');
INSERT INTO citizen_citizens (id, nik, name, email, phone, zone_id, role, age, weight_kg, mask_type) VALUES (39, '3179965961344744404', 'Dina Hidayat, S.Pd', 'nashiruddinkurnia@example.com', '+62 (703) 359 8544', 3, 'citizen', 28, 80.33, 'n95');
INSERT INTO citizen_citizens (id, nik, name, email, phone, zone_id, role, age, weight_kg, mask_type) VALUES (40, '3171149978229076990', 'Marwata Adriansyah', 'ilyas83@example.net', '+62 (049) 431-9381', 9, 'citizen', 43, 82.33, 'medical');
INSERT INTO citizen_citizens (id, nik, name, email, phone, zone_id, role, age, weight_kg, mask_type) VALUES (41, '3173793933428745428', 'drg. Suci Widiastuti', 'gentawasita@example.net', '+62-0997-224-6637', 10, 'citizen', 73, 85.33, 'cloth');
INSERT INTO citizen_citizens (id, nik, name, email, phone, zone_id, role, age, weight_kg, mask_type) VALUES (42, '3171519372562611578', 'Kajen Salahudin', 'epadmasari@example.org', '+62 (203) 754-3286', 6, 'citizen', 52, 60.34, 'cloth');
INSERT INTO citizen_citizens (id, nik, name, email, phone, zone_id, role, age, weight_kg, mask_type) VALUES (43, '3177768424764377004', 'Ratih Ramadan, S.Gz', 'cahyadi97@example.net', '+62 (061) 777 7026', 1, 'citizen', 61, 77.87, 'n95');
INSERT INTO citizen_citizens (id, nik, name, email, phone, zone_id, role, age, weight_kg, mask_type) VALUES (44, '3174410890682809009', 'Farah Damanik, S.E.', 'lkusmawati@example.com', '+62 (071) 765 9561', 4, 'citizen', 75, 67.57, 'none');
INSERT INTO citizen_citizens (id, nik, name, email, phone, zone_id, role, age, weight_kg, mask_type) VALUES (45, '3173379689824111493', 'Latika Fujiati', 'hrahayu@example.net', '0868884098', 6, 'citizen', 44, 87.73, 'cloth');
INSERT INTO citizen_citizens (id, nik, name, email, phone, zone_id, role, age, weight_kg, mask_type) VALUES (46, '3174810980163225136', 'Jaeman Saefullah', 'sardianto@example.net', '+62 (313) 313-0432', 4, 'citizen', 51, 49.12, 'cloth');
INSERT INTO citizen_citizens (id, nik, name, email, phone, zone_id, role, age, weight_kg, mask_type) VALUES (47, '3176410508705612131', 'Chandra Zulkarnain, S.H.', 'cakrabirawamansur@example.com', '+62 (014) 541 5498', 7, 'citizen', 75, 74.5, 'n95');
INSERT INTO citizen_citizens (id, nik, name, email, phone, zone_id, role, age, weight_kg, mask_type) VALUES (48, '3172825787788734765', 'Rahmi Iswahyudi', 'icha14@example.net', '(078) 634-3445', 10, 'citizen', 64, 56.31, 'cloth');
INSERT INTO citizen_citizens (id, nik, name, email, phone, zone_id, role, age, weight_kg, mask_type) VALUES (49, '3176968178698794797', 'Faizah Manullang', 'napitupulurudi@example.org', '+62 (029) 863 7019', 5, 'citizen', 44, 55.1, 'cloth');
INSERT INTO citizen_citizens (id, nik, name, email, phone, zone_id, role, age, weight_kg, mask_type) VALUES (50, '3175070405047380005', 'R.A. Julia Lazuardi', 'cecep76@example.org', '+62 (084) 832-7891', 5, 'citizen', 25, 45.7, 'medical');
INSERT INTO citizen_citizens (id, nik, name, email, phone, zone_id, role, age, weight_kg, mask_type) VALUES (51, '3175474602954639188', 'H. Okta Wijaya', 'wira01@example.org', '+62 (453) 838-5879', 10, 'citizen', 31, 60.47, 'n95');
INSERT INTO citizen_citizens (id, nik, name, email, phone, zone_id, role, age, weight_kg, mask_type) VALUES (52, '3175093669806776614', 'Xanana Prabowo', 'ogunarto@example.com', '+62-898-473-5055', 1, 'citizen', 39, 86.65, 'cloth');
INSERT INTO citizen_citizens (id, nik, name, email, phone, zone_id, role, age, weight_kg, mask_type) VALUES (53, '3176660664222935842', 'Calista Pertiwi', 'samiahpangestu@example.org', '+62-621-383-9987', 8, 'citizen', 55, 107.76, 'none');
INSERT INTO citizen_citizens (id, nik, name, email, phone, zone_id, role, age, weight_kg, mask_type) VALUES (54, '3171094293488328200', 'Chelsea Salahudin', 'knasyidah@example.com', '+62 (630) 867 0832', 8, 'citizen', 18, 109.4, 'medical');
INSERT INTO citizen_citizens (id, nik, name, email, phone, zone_id, role, age, weight_kg, mask_type) VALUES (55, '3178438993241798038', 'R. Sari Tamba', 'asetiawan@example.net', '+62 (0114) 561 8868', 10, 'citizen', 22, 95.18, 'none');
INSERT INTO citizen_citizens (id, nik, name, email, phone, zone_id, role, age, weight_kg, mask_type) VALUES (56, '3177441393880877685', 'Tgk. Vero Damanik, M.TI.', 'vrahmawati@example.org', '+62-48-464-2827', 7, 'citizen', 64, 108.78, 'n95');
INSERT INTO citizen_citizens (id, nik, name, email, phone, zone_id, role, age, weight_kg, mask_type) VALUES (57, '3174004343431395695', 'Umi Permadi', 'umaya11@example.net', '+62 (022) 083 1294', 9, 'citizen', 68, 83.84, 'medical');
INSERT INTO citizen_citizens (id, nik, name, email, phone, zone_id, role, age, weight_kg, mask_type) VALUES (58, '3173888373898034336', 'Tari Purnawati', 'cahyausamah@example.org', '0871135422', 10, 'citizen', 26, 84.84, 'medical');
INSERT INTO citizen_citizens (id, nik, name, email, phone, zone_id, role, age, weight_kg, mask_type) VALUES (59, '3173190103005075713', 'Uchita Puspasari', 'vanyanurdiyanti@example.com', '(0875) 610-5433', 9, 'citizen', 44, 93.81, 'none');
INSERT INTO citizen_citizens (id, nik, name, email, phone, zone_id, role, age, weight_kg, mask_type) VALUES (60, '3178854004913871819', 'Dr. Usyi Dabukke', 'riyantiikhsan@example.com', '+62 (371) 400 4296', 8, 'citizen', 34, 85.19, 'medical');
INSERT INTO citizen_citizens (id, nik, name, email, phone, zone_id, role, age, weight_kg, mask_type) VALUES (61, '3178612892934638584', 'Eka Adriansyah', 'napitupuluwarsita@example.net', '+62 (326) 922-9893', 8, 'admin', 32, 67.96, 'cloth');
INSERT INTO citizen_citizens (id, nik, name, email, phone, zone_id, role, age, weight_kg, mask_type) VALUES (62, '3170068222968696185', 'drg. Dacin Thamrin, S.Kom', 'okta38@example.com', '+62-091-853-2577', 4, 'citizen', 63, 101.04, 'cloth');
INSERT INTO citizen_citizens (id, nik, name, email, phone, zone_id, role, age, weight_kg, mask_type) VALUES (63, '3178892131224546657', 'Hamima Mayasari', 'wmahendra@example.org', '+62-804-994-7031', 8, 'citizen', 48, 46.81, 'none');
INSERT INTO citizen_citizens (id, nik, name, email, phone, zone_id, role, age, weight_kg, mask_type) VALUES (64, '3175716779396900833', 'Putri Yulianti', 'saragihdiah@example.org', '(0809) 358-1526', 5, 'citizen', 74, 92.84, 'medical');
INSERT INTO citizen_citizens (id, nik, name, email, phone, zone_id, role, age, weight_kg, mask_type) VALUES (65, '3176632217082033775', 'H. Waluyo Handayani, M.Farm', 'emongmansur@example.com', '+62 (0095) 247 9099', 5, 'citizen', 45, 54.92, 'n95');
INSERT INTO citizen_citizens (id, nik, name, email, phone, zone_id, role, age, weight_kg, mask_type) VALUES (66, '3170346566347690166', 'Wawan Megantara, S.IP', 'anggriawanrahmi@example.net', '+62-074-575-4417', 2, 'citizen', 51, 80.22, 'none');
INSERT INTO citizen_citizens (id, nik, name, email, phone, zone_id, role, age, weight_kg, mask_type) VALUES (67, '3177842467979594456', 'Mila Habibi', 'arishalim@example.net', '+62-087-353-9688', 2, 'citizen', 67, 99.08, 'cloth');
INSERT INTO citizen_citizens (id, nik, name, email, phone, zone_id, role, age, weight_kg, mask_type) VALUES (68, '3173030270173638813', 'Ridwan Iswahyudi', 'lkuswandari@example.net', '(013) 918 4390', 4, 'citizen', 40, 69.03, 'n95');
INSERT INTO citizen_citizens (id, nik, name, email, phone, zone_id, role, age, weight_kg, mask_type) VALUES (69, '3171823228944676983', 'Fitriani Firmansyah', 'cinta45@example.org', '(0144) 619-9842', 9, 'citizen', 15, 76.74, 'none');
INSERT INTO citizen_citizens (id, nik, name, email, phone, zone_id, role, age, weight_kg, mask_type) VALUES (70, '3177502271277514514', 'Ir. Luwes Farida, S.IP', 'urahayu@example.com', '0820552697', 6, 'citizen', 64, 95.72, 'cloth');
INSERT INTO citizen_citizens (id, nik, name, email, phone, zone_id, role, age, weight_kg, mask_type) VALUES (71, '3174238827606817702', 'Marsudi Aryani', 'haryantoharimurti@example.net', '+62-066-154-9066', 9, 'citizen', 38, 50.62, 'cloth');
INSERT INTO citizen_citizens (id, nik, name, email, phone, zone_id, role, age, weight_kg, mask_type) VALUES (72, '3179169276530143305', 'Jayeng Usada', 'novitasariluwes@example.net', '(0089) 993-0892', 7, 'citizen', 37, 107.6, 'none');
INSERT INTO citizen_citizens (id, nik, name, email, phone, zone_id, role, age, weight_kg, mask_type) VALUES (73, '3177386513924968405', 'Putri Prasetya', 'rinaprakasa@example.com', '+62-22-764-1771', 9, 'citizen', 48, 53.68, 'medical');
INSERT INTO citizen_citizens (id, nik, name, email, phone, zone_id, role, age, weight_kg, mask_type) VALUES (74, '3179630350666878737', 'Bahuwarna Kurniawan, S.Gz', 'maheswaraelvin@example.net', '+62-070-902-7562', 4, 'citizen', 65, 46.33, 'n95');
INSERT INTO citizen_citizens (id, nik, name, email, phone, zone_id, role, age, weight_kg, mask_type) VALUES (75, '3171526085043903981', 'Drs. Melinda Rahayu, M.Pd', 'mmahendra@example.org', '+62-796-037-0333', 8, 'citizen', 46, 68.39, 'n95');
INSERT INTO citizen_citizens (id, nik, name, email, phone, zone_id, role, age, weight_kg, mask_type) VALUES (76, '3170699116244123729', 'dr. Gawati Haryanti, S.I.Kom', 'csafitri@example.org', '+62-826-349-5353', 10, 'citizen', 59, 65.53, 'cloth');
INSERT INTO citizen_citizens (id, nik, name, email, phone, zone_id, role, age, weight_kg, mask_type) VALUES (77, '3179793102045501970', 'Virman Ramadan', 'rajasabanara@example.com', '(0071) 840 2629', 4, 'citizen', 25, 79.0, 'medical');
INSERT INTO citizen_citizens (id, nik, name, email, phone, zone_id, role, age, weight_kg, mask_type) VALUES (78, '3176192177400754605', 'R. Ghaliyati Padmasari, S.Psi', 'edward33@example.com', '+62-59-134-0833', 2, 'citizen', 72, 46.94, 'n95');
INSERT INTO citizen_citizens (id, nik, name, email, phone, zone_id, role, age, weight_kg, mask_type) VALUES (79, '3178238226946019979', 'Wisnu Tampubolon', 'osiregar@example.org', '(0631) 787 9878', 2, 'citizen', 47, 66.78, 'cloth');
INSERT INTO citizen_citizens (id, nik, name, email, phone, zone_id, role, age, weight_kg, mask_type) VALUES (80, '3171624205978221634', 'Drs. Hana Salahudin, M.Kom.', 'fhutapea@example.com', '+62 (841) 755 2550', 9, 'citizen', 22, 96.18, 'medical');
INSERT INTO citizen_citizens (id, nik, name, email, phone, zone_id, role, age, weight_kg, mask_type) VALUES (81, '3178873061420148264', 'Gamanto Yulianti', 'wawanyuniar@example.org', '(060) 998-7312', 8, 'citizen', 53, 63.17, 'medical');
INSERT INTO citizen_citizens (id, nik, name, email, phone, zone_id, role, age, weight_kg, mask_type) VALUES (82, '3178648704705609584', 'Bala Hassanah', 'hasanahpia@example.org', '+62 (0188) 859 9409', 7, 'citizen', 65, 100.89, 'cloth');
INSERT INTO citizen_citizens (id, nik, name, email, phone, zone_id, role, age, weight_kg, mask_type) VALUES (83, '3179521058706661274', 'drg. Vivi Suartini', 'caket65@example.org', '+62-0201-121-5508', 9, 'admin', 56, 98.48, 'n95');
INSERT INTO citizen_citizens (id, nik, name, email, phone, zone_id, role, age, weight_kg, mask_type) VALUES (84, '3171644958918260742', 'Banawa Sudiati, S.Psi', 'hairyanto63@example.net', '+62 (048) 851 0906', 8, 'citizen', 33, 48.5, 'n95');
INSERT INTO citizen_citizens (id, nik, name, email, phone, zone_id, role, age, weight_kg, mask_type) VALUES (85, '3175956898417431461', 'Muhammad Rahmawati', 'bharyanti@example.com', '084 684 1327', 2, 'citizen', 42, 62.05, 'cloth');
INSERT INTO citizen_citizens (id, nik, name, email, phone, zone_id, role, age, weight_kg, mask_type) VALUES (86, '3172324417241212386', 'Siti Rahayu', 'pnurdiyanti@example.com', '(0580) 675 2275', 4, 'citizen', 41, 97.64, 'n95');
INSERT INTO citizen_citizens (id, nik, name, email, phone, zone_id, role, age, weight_kg, mask_type) VALUES (87, '3170930102285387191', 'Ir. Pia Novitasari, S.Psi', 'dmarpaung@example.com', '(0998) 879-0672', 10, 'citizen', 44, 54.52, 'medical');
INSERT INTO citizen_citizens (id, nik, name, email, phone, zone_id, role, age, weight_kg, mask_type) VALUES (88, '3171847258528646351', 'Gamanto Wibowo, M.TI.', 'prabowonovi@example.net', '(024) 073 1502', 8, 'citizen', 52, 69.37, 'cloth');
INSERT INTO citizen_citizens (id, nik, name, email, phone, zone_id, role, age, weight_kg, mask_type) VALUES (89, '3170228532386119646', 'Kamaria Suartini', 'mahendrawawan@example.com', '0861498103', 5, 'citizen', 24, 51.33, 'medical');
INSERT INTO citizen_citizens (id, nik, name, email, phone, zone_id, role, age, weight_kg, mask_type) VALUES (90, '3173916361444258648', 'Daryani Hakim, M.Kom.', 'ymansur@example.net', '+62 (0410) 255-3648', 2, 'citizen', 41, 60.02, 'n95');
INSERT INTO citizen_citizens (id, nik, name, email, phone, zone_id, role, age, weight_kg, mask_type) VALUES (91, '3172880480371009187', 'R. Novi Lailasari', 'rajasaaditya@example.com', '(0162) 131-3879', 10, 'citizen', 27, 101.79, 'medical');
INSERT INTO citizen_citizens (id, nik, name, email, phone, zone_id, role, age, weight_kg, mask_type) VALUES (92, '3171056570759506472', 'Nardi Hutapea', 'qzulaika@example.org', '085 423 5896', 10, 'citizen', 16, 99.2, 'none');
INSERT INTO citizen_citizens (id, nik, name, email, phone, zone_id, role, age, weight_kg, mask_type) VALUES (93, '3177221597025796391', 'Nasim Prabowo, S.Sos', 'omulyani@example.org', '+62 (113) 354-6223', 5, 'citizen', 74, 83.15, 'medical');
INSERT INTO citizen_citizens (id, nik, name, email, phone, zone_id, role, age, weight_kg, mask_type) VALUES (94, '3178330505096364005', 'Dirja Purnawati, M.TI.', 'vanyanamaga@example.org', '+62 (457) 271-1949', 8, 'citizen', 27, 58.35, 'medical');
INSERT INTO citizen_citizens (id, nik, name, email, phone, zone_id, role, age, weight_kg, mask_type) VALUES (95, '3176819371240080573', 'Drajat Handayani', 'prasastasabrina@example.com', '+62 (063) 460 4526', 1, 'citizen', 38, 90.89, 'none');
INSERT INTO citizen_citizens (id, nik, name, email, phone, zone_id, role, age, weight_kg, mask_type) VALUES (96, '3177517323342929004', 'Wahyu Mulyani, S.Sos', 'qpuspita@example.net', '+62 (99) 169 1123', 10, 'citizen', 29, 53.58, 'cloth');
INSERT INTO citizen_citizens (id, nik, name, email, phone, zone_id, role, age, weight_kg, mask_type) VALUES (97, '3177759827926533664', 'Vanya Siregar', 'apurnawati@example.org', '(016) 369-1922', 8, 'citizen', 17, 53.15, 'cloth');
INSERT INTO citizen_citizens (id, nik, name, email, phone, zone_id, role, age, weight_kg, mask_type) VALUES (98, '3175991073499173199', 'Diana Prabowo', 'tasnimsuryono@example.net', '+62 (061) 103 9591', 8, 'citizen', 57, 89.34, 'n95');
INSERT INTO citizen_citizens (id, nik, name, email, phone, zone_id, role, age, weight_kg, mask_type) VALUES (99, '3177553986386208064', 'Daru Wijaya', 'mardhiyahwirda@example.org', '(0071) 214 5079', 1, 'citizen', 35, 84.59, 'n95');
INSERT INTO citizen_citizens (id, nik, name, email, phone, zone_id, role, age, weight_kg, mask_type) VALUES (100, '3177520937569700963', 'H. Pangeran Puspita, S.Pt', 'upermata@example.net', '(014) 014-8944', 5, 'citizen', 17, 55.65, 'n95');
INSERT INTO citizen_citizens (id, nik, name, email, phone, zone_id, role, age, weight_kg, mask_type) VALUES (101, '3174218051352768662', 'Martaka Anggraini', 'marsito67@example.org', '087 922 2325', 3, 'citizen', 45, 89.67, 'cloth');
INSERT INTO citizen_citizens (id, nik, name, email, phone, zone_id, role, age, weight_kg, mask_type) VALUES (102, '3179343985512774698', 'Legawa Nababan', 'xyuliarti@example.net', '(0028) 284-3845', 3, 'citizen', 67, 59.38, 'n95');
INSERT INTO citizen_citizens (id, nik, name, email, phone, zone_id, role, age, weight_kg, mask_type) VALUES (103, '3176467768492061609', 'T. Cahyadi Suryatmi, M.Kom.', 'farhunnisapalastri@example.org', '+62-38-430-5456', 6, 'citizen', 55, 50.32, 'n95');
INSERT INTO citizen_citizens (id, nik, name, email, phone, zone_id, role, age, weight_kg, mask_type) VALUES (104, '3179451788902942209', 'drg. Kardi Kuswandari, S.Pd', 'pangestulalita@example.com', '+62 (099) 298-2771', 4, 'citizen', 60, 107.04, 'n95');
INSERT INTO citizen_citizens (id, nik, name, email, phone, zone_id, role, age, weight_kg, mask_type) VALUES (105, '3178312925519131702', 'Anita Oktaviani, S.E.', 'gamani27@example.com', '+62 (64) 931-1280', 5, 'citizen', 53, 91.54, 'n95');
INSERT INTO citizen_citizens (id, nik, name, email, phone, zone_id, role, age, weight_kg, mask_type) VALUES (106, '3171536357910381662', 'Kartika Yolanda, S.T.', 'iswahyudifebi@example.net', '+62-669-315-3194', 10, 'citizen', 56, 63.32, 'medical');
INSERT INTO citizen_citizens (id, nik, name, email, phone, zone_id, role, age, weight_kg, mask_type) VALUES (107, '3179034455329775534', 'Dr. Warta Haryanti', 'lurhurpermata@example.org', '+62-0361-527-4017', 4, 'citizen', 51, 48.94, 'cloth');
INSERT INTO citizen_citizens (id, nik, name, email, phone, zone_id, role, age, weight_kg, mask_type) VALUES (108, '3179731008819915524', 'Dr. Pandu Sihotang, S.Ked', 'parmanrajasa@example.org', '(057) 515 3467', 6, 'citizen', 61, 76.74, 'n95');
INSERT INTO citizen_citizens (id, nik, name, email, phone, zone_id, role, age, weight_kg, mask_type) VALUES (109, '3172446535313438545', 'Eka Namaga', 'karimah57@example.net', '(059) 616-4675', 6, 'citizen', 52, 66.58, 'n95');
INSERT INTO citizen_citizens (id, nik, name, email, phone, zone_id, role, age, weight_kg, mask_type) VALUES (110, '3178722687081813073', 'Kambali Wasita', 'padmasarileo@example.net', '+62 (786) 322-0843', 2, 'citizen', 35, 48.55, 'cloth');
INSERT INTO citizen_citizens (id, nik, name, email, phone, zone_id, role, age, weight_kg, mask_type) VALUES (111, '3173072285557625893', 'Ami Sihombing', 'wahyu34@example.net', '+62 (0247) 402-9207', 3, 'citizen', 24, 46.05, 'cloth');
INSERT INTO citizen_citizens (id, nik, name, email, phone, zone_id, role, age, weight_kg, mask_type) VALUES (112, '3175324990324011664', 'Purwadi Ardianto, S.Gz', 'siti71@example.net', '(0123) 687-5144', 8, 'citizen', 29, 76.36, 'n95');
INSERT INTO citizen_citizens (id, nik, name, email, phone, zone_id, role, age, weight_kg, mask_type) VALUES (113, '3177009759420716491', 'Mulyono Uyainah', 'icha51@example.net', '+62-25-509-8793', 10, 'citizen', 19, 106.56, 'medical');
INSERT INTO citizen_citizens (id, nik, name, email, phone, zone_id, role, age, weight_kg, mask_type) VALUES (114, '3178057281795942553', 'Laila Susanti', 'gara22@example.org', '+62 (78) 102-7921', 10, 'citizen', 70, 94.5, 'cloth');
INSERT INTO citizen_citizens (id, nik, name, email, phone, zone_id, role, age, weight_kg, mask_type) VALUES (115, '3175097888099151823', 'Oliva Dongoran', 'siregarian@example.org', '(0190) 021-3117', 3, 'citizen', 24, 80.7, 'cloth');
INSERT INTO citizen_citizens (id, nik, name, email, phone, zone_id, role, age, weight_kg, mask_type) VALUES (116, '3178626577892785322', 'Umar Nasyidah, S.Psi', 'mila38@example.org', '+62 (056) 497 8397', 8, 'citizen', 39, 62.51, 'medical');
INSERT INTO citizen_citizens (id, nik, name, email, phone, zone_id, role, age, weight_kg, mask_type) VALUES (117, '3176887484194213404', 'R.M. Gangsa Tamba, S.E.', 'chelsea96@example.net', '+62-66-870-8769', 6, 'citizen', 75, 97.73, 'n95');
INSERT INTO citizen_citizens (id, nik, name, email, phone, zone_id, role, age, weight_kg, mask_type) VALUES (118, '3173779419490729011', 'Endah Prasetyo', 'opradana@example.com', '+62-233-073-4543', 6, 'admin', 25, 73.53, 'none');
INSERT INTO citizen_citizens (id, nik, name, email, phone, zone_id, role, age, weight_kg, mask_type) VALUES (119, '3176126574395779661', 'Tira Pangestu', 'sudiatigalar@example.net', '+62-154-506-4681', 1, 'citizen', 22, 48.22, 'none');
INSERT INTO citizen_citizens (id, nik, name, email, phone, zone_id, role, age, weight_kg, mask_type) VALUES (120, '3178406958786814916', 'Opan Sihombing', 'caketmanullang@example.com', '(0936) 639-9747', 8, 'citizen', 21, 89.07, 'none');
INSERT INTO citizen_citizens (id, nik, name, email, phone, zone_id, role, age, weight_kg, mask_type) VALUES (121, '3175302606836176829', 'Yuliana Sihotang', 'hartaka87@example.org', '+62 (838) 807-6851', 1, 'citizen', 51, 81.68, 'medical');
INSERT INTO citizen_citizens (id, nik, name, email, phone, zone_id, role, age, weight_kg, mask_type) VALUES (122, '3178582043319446523', 'Victoria Widiastuti', 'umayasari@example.org', '+62 (40) 566-5685', 10, 'citizen', 43, 83.1, 'n95');
INSERT INTO citizen_citizens (id, nik, name, email, phone, zone_id, role, age, weight_kg, mask_type) VALUES (123, '3174517389783355951', 'Tira Nasyiah', 'guyainah@example.org', '+62 (48) 115-1943', 5, 'citizen', 61, 59.58, 'medical');
INSERT INTO citizen_citizens (id, nik, name, email, phone, zone_id, role, age, weight_kg, mask_type) VALUES (124, '3178081529416170961', 'Gatot Nasyidah', 'pmangunsong@example.net', '(052) 017 2132', 8, 'citizen', 43, 87.66, 'medical');
INSERT INTO citizen_citizens (id, nik, name, email, phone, zone_id, role, age, weight_kg, mask_type) VALUES (125, '3176012219634119883', 'Betania Kusmawati', 'danusalahudin@example.net', '+62 (335) 739-4122', 3, 'citizen', 37, 100.8, 'medical');
INSERT INTO citizen_citizens (id, nik, name, email, phone, zone_id, role, age, weight_kg, mask_type) VALUES (126, '3177867733598158515', 'Dr. Ami Handayani, S.T.', 'vrajasa@example.com', '+62 (090) 792 2221', 9, 'citizen', 63, 96.23, 'cloth');
INSERT INTO citizen_citizens (id, nik, name, email, phone, zone_id, role, age, weight_kg, mask_type) VALUES (127, '3170587236193846615', 'Hairyanto Sihombing', 'sitorusrika@example.net', '+62 (0844) 652 5577', 4, 'citizen', 19, 92.81, 'medical');
INSERT INTO citizen_citizens (id, nik, name, email, phone, zone_id, role, age, weight_kg, mask_type) VALUES (128, '3177357509469161810', 'Drs. Rina Haryanto', 'jamalastuti@example.org', '+62 (10) 993-5103', 6, 'citizen', 59, 109.07, 'n95');
INSERT INTO citizen_citizens (id, nik, name, email, phone, zone_id, role, age, weight_kg, mask_type) VALUES (129, '3172219471809118644', 'T. Bahuwarna Permata', 'nugrohomartaka@example.net', '+62-075-743-5222', 6, 'citizen', 54, 83.36, 'none');
INSERT INTO citizen_citizens (id, nik, name, email, phone, zone_id, role, age, weight_kg, mask_type) VALUES (130, '3173375157744552656', 'Michelle Suartini', 'alambanapertiwi@example.net', '(0734) 155-0050', 8, 'citizen', 38, 59.49, 'none');
INSERT INTO citizen_citizens (id, nik, name, email, phone, zone_id, role, age, weight_kg, mask_type) VALUES (131, '3177724071318268980', 'drg. Dalima Hariyah', 'lukita25@example.net', '+62 (061) 377-5172', 1, 'citizen', 46, 55.96, 'medical');
INSERT INTO citizen_citizens (id, nik, name, email, phone, zone_id, role, age, weight_kg, mask_type) VALUES (132, '3171362153405866558', 'Cawuk Saputra', 'rwahyuni@example.org', '+62 (16) 448 0811', 3, 'citizen', 34, 73.85, 'cloth');
INSERT INTO citizen_citizens (id, nik, name, email, phone, zone_id, role, age, weight_kg, mask_type) VALUES (133, '3177890566152618310', 'Ellis Thamrin', 'kuswandariadiarja@example.net', '0831779720', 6, 'citizen', 72, 74.35, 'none');
INSERT INTO citizen_citizens (id, nik, name, email, phone, zone_id, role, age, weight_kg, mask_type) VALUES (134, '3176811915666500871', 'Samsul Farida', 'catur28@example.net', '+62-425-140-4804', 6, 'admin', 41, 51.1, 'cloth');
INSERT INTO citizen_citizens (id, nik, name, email, phone, zone_id, role, age, weight_kg, mask_type) VALUES (135, '3171460396182542705', 'Aurora Agustina', 'kezia82@example.com', '086 812 1036', 4, 'citizen', 66, 75.72, 'none');
INSERT INTO citizen_citizens (id, nik, name, email, phone, zone_id, role, age, weight_kg, mask_type) VALUES (136, '3170137867979471548', 'Kajen Puspita', 'xpradipta@example.org', '+62-0018-509-3865', 2, 'citizen', 49, 70.45, 'none');
INSERT INTO citizen_citizens (id, nik, name, email, phone, zone_id, role, age, weight_kg, mask_type) VALUES (137, '3179659920082731420', 'Hani Ramadan', 'bsamosir@example.net', '+62 (368) 935-1147', 1, 'citizen', 74, 61.44, 'none');
INSERT INTO citizen_citizens (id, nik, name, email, phone, zone_id, role, age, weight_kg, mask_type) VALUES (138, '3172220616570950527', 'Galih Utama', 'bambang18@example.net', '+62-0934-510-2303', 9, 'admin', 58, 81.12, 'medical');
INSERT INTO citizen_citizens (id, nik, name, email, phone, zone_id, role, age, weight_kg, mask_type) VALUES (139, '3179073410485638401', 'Wani Permadi', 'mpranowo@example.com', '(0062) 210 1802', 9, 'citizen', 26, 84.07, 'none');
INSERT INTO citizen_citizens (id, nik, name, email, phone, zone_id, role, age, weight_kg, mask_type) VALUES (140, '3171664098593028250', 'Calista Kusumo', 'cpermadi@example.net', '0803762476', 9, 'citizen', 35, 101.58, 'none');
INSERT INTO citizen_citizens (id, nik, name, email, phone, zone_id, role, age, weight_kg, mask_type) VALUES (141, '3172252522814492916', 'Tantri Hutasoit', 'jayapurwanti@example.org', '(054) 406-3634', 8, 'citizen', 24, 54.91, 'n95');
INSERT INTO citizen_citizens (id, nik, name, email, phone, zone_id, role, age, weight_kg, mask_type) VALUES (142, '3171541809302461435', 'Tantri Hassanah', 'hariyahwasis@example.net', '+62-069-231-2146', 7, 'citizen', 38, 56.48, 'cloth');
INSERT INTO citizen_citizens (id, nik, name, email, phone, zone_id, role, age, weight_kg, mask_type) VALUES (143, '3176759024911127946', 'Balidin Halim', 'balijanhalim@example.com', '+62 (011) 719-0122', 1, 'citizen', 36, 62.39, 'medical');
INSERT INTO citizen_citizens (id, nik, name, email, phone, zone_id, role, age, weight_kg, mask_type) VALUES (144, '3175793915427206229', 'Tgk. Marwata Pradipta', 'usyinainggolan@example.org', '+62 (440) 802 2674', 6, 'citizen', 54, 65.66, 'medical');
INSERT INTO citizen_citizens (id, nik, name, email, phone, zone_id, role, age, weight_kg, mask_type) VALUES (145, '3179549503929208814', 'Drs. Hani Safitri, S.Sos', 'manah27@example.com', '+62 (207) 788 7246', 6, 'citizen', 39, 46.22, 'none');
INSERT INTO citizen_citizens (id, nik, name, email, phone, zone_id, role, age, weight_kg, mask_type) VALUES (146, '3172378284058234452', 'Bakijan Rahimah, S.Pd', 'opranowo@example.net', '+62 (025) 905-8338', 2, 'admin', 55, 62.33, 'cloth');
INSERT INTO citizen_citizens (id, nik, name, email, phone, zone_id, role, age, weight_kg, mask_type) VALUES (147, '3170780412008953794', 'Karsana Rahimah', 'saryani@example.org', '+62 (201) 509 9809', 2, 'citizen', 31, 51.34, 'medical');
INSERT INTO citizen_citizens (id, nik, name, email, phone, zone_id, role, age, weight_kg, mask_type) VALUES (148, '3176968758153359346', 'Bakda Sinaga', 'entengmayasari@example.org', '+62 (0716) 658-9808', 9, 'citizen', 67, 92.56, 'medical');
INSERT INTO citizen_citizens (id, nik, name, email, phone, zone_id, role, age, weight_kg, mask_type) VALUES (149, '3178814270762322795', 'Jane Yuliarti', 'ryuliarti@example.net', '+62 (77) 071-0434', 7, 'citizen', 47, 48.31, 'medical');
INSERT INTO citizen_citizens (id, nik, name, email, phone, zone_id, role, age, weight_kg, mask_type) VALUES (150, '3173049355781801817', 'Citra Riyanti', 'prakosa99@example.com', '(0600) 035-0819', 8, 'citizen', 56, 107.31, 'cloth');
INSERT INTO citizen_citizens (id, nik, name, email, phone, zone_id, role, age, weight_kg, mask_type) VALUES (151, '3177687304908481522', 'dr. Mala Simanjuntak', 'lasmonohassanah@example.org', '+62-91-375-7543', 6, 'citizen', 44, 64.25, 'cloth');
INSERT INTO citizen_citizens (id, nik, name, email, phone, zone_id, role, age, weight_kg, mask_type) VALUES (152, '3175853963722579123', 'Kamaria Zulaika', 'dkusumo@example.com', '+62-052-885-9924', 7, 'citizen', 42, 76.66, 'n95');
INSERT INTO citizen_citizens (id, nik, name, email, phone, zone_id, role, age, weight_kg, mask_type) VALUES (153, '3176453383863251941', 'Karna Hutasoit', 'yanisihombing@example.net', '+62-641-946-0203', 9, 'citizen', 56, 59.9, 'medical');
INSERT INTO citizen_citizens (id, nik, name, email, phone, zone_id, role, age, weight_kg, mask_type) VALUES (154, '3171472396460564400', 'Siti Januar', 'maheswaraasmuni@example.net', '(028) 982 8490', 8, 'citizen', 49, 51.8, 'none');
INSERT INTO citizen_citizens (id, nik, name, email, phone, zone_id, role, age, weight_kg, mask_type) VALUES (155, '3178521973132250906', 'Hani Safitri', 'whandayani@example.org', '+62 (014) 207 9488', 5, 'citizen', 38, 96.41, 'none');
INSERT INTO citizen_citizens (id, nik, name, email, phone, zone_id, role, age, weight_kg, mask_type) VALUES (156, '3171449676937208321', 'Gawati Mandala', 'wputra@example.net', '+62-041-043-9869', 3, 'citizen', 52, 66.22, 'medical');
INSERT INTO citizen_citizens (id, nik, name, email, phone, zone_id, role, age, weight_kg, mask_type) VALUES (157, '3170680729075822176', 'Zelda Puspita, S.T.', 'hestiwaluyo@example.net', '+62 (012) 356 1689', 10, 'citizen', 19, 82.7, 'none');
INSERT INTO citizen_citizens (id, nik, name, email, phone, zone_id, role, age, weight_kg, mask_type) VALUES (158, '3173107001200016457', 'Sutan Lulut Hastuti, S.Pd', 'lsuryono@example.org', '(081) 753-0496', 6, 'citizen', 19, 61.3, 'medical');
INSERT INTO citizen_citizens (id, nik, name, email, phone, zone_id, role, age, weight_kg, mask_type) VALUES (159, '3176353779577764888', 'Dodo Narpati, M.TI.', 'lasmantopurwanti@example.net', '+62 (768) 933-9233', 1, 'citizen', 47, 102.58, 'none');
INSERT INTO citizen_citizens (id, nik, name, email, phone, zone_id, role, age, weight_kg, mask_type) VALUES (160, '3174925436924096579', 'Lamar Farida', 'faridaatmaja@example.org', '087 975 0450', 6, 'citizen', 20, 95.93, 'none');
INSERT INTO citizen_citizens (id, nik, name, email, phone, zone_id, role, age, weight_kg, mask_type) VALUES (161, '3176683310949459686', 'Emin Wahyudin', 'ganjaranmarbun@example.net', '+62 (097) 047-1025', 7, 'citizen', 23, 99.34, 'n95');
INSERT INTO citizen_citizens (id, nik, name, email, phone, zone_id, role, age, weight_kg, mask_type) VALUES (162, '3170746668914239169', 'Hj. Raina Pangestu, S.Pt', 'vkusumo@example.com', '+62 (0726) 584 4266', 3, 'citizen', 58, 68.26, 'cloth');
INSERT INTO citizen_citizens (id, nik, name, email, phone, zone_id, role, age, weight_kg, mask_type) VALUES (163, '3177248818341780204', 'dr. Ellis Salahudin', 'kamila59@example.com', '+62 (901) 536 6143', 10, 'citizen', 36, 78.21, 'none');
INSERT INTO citizen_citizens (id, nik, name, email, phone, zone_id, role, age, weight_kg, mask_type) VALUES (164, '3177056135587446999', 'Uli Firmansyah', 'jamalpradipta@example.net', '+62 (411) 803 7899', 5, 'citizen', 60, 93.0, 'medical');
INSERT INTO citizen_citizens (id, nik, name, email, phone, zone_id, role, age, weight_kg, mask_type) VALUES (165, '3174519269939693470', 'Prabawa Nainggolan', 'latif33@example.org', '(0588) 084 0852', 9, 'citizen', 42, 57.94, 'cloth');
INSERT INTO citizen_citizens (id, nik, name, email, phone, zone_id, role, age, weight_kg, mask_type) VALUES (166, '3174879643612047015', 'Kurnia Dongoran, S.E.', 'iswahyudihasna@example.org', '+62 (008) 179-9602', 1, 'citizen', 51, 88.66, 'cloth');
INSERT INTO citizen_citizens (id, nik, name, email, phone, zone_id, role, age, weight_kg, mask_type) VALUES (167, '3173312528572473549', 'Galuh Saputra', 'edihassanah@example.com', '+62 (0903) 243-0734', 2, 'citizen', 36, 64.21, 'medical');
INSERT INTO citizen_citizens (id, nik, name, email, phone, zone_id, role, age, weight_kg, mask_type) VALUES (168, '3172576156151123268', 'Hardana Hartati', 'puspapratama@example.com', '(081) 887 2687', 1, 'citizen', 59, 81.62, 'cloth');
INSERT INTO citizen_citizens (id, nik, name, email, phone, zone_id, role, age, weight_kg, mask_type) VALUES (169, '3172744103453174204', 'Sakura Pratama', 'mpratama@example.org', '+62-94-375-2790', 3, 'citizen', 64, 59.38, 'cloth');
INSERT INTO citizen_citizens (id, nik, name, email, phone, zone_id, role, age, weight_kg, mask_type) VALUES (170, '3178364882566050615', 'Mulyanto Purwanti', 'halimahcahyanto@example.org', '+62-0671-117-1635', 1, 'citizen', 22, 84.15, 'none');
INSERT INTO citizen_citizens (id, nik, name, email, phone, zone_id, role, age, weight_kg, mask_type) VALUES (171, '3173853580700516184', 'Silvia Tamba', 'elisawaluyo@example.org', '+62 (0345) 007 0929', 10, 'citizen', 52, 60.22, 'n95');
INSERT INTO citizen_citizens (id, nik, name, email, phone, zone_id, role, age, weight_kg, mask_type) VALUES (172, '3178654707718916224', 'Tgk. Karya Winarno, S.Psi', 'tampubolonyessi@example.com', '+62-10-931-5462', 7, 'citizen', 29, 46.25, 'none');
INSERT INTO citizen_citizens (id, nik, name, email, phone, zone_id, role, age, weight_kg, mask_type) VALUES (173, '3176966730479824663', 'Gaduh Sirait', 'kalimsitompul@example.com', '+62-002-213-2272', 5, 'citizen', 66, 78.13, 'none');
INSERT INTO citizen_citizens (id, nik, name, email, phone, zone_id, role, age, weight_kg, mask_type) VALUES (174, '3176934347163047335', 'Ophelia Thamrin', 'zlazuardi@example.net', '+62-081-114-7451', 9, 'citizen', 55, 46.99, 'cloth');
INSERT INTO citizen_citizens (id, nik, name, email, phone, zone_id, role, age, weight_kg, mask_type) VALUES (175, '3176441013337299738', 'drg. Balapati Hastuti, S.I.Kom', 'darmanlaksita@example.com', '+62 (15) 099 1314', 3, 'admin', 42, 96.19, 'n95');
INSERT INTO citizen_citizens (id, nik, name, email, phone, zone_id, role, age, weight_kg, mask_type) VALUES (176, '3170622150135475251', 'Queen Laksita', 'widodoharsaya@example.com', '+62 (214) 915-0865', 10, 'citizen', 73, 72.52, 'medical');
INSERT INTO citizen_citizens (id, nik, name, email, phone, zone_id, role, age, weight_kg, mask_type) VALUES (177, '3177489554896833549', 'Pardi Mustofa', 'oktavianiunggul@example.net', '+62 (16) 655-4138', 7, 'citizen', 74, 47.36, 'n95');
INSERT INTO citizen_citizens (id, nik, name, email, phone, zone_id, role, age, weight_kg, mask_type) VALUES (178, '3178743321203040642', 'Tgk. Pangestu Pratiwi, S.E.I', 'najmudinpadmi@example.com', '+62-413-822-5820', 5, 'citizen', 72, 58.54, 'n95');
INSERT INTO citizen_citizens (id, nik, name, email, phone, zone_id, role, age, weight_kg, mask_type) VALUES (179, '3175818584233716214', 'Indah Tampubolon', 'mahendrataufik@example.net', '(0411) 249-6448', 8, 'citizen', 27, 73.34, 'cloth');
INSERT INTO citizen_citizens (id, nik, name, email, phone, zone_id, role, age, weight_kg, mask_type) VALUES (180, '3174605533511749055', 'Arsipatra Puspasari', 'kalim29@example.net', '0872752589', 2, 'citizen', 21, 60.93, 'n95');
INSERT INTO citizen_citizens (id, nik, name, email, phone, zone_id, role, age, weight_kg, mask_type) VALUES (181, '3172541871936485670', 'Jessica Gunarto, M.Ak', 'michelle97@example.org', '+62 (0558) 037-2102', 1, 'citizen', 58, 85.35, 'medical');
INSERT INTO citizen_citizens (id, nik, name, email, phone, zone_id, role, age, weight_kg, mask_type) VALUES (182, '3176070586738620727', 'Langgeng Sirait, S.T.', 'martanawijaya@example.com', '(0194) 022-5138', 1, 'citizen', 44, 107.65, 'cloth');
INSERT INTO citizen_citizens (id, nik, name, email, phone, zone_id, role, age, weight_kg, mask_type) VALUES (183, '3177383199364285096', 'Indah Nuraini', 'dpurwanti@example.com', '+62 (806) 876 9036', 7, 'citizen', 29, 102.68, 'medical');
INSERT INTO citizen_citizens (id, nik, name, email, phone, zone_id, role, age, weight_kg, mask_type) VALUES (184, '3176768953806376721', 'Cornelia Situmorang, S.Gz', 'asitorus@example.net', '+62 (22) 344 9989', 9, 'citizen', 69, 93.69, 'n95');
INSERT INTO citizen_citizens (id, nik, name, email, phone, zone_id, role, age, weight_kg, mask_type) VALUES (185, '3172087801761488257', 'Humaira Pranowo', 'harjasa87@example.com', '(010) 581-4943', 5, 'citizen', 52, 55.37, 'medical');
INSERT INTO citizen_citizens (id, nik, name, email, phone, zone_id, role, age, weight_kg, mask_type) VALUES (186, '3174932099389133341', 'Cut Rahmi Puspita, S.Sos', 'ulvapangestu@example.net', '+62 (0368) 423-3048', 5, 'citizen', 72, 63.97, 'medical');
INSERT INTO citizen_citizens (id, nik, name, email, phone, zone_id, role, age, weight_kg, mask_type) VALUES (187, '3173287301383914709', 'drg. Aisyah Iswahyudi, S.Pt', 'putithamrin@example.net', '(072) 088-1013', 6, 'citizen', 30, 70.37, 'n95');
INSERT INTO citizen_citizens (id, nik, name, email, phone, zone_id, role, age, weight_kg, mask_type) VALUES (188, '3174162627395559052', 'Kunthara Hidayat', 'lazuardidagel@example.net', '+62 (919) 583 0794', 4, 'citizen', 46, 102.05, 'cloth');
INSERT INTO citizen_citizens (id, nik, name, email, phone, zone_id, role, age, weight_kg, mask_type) VALUES (189, '3172936759674139912', 'Fitriani Nugroho', 'suryonocahyo@example.net', '+62 (079) 512-2233', 5, 'citizen', 36, 96.23, 'cloth');
INSERT INTO citizen_citizens (id, nik, name, email, phone, zone_id, role, age, weight_kg, mask_type) VALUES (190, '3175809104331669693', 'Puti Salwa Agustina, S.Gz', 'zmaryati@example.com', '0879063739', 8, 'citizen', 56, 46.36, 'n95');
INSERT INTO citizen_citizens (id, nik, name, email, phone, zone_id, role, age, weight_kg, mask_type) VALUES (191, '3172377872181696304', 'Tomi Mardhiyah, S.E.', 'clara21@example.com', '+62 (0917) 533-6889', 7, 'citizen', 52, 100.45, 'cloth');
INSERT INTO citizen_citizens (id, nik, name, email, phone, zone_id, role, age, weight_kg, mask_type) VALUES (192, '3174257123737904197', 'drg. Dina Usada', 'bnashiruddin@example.net', '+62 (31) 415 6020', 4, 'citizen', 27, 83.61, 'n95');
INSERT INTO citizen_citizens (id, nik, name, email, phone, zone_id, role, age, weight_kg, mask_type) VALUES (193, '3175138237649440070', 'Ir. Elma Melani', 'cutami@example.com', '+62-011-914-8531', 2, 'citizen', 39, 106.08, 'none');
INSERT INTO citizen_citizens (id, nik, name, email, phone, zone_id, role, age, weight_kg, mask_type) VALUES (194, '3172625298704155191', 'Dewi Sitompul', 'najwaputra@example.net', '+62-155-766-7840', 7, 'citizen', 17, 85.29, 'cloth');
INSERT INTO citizen_citizens (id, nik, name, email, phone, zone_id, role, age, weight_kg, mask_type) VALUES (195, '3171440318519610704', 'Maras Laksmiwati', 'dsafitri@example.net', '+62 (063) 819-5967', 4, 'citizen', 49, 56.13, 'n95');
INSERT INTO citizen_citizens (id, nik, name, email, phone, zone_id, role, age, weight_kg, mask_type) VALUES (196, '3170621507382205829', 'Ajimin Maryadi, M.Kom.', 'asirwadapurwanti@example.com', '+62 (006) 416 0886', 5, 'citizen', 17, 89.1, 'n95');
INSERT INTO citizen_citizens (id, nik, name, email, phone, zone_id, role, age, weight_kg, mask_type) VALUES (197, '3170818792272534592', 'Caraka Hutagalung', 'nprayoga@example.com', '+62 (010) 435 6941', 2, 'citizen', 19, 58.19, 'cloth');
INSERT INTO citizen_citizens (id, nik, name, email, phone, zone_id, role, age, weight_kg, mask_type) VALUES (198, '3173326721218063487', 'Kasim Santoso', 'restu43@example.com', '(0504) 448 9870', 1, 'citizen', 52, 92.36, 'n95');
INSERT INTO citizen_citizens (id, nik, name, email, phone, zone_id, role, age, weight_kg, mask_type) VALUES (199, '3170320129929539482', 'Malika Haryanti', 'titi26@example.org', '+62-16-350-5351', 5, 'citizen', 29, 67.78, 'none');
INSERT INTO citizen_citizens (id, nik, name, email, phone, zone_id, role, age, weight_kg, mask_type) VALUES (200, '3174016720062525850', 'Citra Hidayat, S.Ked', 'odabukke@example.com', '(086) 840 5208', 4, 'citizen', 49, 60.67, 'medical');
INSERT INTO citizen_citizens (id, nik, name, email, phone, zone_id, role, age, weight_kg, mask_type) VALUES (201, '3171164863480382122', 'Rachel Firgantoro', 'smangunsong@example.net', '+62 (119) 082 0621', 3, 'citizen', 45, 72.21, 'none');
INSERT INTO citizen_citizens (id, nik, name, email, phone, zone_id, role, age, weight_kg, mask_type) VALUES (202, '3176628057659163631', 'Sari Yolanda', 'ramadanibun@example.org', '+62 (069) 745 0261', 2, 'citizen', 26, 91.48, 'medical');
INSERT INTO citizen_citizens (id, nik, name, email, phone, zone_id, role, age, weight_kg, mask_type) VALUES (203, '3175873594522367923', 'Malika Padmasari', 'ian91@example.net', '+62 (0448) 656 2479', 5, 'citizen', 71, 49.38, 'n95');
INSERT INTO citizen_citizens (id, nik, name, email, phone, zone_id, role, age, weight_kg, mask_type) VALUES (204, '3174414139053737247', 'Drs. Harto Samosir', 'suryonoputi@example.com', '+62 (0416) 413-4739', 2, 'citizen', 33, 75.21, 'medical');
INSERT INTO citizen_citizens (id, nik, name, email, phone, zone_id, role, age, weight_kg, mask_type) VALUES (205, '3175672447893894551', 'Tgk. Joko Padmasari', 'msalahudin@example.com', '081 550 2739', 10, 'citizen', 31, 80.49, 'cloth');
INSERT INTO citizen_citizens (id, nik, name, email, phone, zone_id, role, age, weight_kg, mask_type) VALUES (206, '3170510452871324454', 'Nadia Sirait', 'cinthiaaryani@example.org', '+62-0517-403-0795', 2, 'citizen', 61, 72.44, 'none');
INSERT INTO citizen_citizens (id, nik, name, email, phone, zone_id, role, age, weight_kg, mask_type) VALUES (207, '3179172782613952051', 'Dr. Adikara Sihombing', 'wsitorus@example.org', '0896313950', 9, 'citizen', 16, 90.11, 'medical');
INSERT INTO citizen_citizens (id, nik, name, email, phone, zone_id, role, age, weight_kg, mask_type) VALUES (208, '3176132828002755726', 'Balapati Hartati', 'bagyawibisono@example.org', '+62-977-301-8161', 8, 'citizen', 54, 87.16, 'n95');
INSERT INTO citizen_citizens (id, nik, name, email, phone, zone_id, role, age, weight_kg, mask_type) VALUES (209, '3176843674613297440', 'R.M. Cahya Mahendra, S.Psi', 'fhabibi@example.net', '+62-092-826-8530', 7, 'citizen', 28, 71.32, 'medical');
INSERT INTO citizen_citizens (id, nik, name, email, phone, zone_id, role, age, weight_kg, mask_type) VALUES (210, '3175310491596109128', 'Jayeng Suartini', 'palastrihairyanto@example.org', '+62 (0479) 370-9938', 9, 'citizen', 27, 65.7, 'n95');
INSERT INTO citizen_citizens (id, nik, name, email, phone, zone_id, role, age, weight_kg, mask_type) VALUES (211, '3178493493835563117', 'Lala Palastri', 'wdongoran@example.com', '+62-011-980-6883', 7, 'citizen', 43, 104.33, 'medical');
INSERT INTO citizen_citizens (id, nik, name, email, phone, zone_id, role, age, weight_kg, mask_type) VALUES (212, '3177610331937884197', 'Melinda Manullang', 'hana80@example.net', '+62 (077) 050-5889', 6, 'citizen', 39, 64.37, 'none');
INSERT INTO citizen_citizens (id, nik, name, email, phone, zone_id, role, age, weight_kg, mask_type) VALUES (213, '3177023175618549659', 'Baktiono Halimah', 'eja41@example.com', '+62-792-141-9926', 2, 'citizen', 40, 47.29, 'medical');
INSERT INTO citizen_citizens (id, nik, name, email, phone, zone_id, role, age, weight_kg, mask_type) VALUES (214, '3171657106091090360', 'Dr. Tasnim Wahyuni, S.E.', 'widiastutiumar@example.net', '0846222850', 4, 'citizen', 16, 49.92, 'n95');
INSERT INTO citizen_citizens (id, nik, name, email, phone, zone_id, role, age, weight_kg, mask_type) VALUES (215, '3173511112034157805', 'Zizi Hutapea, S.Kom', 'oprakasa@example.net', '+62 (0687) 912-3066', 6, 'citizen', 54, 77.93, 'none');
INSERT INTO citizen_citizens (id, nik, name, email, phone, zone_id, role, age, weight_kg, mask_type) VALUES (216, '3178783891904225957', 'Yuni Gunawan', 'margana04@example.net', '(072) 535-2135', 7, 'citizen', 25, 61.03, 'none');
INSERT INTO citizen_citizens (id, nik, name, email, phone, zone_id, role, age, weight_kg, mask_type) VALUES (217, '3179528671081624970', 'Ilyas Ardianto, M.M.', 'mutia40@example.com', '(055) 662 3212', 1, 'citizen', 44, 74.21, 'medical');
INSERT INTO citizen_citizens (id, nik, name, email, phone, zone_id, role, age, weight_kg, mask_type) VALUES (218, '3170658719493370065', 'Kartika Wasita', 'irmaprakasa@example.net', '+62 (60) 503 2113', 7, 'citizen', 35, 104.53, 'none');
INSERT INTO citizen_citizens (id, nik, name, email, phone, zone_id, role, age, weight_kg, mask_type) VALUES (219, '3171860663687265982', 'Ir. Sarah Puspita', 'embuh71@example.net', '+62 (0493) 363 7585', 8, 'citizen', 25, 79.71, 'n95');
INSERT INTO citizen_citizens (id, nik, name, email, phone, zone_id, role, age, weight_kg, mask_type) VALUES (220, '3170590162892285661', 'Luthfi Laksmiwati, S.Gz', 'sinagagalih@example.org', '+62 (029) 687 4088', 9, 'citizen', 22, 51.24, 'cloth');
INSERT INTO citizen_citizens (id, nik, name, email, phone, zone_id, role, age, weight_kg, mask_type) VALUES (221, '3170249552401214384', 'Titin Marbun', 'lurhur05@example.net', '+62 (15) 013-3167', 8, 'citizen', 69, 101.74, 'cloth');
INSERT INTO citizen_citizens (id, nik, name, email, phone, zone_id, role, age, weight_kg, mask_type) VALUES (222, '3179559098766673100', 'Titin Puspita', 'sudiatikairav@example.org', '(065) 831-8619', 9, 'citizen', 47, 60.01, 'medical');
INSERT INTO citizen_citizens (id, nik, name, email, phone, zone_id, role, age, weight_kg, mask_type) VALUES (223, '3175471756500803779', 'Cemplunk Puspasari', 'rajasakarimah@example.com', '(000) 211-4143', 7, 'citizen', 41, 72.96, 'n95');
INSERT INTO citizen_citizens (id, nik, name, email, phone, zone_id, role, age, weight_kg, mask_type) VALUES (224, '3179530834650067949', 'KH. Karna Hidayat, M.Farm', 'egunarto@example.net', '+62-0913-174-3490', 2, 'citizen', 62, 81.5, 'none');
INSERT INTO citizen_citizens (id, nik, name, email, phone, zone_id, role, age, weight_kg, mask_type) VALUES (225, '3179862204955721176', 'Tgk. Clara Budiman, M.TI.', 'dsudiati@example.org', '+62-114-164-0304', 5, 'citizen', 59, 69.22, 'none');
INSERT INTO citizen_citizens (id, nik, name, email, phone, zone_id, role, age, weight_kg, mask_type) VALUES (226, '3178182363004119458', 'Drs. Azalea Marbun', 'suwarnohumaira@example.org', '+62 (910) 716-2123', 10, 'citizen', 75, 105.94, 'medical');
INSERT INTO citizen_citizens (id, nik, name, email, phone, zone_id, role, age, weight_kg, mask_type) VALUES (227, '3171739766442147548', 'drg. Padmi Andriani', 'ekomaulana@example.net', '+62 (0955) 632-1584', 5, 'citizen', 15, 67.62, 'medical');
INSERT INTO citizen_citizens (id, nik, name, email, phone, zone_id, role, age, weight_kg, mask_type) VALUES (228, '3172870028994907540', 'Michelle Anggriawan, S.E.', 'kaniawahyudin@example.net', '+62 (70) 082-1788', 8, 'citizen', 38, 64.92, 'none');
INSERT INTO citizen_citizens (id, nik, name, email, phone, zone_id, role, age, weight_kg, mask_type) VALUES (229, '3176836673386417239', 'Ilsa Suryatmi', 'ramadanaisyah@example.net', '(0169) 861-4296', 6, 'citizen', 19, 60.11, 'n95');
INSERT INTO citizen_citizens (id, nik, name, email, phone, zone_id, role, age, weight_kg, mask_type) VALUES (230, '3174470980982543046', 'Ajeng Megantara', 'siraitmaras@example.com', '+62-0602-691-2421', 3, 'citizen', 48, 94.69, 'n95');
INSERT INTO citizen_citizens (id, nik, name, email, phone, zone_id, role, age, weight_kg, mask_type) VALUES (231, '3177112646333875478', 'dr. Manah Handayani', 'kartikamaulana@example.net', '+62 (052) 609 3649', 5, 'citizen', 63, 48.57, 'none');
INSERT INTO citizen_citizens (id, nik, name, email, phone, zone_id, role, age, weight_kg, mask_type) VALUES (232, '3170613637852592027', 'Kamila Mayasari, M.Farm', 'nova96@example.org', '(0951) 595 5666', 7, 'citizen', 52, 100.47, 'cloth');
INSERT INTO citizen_citizens (id, nik, name, email, phone, zone_id, role, age, weight_kg, mask_type) VALUES (233, '3174506620584427342', 'Ida Wibowo, S.Gz', 'eva82@example.org', '+62 (939) 864-0579', 9, 'citizen', 69, 98.52, 'medical');
INSERT INTO citizen_citizens (id, nik, name, email, phone, zone_id, role, age, weight_kg, mask_type) VALUES (234, '3177815750067138400', 'R.A. Rachel Mardhiyah', 'ztampubolon@example.com', '(0151) 215-3933', 5, 'citizen', 58, 82.01, 'medical');
INSERT INTO citizen_citizens (id, nik, name, email, phone, zone_id, role, age, weight_kg, mask_type) VALUES (235, '3172016860962090802', 'Dr. Limar Megantara', 'padmasihombing@example.org', '+62 (88) 652 6201', 7, 'admin', 67, 69.16, 'n95');
INSERT INTO citizen_citizens (id, nik, name, email, phone, zone_id, role, age, weight_kg, mask_type) VALUES (236, '3178070237463760164', 'dr. Usyi Fujiati, S.T.', 'haryantorizki@example.net', '+62-0616-100-2175', 10, 'citizen', 29, 74.35, 'none');
INSERT INTO citizen_citizens (id, nik, name, email, phone, zone_id, role, age, weight_kg, mask_type) VALUES (237, '3178019302842741019', 'Rahmi Purwanti', 'digdayahalim@example.org', '+62 (0102) 387 3043', 8, 'citizen', 19, 66.98, 'medical');
INSERT INTO citizen_citizens (id, nik, name, email, phone, zone_id, role, age, weight_kg, mask_type) VALUES (238, '3178184948274591230', 'Tari Tarihoran', 'abudiyanto@example.org', '+62 (084) 246 5369', 5, 'citizen', 51, 85.37, 'cloth');
INSERT INTO citizen_citizens (id, nik, name, email, phone, zone_id, role, age, weight_kg, mask_type) VALUES (239, '3179483585259948292', 'Mahesa Mustofa', 'luhung63@example.net', '(067) 721 5346', 2, 'citizen', 32, 85.88, 'none');
INSERT INTO citizen_citizens (id, nik, name, email, phone, zone_id, role, age, weight_kg, mask_type) VALUES (240, '3171600820558682145', 'Asmianto Suryatmi', 'utamitimbul@example.net', '+62-65-204-9472', 8, 'citizen', 50, 76.29, 'medical');
INSERT INTO citizen_citizens (id, nik, name, email, phone, zone_id, role, age, weight_kg, mask_type) VALUES (241, '3178193247804920941', 'Puti Agustina', 'wadi53@example.net', '082 257 4764', 8, 'admin', 73, 63.29, 'none');
INSERT INTO citizen_citizens (id, nik, name, email, phone, zone_id, role, age, weight_kg, mask_type) VALUES (242, '3172230076326177403', 'Jasmani Hutapea', 'baktionosusanti@example.org', '+62 (980) 329-9703', 3, 'citizen', 46, 52.98, 'cloth');
INSERT INTO citizen_citizens (id, nik, name, email, phone, zone_id, role, age, weight_kg, mask_type) VALUES (243, '3171085114675882423', 'Genta Wastuti', 'haryantopaulin@example.com', '+62 (32) 559-1515', 9, 'citizen', 75, 66.91, 'cloth');
INSERT INTO citizen_citizens (id, nik, name, email, phone, zone_id, role, age, weight_kg, mask_type) VALUES (244, '3178800503330302501', 'Jane Saptono, S.E.', 'zamirawidodo@example.org', '+62-051-849-9399', 1, 'citizen', 58, 76.19, 'n95');
INSERT INTO citizen_citizens (id, nik, name, email, phone, zone_id, role, age, weight_kg, mask_type) VALUES (245, '3175496452152103510', 'Victoria Maryati', 'restupudjiastuti@example.com', '+62 (156) 673-3458', 5, 'citizen', 42, 108.29, 'cloth');
INSERT INTO citizen_citizens (id, nik, name, email, phone, zone_id, role, age, weight_kg, mask_type) VALUES (246, '3178774003006526344', 'Dt. Bagas Simbolon, S.E.I', 'hardana28@example.net', '+62 (50) 259-7409', 4, 'citizen', 34, 56.88, 'n95');
INSERT INTO citizen_citizens (id, nik, name, email, phone, zone_id, role, age, weight_kg, mask_type) VALUES (247, '3179819657329437593', 'Pia Wacana, S.Ked', 'samosirbalapati@example.org', '+62 (629) 722-1501', 4, 'citizen', 70, 51.21, 'n95');
INSERT INTO citizen_citizens (id, nik, name, email, phone, zone_id, role, age, weight_kg, mask_type) VALUES (248, '3178794207218551889', 'Alika Salahudin', 'kusumozizi@example.org', '0808923082', 4, 'citizen', 49, 108.15, 'n95');
INSERT INTO citizen_citizens (id, nik, name, email, phone, zone_id, role, age, weight_kg, mask_type) VALUES (249, '3173912669329328115', 'Ir. Endah Uwais, S.Psi', 'ghutagalung@example.com', '080 303 6162', 5, 'citizen', 26, 103.22, 'cloth');
INSERT INTO citizen_citizens (id, nik, name, email, phone, zone_id, role, age, weight_kg, mask_type) VALUES (250, '3179335444387626537', 'Gantar Putra, S.E.', 'virman61@example.net', '(0918) 525-1557', 9, 'citizen', 63, 100.78, 'n95');

-- TRUNCATE & INSERT OAUTH TOKENS
TRUNCATE TABLE oauth_tokens;
INSERT INTO oauth_tokens (id, client_id, user_id, access_token, refresh_token, expires_at) VALUES (1, '996a280b', 197, 'daeb574866862b6787b4bb748eb885237d7323cb4525e22d54fc1c1ba4300cbe', 'e81f40f3a8ac5574978c24b963be3e026f14c9dc99f42b3f1a80b2ceed7dc3a2', '2026-07-26 23:49:31');
INSERT INTO oauth_tokens (id, client_id, user_id, access_token, refresh_token, expires_at) VALUES (2, 'cca176d2', 59, 'ba2b1616c2b27f61e40e43e4741d7a13320ae14f4cb6d64cfb414f95641fccfe', '1643eeb0b530369ad3817bed3b1533c310b0c4109502170537846a2674ec07d6', '2026-07-26 23:49:31');
INSERT INTO oauth_tokens (id, client_id, user_id, access_token, refresh_token, expires_at) VALUES (3, 'cca176d2', 159, '65a5dcc95db68a41346abc50b2618855fc83457919a167efdcc98a67cf309fb4', '1d35fd56ae71c3172d08cfa0450e345565e68036bd17b2538e06f9adfa2b3db0', '2026-07-26 23:49:31');
INSERT INTO oauth_tokens (id, client_id, user_id, access_token, refresh_token, expires_at) VALUES (4, '07e34bcb', 97, '0f1f4a01e1e7a7ade22c257146636648965bfbab4daf3c3d431c519a83ea9437', '5e6629b9fc03a9cbb0a41450d3fd17501ca0a56569d85ca57a75a9a8465b0ae3', '2026-07-26 23:49:31');
INSERT INTO oauth_tokens (id, client_id, user_id, access_token, refresh_token, expires_at) VALUES (5, 'ae6c07ae', 226, '7ffd8d85632100c3c8b886986703cb191a087668813515f6fe105e72d6ed04a0', '44538a67d7041bb376786ee0cf6be3afa8df88857a6dc81eb7477086f920a668', '2026-07-26 23:49:31');
INSERT INTO oauth_tokens (id, client_id, user_id, access_token, refresh_token, expires_at) VALUES (6, '07e34bcb', 190, 'a25f6005ff0404fb5e8e41ae8a1b9d26fcf6ec60b20858641472f19a2fb49841', 'e57166462e96097fbf98c7878552f8a49d2b3203bd12589028ee490a9ef1792c', '2026-07-26 23:49:31');
INSERT INTO oauth_tokens (id, client_id, user_id, access_token, refresh_token, expires_at) VALUES (7, '07e34bcb', 117, '183a69380984c4fc0e2edb06040dead31ed3ebaa311c2cc464ba6d91a8eaf937', '1171118ef8c4c65a6f3a86ab7ccd48821871e5946239c077e1409141e2f0c220', '2026-07-26 23:49:31');
INSERT INTO oauth_tokens (id, client_id, user_id, access_token, refresh_token, expires_at) VALUES (8, '24f547e5', 235, '74f6462c788f98101f437a95c66b72c6711c38f60b2d129e97af5b7b863e1442', '20a732d2ffacafaffba966d47d14ce5320fe5fd38258f952afb2e1db3b32dfd4', '2026-07-26 23:49:31');
INSERT INTO oauth_tokens (id, client_id, user_id, access_token, refresh_token, expires_at) VALUES (9, '07e34bcb', 226, 'd20df380fbff64772d25f8a48dc1e2f2c3eb56586b83b92ef2a3860956ce0e45', '17c291b2b1bd13c244272aabd1900ec8133af07af031ed3f9511753c1a08e559', '2026-07-26 23:49:31');
INSERT INTO oauth_tokens (id, client_id, user_id, access_token, refresh_token, expires_at) VALUES (10, '07e34bcb', 215, 'cb29816077b9fece32518cdf95ebdca91d5a7e921a803e6cd900507126504e76', 'ad2e35a5d6db0ef118aaedd35d846be1d458f1e58178470285381c4e6d90ffee', '2026-07-26 23:49:31');
INSERT INTO oauth_tokens (id, client_id, user_id, access_token, refresh_token, expires_at) VALUES (11, '24f547e5', 197, 'aabd4529b815f82b85acf40a628b16e3fb19bec0baae76ffdf657c7fab08ae62', '5be55227143e91523c185e6d5d84f27bff76adea9164be4b76c0a735e6acd7db', '2026-07-26 23:49:31');
INSERT INTO oauth_tokens (id, client_id, user_id, access_token, refresh_token, expires_at) VALUES (12, '996a280b', 152, '1c37cbccbeb22a481aa2b2170a9c89428a2be8421e95c0be162ed9b261a63d11', '1a5c3b94754657e64812de096612eeb7e01c5a195b8155e57f92073ba1145c0d', '2026-07-26 23:49:31');
INSERT INTO oauth_tokens (id, client_id, user_id, access_token, refresh_token, expires_at) VALUES (13, '24f547e5', 95, 'f142951e1cfb8141946a9a750d3f84b63527800dab8a22535e0189336cee9793', 'c5f437b3ebc4589b8ad2af32198906a302843a4ee2a5db7a0d31563229c048f3', '2026-07-26 23:49:31');
INSERT INTO oauth_tokens (id, client_id, user_id, access_token, refresh_token, expires_at) VALUES (14, 'cca176d2', 96, '2de013bf9e819e4dac54534001a76f68d1a867e63027a8cbb803eaae9f08598b', '51fdfe1df0b5b73194fa56423b911ea72ca1c23481c645bce5f6ca2540cfc95e', '2026-07-26 23:49:31');
INSERT INTO oauth_tokens (id, client_id, user_id, access_token, refresh_token, expires_at) VALUES (15, 'cca176d2', 123, 'b378aa365e98b0b1b9b50b4fa8d6068c18ff74112ecf504e865f48ea0fd6ca3f', 'bce739633547b4f20874b2f74833d44afb3fd635a2068391f6a70ecbe7de860e', '2026-07-26 23:49:31');
INSERT INTO oauth_tokens (id, client_id, user_id, access_token, refresh_token, expires_at) VALUES (16, 'cca176d2', 70, 'ea06accb152036885262ac043feb6d643f7f2e1e8c385fe3550ee05308e3325d', 'e88bd16eadb744b4fb5a6c26fa72ac3564a9c5adb052373641fe88502b629a63', '2026-07-26 23:49:31');
INSERT INTO oauth_tokens (id, client_id, user_id, access_token, refresh_token, expires_at) VALUES (17, '24f547e5', 144, '1f08d8b61d1c1434f1139b7933b1316375701fbffec71d977db97c2b68477157', 'b57ac2db227eae11cea2033bdbc84d8b1611337b0e3db5eb2ae56fc99fd1576b', '2026-07-26 23:49:31');
INSERT INTO oauth_tokens (id, client_id, user_id, access_token, refresh_token, expires_at) VALUES (18, 'ae6c07ae', 177, 'd83625d7579c780aff775dd7ac110dc801d3c48b9c82bcae479e2b1f42d070f1', '55f479e92e681c378d9a8d6477c695cdbe2bb4ad023cf1ba6a0b617addab364d', '2026-07-26 23:49:31');
INSERT INTO oauth_tokens (id, client_id, user_id, access_token, refresh_token, expires_at) VALUES (19, '996a280b', 34, 'b3ed9ce79f989445e1d57efc6962f1d233cd220f608af68c119a4e24e49f5483', '8022113a820c621f37ce93b2efee16d62c5b8efd348b2f4fef4cf053fa63e25b', '2026-07-26 23:49:31');
INSERT INTO oauth_tokens (id, client_id, user_id, access_token, refresh_token, expires_at) VALUES (20, 'ae6c07ae', 34, 'e2dec76bbdca623ee6737f80667ec84fc0b24375877afe8fe2327114e6104f60', 'abb65fca468853836d1b3e7512345fce51a888b43a09632098cb3bc4ca2f4669', '2026-07-26 23:49:31');
INSERT INTO oauth_tokens (id, client_id, user_id, access_token, refresh_token, expires_at) VALUES (21, '996a280b', 57, '1d7b311fe91fcf9cd098f0c6c817c11e31339638df0f0dca169da75029da895b', '5631ba2ecc7ecde150f48a9a1fb0b5b6401a5c7344a4ccc4081cc6235fd85d10', '2026-07-26 23:49:31');
INSERT INTO oauth_tokens (id, client_id, user_id, access_token, refresh_token, expires_at) VALUES (22, '07e34bcb', 84, '3b9addfa571caec208a097e7fa4cffd0f846865ba13c3fd8a5e6fa304845cf07', '9a6473d82cc8d5337a3cd8bb2a5af0f92f401196a8855a0fe428c0374bad12c5', '2026-07-26 23:49:31');
INSERT INTO oauth_tokens (id, client_id, user_id, access_token, refresh_token, expires_at) VALUES (23, 'ae6c07ae', 159, 'e017a8888934f0d1ee37013705f8bd9a0f5e22b764fdd1de6422cee07ef0a6b5', 'd2cf248f933c566122dfa147b03f1dfb49ba76eb8beab0f047ab5f1bc0362ceb', '2026-07-26 23:49:31');
INSERT INTO oauth_tokens (id, client_id, user_id, access_token, refresh_token, expires_at) VALUES (24, 'cca176d2', 105, 'ec2e738ffd4976a95aa394e4f0af3af3225872cfa4dbb9a21ba8ea2c375c6513', '0b518ba797071a0c4edd29347b92e93ed6f72fda2e723ec0ce5d9939b6858862', '2026-07-26 23:49:31');
INSERT INTO oauth_tokens (id, client_id, user_id, access_token, refresh_token, expires_at) VALUES (25, 'ae6c07ae', 134, 'b37dcb45867c3b65a0c72e9cc0ae23cc9f1d80f1b3c6d4b9f88388e5a3da58a2', 'a93b6e4082119b723e8a51451fb5472485d47362079d9be1faaaaa701fdaa10e', '2026-07-26 23:49:31');
INSERT INTO oauth_tokens (id, client_id, user_id, access_token, refresh_token, expires_at) VALUES (26, '07e34bcb', 3, '4dc767d468191088fd42610946d6d26ff401959afd2fbea0e5833d08c2f916da', '031b6e3f2127efc2378b8cddca31472bed8fd8c0898e0420a70a99ae9558962d', '2026-07-26 23:49:31');
INSERT INTO oauth_tokens (id, client_id, user_id, access_token, refresh_token, expires_at) VALUES (27, 'ae6c07ae', 163, '6563e5fb0b458766c469405acff4877109c1cd35fe98c8d0ae8a98e1fb899437', 'dfdf17e96b67b41d6115eac5d9cfaba241ff750f88433da511b5a834b390c1e1', '2026-07-26 23:49:31');
INSERT INTO oauth_tokens (id, client_id, user_id, access_token, refresh_token, expires_at) VALUES (28, '24f547e5', 63, 'c9df8fe92cf1cd64a06eb0bd260dd3c8624902356f9ca30b627845193cc13687', '6320e182471bdaa4bd0919a4e225c28edcb3f555ce3c1498f1d15690a7bc6c67', '2026-07-26 23:49:31');
INSERT INTO oauth_tokens (id, client_id, user_id, access_token, refresh_token, expires_at) VALUES (29, '24f547e5', 174, 'f66cb8a0a3681d0507cc162a399490c8aa8aba82d001a1b80d01a88cdf5f933b', 'fd76022f36883df428b60b318c8fc47361735110f4283644ce413e3f009addcf', '2026-07-26 23:49:31');
INSERT INTO oauth_tokens (id, client_id, user_id, access_token, refresh_token, expires_at) VALUES (30, '24f547e5', 223, '34f8f26ffc23b91204075ffe51d0e563bda9404ae99c31591a9ccad9567f4bb8', '112f3e2bdd4705fead11e6c24f609f7693107cef8253f6c64558170fb1ea234e', '2026-07-26 23:49:31');
INSERT INTO oauth_tokens (id, client_id, user_id, access_token, refresh_token, expires_at) VALUES (31, '996a280b', 63, 'c92c8d7c56e216bfa7174b2f7fb40424e60d6416972969702de1b11b166d44d8', 'b4d6ff1186e4a24508491c978ebec3f609be39f1a86f0d5205551078787a8001', '2026-07-26 23:49:31');
INSERT INTO oauth_tokens (id, client_id, user_id, access_token, refresh_token, expires_at) VALUES (32, 'cca176d2', 94, '93ffc7a48846a2311aa40ba4f0f666c0094684c1b78896854eeca3460bab6c71', 'c67ec65500492d709f8ccdf44e37bb37ea3042500895cd299a8b6e24400e4e3c', '2026-07-26 23:49:31');
INSERT INTO oauth_tokens (id, client_id, user_id, access_token, refresh_token, expires_at) VALUES (33, '24f547e5', 147, '355521be32cb67fab7cd1d369e201c82c531e53169f370721bf758053fe93fb7', 'def363730b4b2f2a114280cf81ea4ab27a62e7c74dd9c4482628ee8cd55802f7', '2026-07-26 23:49:31');
INSERT INTO oauth_tokens (id, client_id, user_id, access_token, refresh_token, expires_at) VALUES (34, '24f547e5', 79, '969811b35ea666f9e2e7a2b34ff0de8c178d9f99b6d6f321f8914fc19a8840c2', '3731f87b50b8f55f6c4ea38b8e0897cfeb2929a50891046ecc871a4a341ac355', '2026-07-26 23:49:31');
INSERT INTO oauth_tokens (id, client_id, user_id, access_token, refresh_token, expires_at) VALUES (35, '24f547e5', 97, 'd324998dd672714b388019ac91bdbcae9940365c0d9a7da42589380086185fbc', '38555bc2657195d071eae42c2f98962bce34f0e7d23d8e02ef3dd03251c08b9c', '2026-07-26 23:49:31');
INSERT INTO oauth_tokens (id, client_id, user_id, access_token, refresh_token, expires_at) VALUES (36, '996a280b', 173, '79465a1f67221e7b5353fb4871a344a4a8fea2dde2bce324d0f13ee20ae92d92', '6f8c7674375d8c7dc7e0c4ee2a780a1f357c0a47c159aed89437591749138521', '2026-07-26 23:49:31');
INSERT INTO oauth_tokens (id, client_id, user_id, access_token, refresh_token, expires_at) VALUES (37, '07e34bcb', 110, 'baa075ba47b207f9bbf2cea5c51125a8fbb723cdc1d744de559c7d367404bea8', 'c9330943f1d2da4b280327f21af4a81dd49c893b800fcff38c0d63b2dfd78545', '2026-07-26 23:49:31');
INSERT INTO oauth_tokens (id, client_id, user_id, access_token, refresh_token, expires_at) VALUES (38, 'ae6c07ae', 66, '7f177daa58fe7cece908b2be7867deb0322ae608a6239a10ce18a2c77cd48f2f', 'b3ed494318d82bf9e61ef0ea0493a3a32f05aba8392fce72a4d9e995a15b6928', '2026-07-26 23:49:31');
INSERT INTO oauth_tokens (id, client_id, user_id, access_token, refresh_token, expires_at) VALUES (39, '24f547e5', 45, '6ce243a947fd35d2d1f3b78f960d00ef665d965334dc9501c4c89fbff76e537d', '2bce953d1527e1e018439df9bff4ace255680c88b2ce03ab55da298c0339e822', '2026-07-26 23:49:31');
INSERT INTO oauth_tokens (id, client_id, user_id, access_token, refresh_token, expires_at) VALUES (40, '07e34bcb', 110, '9e79e44c2c314d6934b1b36b7bcbf1a47cb04c20a30b2a7adf6d0c7f56c8bb8c', 'd691720b071ec3185a58b19bf7d2af4b4d40f55c565d8c248ee8fa1602f828bb', '2026-07-26 23:49:31');
INSERT INTO oauth_tokens (id, client_id, user_id, access_token, refresh_token, expires_at) VALUES (41, 'cca176d2', 89, '11a8b93f349734ca9a8f3f19d8c9204ff7ef793ed5743951e16f1a22d78892af', '604b774c594fa2ea07b7aff3971f01265988aec61ff2cb0c48e06ae314b011c7', '2026-07-26 23:49:31');
INSERT INTO oauth_tokens (id, client_id, user_id, access_token, refresh_token, expires_at) VALUES (42, 'cca176d2', 21, '03f33eea68598a50830f8493a1a90cdc9bb09215281588c751653b3fd51ea41a', '3fb224e4f7eda7a7334a85b968cec3b4307b31b477e9e0153a6252f13a30b054', '2026-07-26 23:49:31');
INSERT INTO oauth_tokens (id, client_id, user_id, access_token, refresh_token, expires_at) VALUES (43, '996a280b', 42, '64bca801788607910009c7bec83a1124cb775f49020963107baf7179372e717b', 'e1b06f317b3200c569a5af11260f87655fc695b1c62cac496ee0f10ec360a799', '2026-07-26 23:49:31');
INSERT INTO oauth_tokens (id, client_id, user_id, access_token, refresh_token, expires_at) VALUES (44, 'cca176d2', 33, 'cbed7cfc92c83317d9400ad1555faa82e97f270b6135f053261d8db18e6705f3', '3afa6fcfb01cdf5f7d6826af8fa8d9fb4e833197b5a43570593e0ace5688736e', '2026-07-26 23:49:31');
INSERT INTO oauth_tokens (id, client_id, user_id, access_token, refresh_token, expires_at) VALUES (45, 'cca176d2', 80, '95bcfbf08306eddc26a35750a2c5da2c659b39e763538f3ab2cbd752e0f956d9', '51e5f1b13e6d533b79bf79f97d81ee2d971c28f076524895f712a22dd89f2b5b', '2026-07-26 23:49:31');
INSERT INTO oauth_tokens (id, client_id, user_id, access_token, refresh_token, expires_at) VALUES (46, 'ae6c07ae', 147, '6dbb040f9e83e4dac67ada7ced35e8abd84fb19b704002f5adbe66cfd3a8ad8b', '94ced18181fc8d9c805309d87b4f0f85e48d9ae1688354ced8fe113933fb1601', '2026-07-26 23:49:31');
INSERT INTO oauth_tokens (id, client_id, user_id, access_token, refresh_token, expires_at) VALUES (47, '24f547e5', 230, '43bf3656b4cf6be571f4929e1caef1bb9d702e17167254e14e58fd4a8f91622f', 'b73df2a34a2f28c4e3cb98965e5b50c3773111e76101061fd4d98418507e2e53', '2026-07-26 23:49:31');
INSERT INTO oauth_tokens (id, client_id, user_id, access_token, refresh_token, expires_at) VALUES (48, 'cca176d2', 172, '2f3dd98f90ff0bdc5310c67a16bdd713a14a8e004895409ccbfb84ec4bc87357', '4eb18cf517b0747c09bbb35c976bf7a3594254522ca694bf1da5e0e78f39949a', '2026-07-26 23:49:31');
INSERT INTO oauth_tokens (id, client_id, user_id, access_token, refresh_token, expires_at) VALUES (49, 'cca176d2', 49, '8d9e7489d20bafd64797b10d099b2ea5e52a7de779a74b6a8eff6ebf72570aa9', 'a4bd85f59d423c2f23163e08147bd16a5d53464e3e3ca84b802e973adeb521a4', '2026-07-26 23:49:31');
INSERT INTO oauth_tokens (id, client_id, user_id, access_token, refresh_token, expires_at) VALUES (50, '996a280b', 129, '6f58c9eae31c04e9e037acb9ad071d980be1103ea63d319c4ef9767239066fec', '58a5291e36da5a680a4880efe812acead080720c030373b0c29c63e855328fc2', '2026-07-26 23:49:31');
INSERT INTO oauth_tokens (id, client_id, user_id, access_token, refresh_token, expires_at) VALUES (51, '07e34bcb', 157, '4f6e25adb068c255aeab323394da2d8f38a998c441418d06a28160383a92c25d', 'ca901a02d90fee922686a50e6edaec1664dafe553e18099b294ef3ba50a522f4', '2026-07-26 23:49:31');
INSERT INTO oauth_tokens (id, client_id, user_id, access_token, refresh_token, expires_at) VALUES (52, '24f547e5', 137, 'bd0f1d97eedfc66aa378f7b61f9f6d30499c2a5eafad7d3102ebb96607eb7347', '73b4e1b5c70ec10ed6b0edb56314e8c37e057190b9404a471b4ee03bff3815cd', '2026-07-26 23:49:31');
INSERT INTO oauth_tokens (id, client_id, user_id, access_token, refresh_token, expires_at) VALUES (53, 'cca176d2', 90, 'ab3da636488459d970b700a48e26879c76819f6bb749f17d7cb9a06654fea805', '05f799ee58ccc88bef4b6ddcb7bbe01226f2b165e2a5928803ca02eda5c8a89c', '2026-07-26 23:49:31');
INSERT INTO oauth_tokens (id, client_id, user_id, access_token, refresh_token, expires_at) VALUES (54, '24f547e5', 85, '8fe91c74578852d5f96ffa2735359dca609b3e751e8ef37628a6518c233ab200', '72895d4dd680a4bfb32d427cd826bd2a9368a02eebc51a64fe5bacfe2c1f72bb', '2026-07-26 23:49:31');
INSERT INTO oauth_tokens (id, client_id, user_id, access_token, refresh_token, expires_at) VALUES (55, 'cca176d2', 219, '5f871aa5a65276247959dbe50864a81a4f0981d7cf9ad554efe7c07f7b1808bc', '02c3f7624badcda4c09097a2ddd56c1affd820dff18a5445123efca415da7148', '2026-07-26 23:49:31');
INSERT INTO oauth_tokens (id, client_id, user_id, access_token, refresh_token, expires_at) VALUES (56, 'ae6c07ae', 135, '4055ae5f271a8a2029d4aaf8cd779b84dcfa2f1a010287602239e9ff3726bf7b', '486e3aeccccf53835004a0c4cf9f7b25d4cfd0c3661b5510648292acbdae700a', '2026-07-26 23:49:31');
INSERT INTO oauth_tokens (id, client_id, user_id, access_token, refresh_token, expires_at) VALUES (57, 'cca176d2', 116, 'd38db3855640cc85562d85942c2ad438f5b7f9026bc0d9ffd1cf11e3c3bccce0', '0b3bc586801306f9f5d6f5a663bc9532b055badaf0effdd88b64b04ca4cea259', '2026-07-26 23:49:31');
INSERT INTO oauth_tokens (id, client_id, user_id, access_token, refresh_token, expires_at) VALUES (58, '996a280b', 221, 'beb8d5f76e1a5ebcaaeff2f79b097745020db14eaf888c3f5ab7849c4644f6ca', 'b301e8d8f8ad0379e5e2e1ee6e356850610f58e9f50446937c9aef6a938c7808', '2026-07-26 23:49:31');
INSERT INTO oauth_tokens (id, client_id, user_id, access_token, refresh_token, expires_at) VALUES (59, '24f547e5', 39, '996b941e1693dae3c01ba5222db122943e619f8981f7bf0caaa88b41e8126d27', 'ea8597fca3c191eafa1616b5b657edbcacb277a2bfec8ccbd5b29edd004f0c93', '2026-07-26 23:49:31');
INSERT INTO oauth_tokens (id, client_id, user_id, access_token, refresh_token, expires_at) VALUES (60, 'ae6c07ae', 222, '9a1d68a524df430ebce2faa61e97ce63095822d99c44fb4b99f28d1e6177bedc', 'e4b2e8533217104322f6f95b3b0d5f59149a83c660cbd03a21ef89cc7290e598', '2026-07-26 23:49:31');
INSERT INTO oauth_tokens (id, client_id, user_id, access_token, refresh_token, expires_at) VALUES (61, '07e34bcb', 232, 'b71442f88b70b364d5b9c1ba70a45c523f1e8acba45dc9f3264e0cbc21cb77be', '36f42376031086d71a9f2b5b916da4753782316d77d3a5bbe8b0d9a824d7119e', '2026-07-26 23:49:31');
INSERT INTO oauth_tokens (id, client_id, user_id, access_token, refresh_token, expires_at) VALUES (62, '07e34bcb', 174, '66c137c8d064d2b7b5d4b9d4617f41a4df39f294e611d9fd27a6f106c7dd154c', '4b6bc572a016dc415eeb5877242a3d5e2c146d5a322f100e5e363a1c14f3df7a', '2026-07-26 23:49:31');
INSERT INTO oauth_tokens (id, client_id, user_id, access_token, refresh_token, expires_at) VALUES (63, '996a280b', 44, '47d3d27e711929793301d267a46ba0404fa8ddc68455762237e1067a6f60ec67', '63d69cd03f335424f78de3e9aeb53e9c2a237d0fb0e102f4f44516f4d21ed910', '2026-07-26 23:49:31');
INSERT INTO oauth_tokens (id, client_id, user_id, access_token, refresh_token, expires_at) VALUES (64, '996a280b', 69, '2b82f9ed9a633028575f354171a34347effed3f941cd5feb13bb20e8f4dcda08', 'c29c49cf7c51c4c00158eb75ff5ebed602039ed76b4dcedf720352a950aabb23', '2026-07-26 23:49:31');
INSERT INTO oauth_tokens (id, client_id, user_id, access_token, refresh_token, expires_at) VALUES (65, 'cca176d2', 2, '1bfc5d9f70da101b49b7eee51db42ff5acde03ba4b03b969d247677eba8325ac', 'c9d74cecdf792eefe06bc86f85a8d4e55785b725e0f0139e7184900190ba7f51', '2026-07-26 23:49:31');
INSERT INTO oauth_tokens (id, client_id, user_id, access_token, refresh_token, expires_at) VALUES (66, '24f547e5', 158, 'c1623411bfbd13350635845346958a4edb2512c23e1eb35ed98805c58148fcf2', 'c6de5fa70af77e4442de92b94ac747a57cee0694e502d00e5b374d216c725260', '2026-07-26 23:49:31');
INSERT INTO oauth_tokens (id, client_id, user_id, access_token, refresh_token, expires_at) VALUES (67, 'ae6c07ae', 167, 'a6f38a91c4372bf94794b145d27ff7c9d24641e785c25e64e345ed46e5908fdb', '6c97587ccfa376312a15a3146685c96b7f93d5b3ad995d6ee4d1bd22d15d142d', '2026-07-26 23:49:31');
INSERT INTO oauth_tokens (id, client_id, user_id, access_token, refresh_token, expires_at) VALUES (68, 'cca176d2', 11, 'a1816c281591ae9a701d18875011d31ad981d3d3de80253cb2edb6530379feee', '5f400614677d9b0551dc848021c610c065dfc0d00f9dc3ab573be2697766d742', '2026-07-26 23:49:31');
INSERT INTO oauth_tokens (id, client_id, user_id, access_token, refresh_token, expires_at) VALUES (69, '24f547e5', 150, '61a49c3649aedf05d6c2ec84e12e1aef0f76d9cfcba7e6599fbca51c6e1b55bf', '32738e2168eb123f9b053a071bf02e0d603a208132b589420a0502b48e274498', '2026-07-26 23:49:31');
INSERT INTO oauth_tokens (id, client_id, user_id, access_token, refresh_token, expires_at) VALUES (70, 'ae6c07ae', 48, 'cd73e05fe2bc083863ae147c8dab752d62b875e75d992a7696c1a68084a65c23', '63cf0724e7a114ad63a14298c0f6ffc181f45bdfdb5c4dfecf0bc54abbc97e85', '2026-07-26 23:49:31');
INSERT INTO oauth_tokens (id, client_id, user_id, access_token, refresh_token, expires_at) VALUES (71, '07e34bcb', 248, '6ce636b5228f36264c5208bd76057f6a5434d4eedf3bb26230335e6c236cfb26', 'c8e703a102cef0bbaabfaf13bfb70c0e97e048731e2e4e8fd308ad571531ff7f', '2026-07-26 23:49:31');
INSERT INTO oauth_tokens (id, client_id, user_id, access_token, refresh_token, expires_at) VALUES (72, '07e34bcb', 76, 'efd1db4b177da6d41f997cc4fd18b61480f3acd8d3bb44ba7c27ae2afb6aee0b', '49c2d49a9db326442ede28c8e4edb096310ea307d6039e72f29d25eb2de9aed6', '2026-07-26 23:49:31');
INSERT INTO oauth_tokens (id, client_id, user_id, access_token, refresh_token, expires_at) VALUES (73, 'cca176d2', 193, '8f7d39f6f86757fc918e19aebe8191c9658802174f074b9be472fe80bd1a4fb4', '4eadcdb480d713b04d3f370709c6bdd02120ffbae821bb05e919b45c1d6a495a', '2026-07-26 23:49:31');
INSERT INTO oauth_tokens (id, client_id, user_id, access_token, refresh_token, expires_at) VALUES (74, 'cca176d2', 178, 'e0a6b3eb9fae2793eaadffce82ef4c942ae70a7a22729b1e5886dccbe0ce9407', '98d436e3d969739c8fc1644a547b5cde48600278b1ee9308ef1bc8df20380645', '2026-07-26 23:49:31');
INSERT INTO oauth_tokens (id, client_id, user_id, access_token, refresh_token, expires_at) VALUES (75, '24f547e5', 10, 'ab9483025da77116a49609dac96003905b1f3c362674eace095071e073cccd38', '7b2ab9988e6534ad8c6116796e17bf7518840f08ef73ac565b3f55a47c4950af', '2026-07-26 23:49:31');
INSERT INTO oauth_tokens (id, client_id, user_id, access_token, refresh_token, expires_at) VALUES (76, '996a280b', 9, 'b130bb035aaa2a2a7b56675225f4dd901424eac61222189ae58a87040b3c1aa5', '28b4c2a0d81785d9e79694f0c922b054df157db29e2cb77e03636dc303166dd6', '2026-07-26 23:49:31');
INSERT INTO oauth_tokens (id, client_id, user_id, access_token, refresh_token, expires_at) VALUES (77, 'ae6c07ae', 106, '73e76f0b0519ecae75be5ae169bc3867266813ef05fefc88cfeddcc38fb39946', 'a20bcafd39e64ea9fb93a925f848da7787f1eb2d745e27834bd641587f24513b', '2026-07-26 23:49:31');
INSERT INTO oauth_tokens (id, client_id, user_id, access_token, refresh_token, expires_at) VALUES (78, 'ae6c07ae', 4, '7ee3655a285f448a629414488088753f1f70419c0d5a3ce1d5979850da5c203d', '86b5024686b963bb3387f271b3336e55566365734d15f1b6829285aab1f6a823', '2026-07-26 23:49:31');
INSERT INTO oauth_tokens (id, client_id, user_id, access_token, refresh_token, expires_at) VALUES (79, 'cca176d2', 66, '1cadc7690501fa544a8d44474daa4834a1478ea32fad1ac19b41c963940bf77f', '8350a350fe93f435697f2077bfe4fa11d2d4cc7900109a022efe7534862ce5e3', '2026-07-26 23:49:31');
INSERT INTO oauth_tokens (id, client_id, user_id, access_token, refresh_token, expires_at) VALUES (80, 'ae6c07ae', 88, '47ebca69f1b0cbce823f4d97b13b8cd0efee62869abc0f0bd28981d4460ba579', '801d38f7012b68386d879ed7a0566df074eac1f8622ab06f4867b26d40424746', '2026-07-26 23:49:31');
INSERT INTO oauth_tokens (id, client_id, user_id, access_token, refresh_token, expires_at) VALUES (81, 'ae6c07ae', 62, '0d66b9a8bb0f34bb11fd164164cd1c96122df8b082eaa9cdabac7b9391b60773', 'ba28ca2c98974f5e925a0d914e453fb15a6dd1954f04397f1a02248e0c58e4f5', '2026-07-26 23:49:31');
INSERT INTO oauth_tokens (id, client_id, user_id, access_token, refresh_token, expires_at) VALUES (82, '07e34bcb', 90, '464844d5fbaaacb90976b2af13791d87beb61c9f616df38647161da928de55ed', '25a861002df0b1174c45272aa21da7c2fce3cfe0c0d69b3e24afaa6dbf0a6491', '2026-07-26 23:49:31');
INSERT INTO oauth_tokens (id, client_id, user_id, access_token, refresh_token, expires_at) VALUES (83, 'cca176d2', 98, '0e0916aa43f3aa6c472bef179aaccee3e405c967691fc0746be07ee6fb2e7ce2', '0caf87042c96e452c2c57b163e84d6462e4eaebb4ce8bb0995b4baa1b94afeae', '2026-07-26 23:49:31');
INSERT INTO oauth_tokens (id, client_id, user_id, access_token, refresh_token, expires_at) VALUES (84, 'ae6c07ae', 125, '389c814ac07736f3d2dc5e22b1acccec7649bea6162caf10f9fef77253c3dbd3', '92a46ac5651adef12cc9e7fd2f981c782df1bc34ed6af8583696aaec01a0470f', '2026-07-26 23:49:31');
INSERT INTO oauth_tokens (id, client_id, user_id, access_token, refresh_token, expires_at) VALUES (85, '07e34bcb', 148, '3649058d97410c890227d11462e8534bba270e973fc65e452f4174f054882d3b', '7addd66ab672c1263f38b19c3fa07a96e73150e24e96f1a34fa18d797282b9d6', '2026-07-26 23:49:31');
INSERT INTO oauth_tokens (id, client_id, user_id, access_token, refresh_token, expires_at) VALUES (86, 'ae6c07ae', 106, 'cbb05bcb53e0f552d9ff6cd52f845ee77b29cf8f74538c1d05f7eb0bc544630c', '06a6b3cab3b29331284c32f61eb74ee07742f0a7eb134baae40109732643d192', '2026-07-26 23:49:31');
INSERT INTO oauth_tokens (id, client_id, user_id, access_token, refresh_token, expires_at) VALUES (87, 'ae6c07ae', 43, '9bf2b5c65f831a34b94a6f18304fb4dc245328b75982c2679437071c3cb4b968', '90a35b711eeb4012fcabb7e9563b6951fae25b059be32c8f68157b15d60d47c7', '2026-07-26 23:49:31');
INSERT INTO oauth_tokens (id, client_id, user_id, access_token, refresh_token, expires_at) VALUES (88, '24f547e5', 9, '97f69a5c377a7524f0a83963630add854adc17f0a13d6314053441ecd26e23e6', '5e2a8ccce184cf63bbf118aa03fe13901792da20c4d953befff21edc1e3d405c', '2026-07-26 23:49:31');
INSERT INTO oauth_tokens (id, client_id, user_id, access_token, refresh_token, expires_at) VALUES (89, '996a280b', 90, 'd74cbccd6b0d3da2a59b0f1fc89977b87be8bd4f8420b29aa1bbce51ee5c4ebf', 'c6ec344572a5f83273d590643f23aaed3290faa67d860e19480423ef5d4cc213', '2026-07-26 23:49:31');
INSERT INTO oauth_tokens (id, client_id, user_id, access_token, refresh_token, expires_at) VALUES (90, 'cca176d2', 6, 'e10b46256af134922264f9815cee3a33af1fd3978e9c3db0ba2b66fdf29f1091', '1f0114fcebea62e55da32e0236d8e13655d5631d4604b1053b530f178acdc382', '2026-07-26 23:49:31');
INSERT INTO oauth_tokens (id, client_id, user_id, access_token, refresh_token, expires_at) VALUES (91, '24f547e5', 21, '46af72085d8edc3aab30ecf1ff3f4110a59751d22052255e88900057e62095ba', 'c5fa7a9c4aa17623766c8504e38787be9d96b7ff172af3445d4938735c74f324', '2026-07-26 23:49:31');
INSERT INTO oauth_tokens (id, client_id, user_id, access_token, refresh_token, expires_at) VALUES (92, '996a280b', 57, 'f4301ed11d36a0a4ce02a6b31e40a5a12c1c5895fdc180aa6bb34579c7b7063e', '260267e3be7721e6fb9c6c97ac98e690a79f770225a69999d1517797b5193397', '2026-07-26 23:49:31');
INSERT INTO oauth_tokens (id, client_id, user_id, access_token, refresh_token, expires_at) VALUES (93, '996a280b', 198, 'aa3b79e96cbffdb22fb0c405d865e57d3d72e7039aa351375c5098bb7bf3ded4', '1b779fa26cd94b09b35ea306694de49de100cb2213f824ebe2d6cd9678f7ad06', '2026-07-26 23:49:31');
INSERT INTO oauth_tokens (id, client_id, user_id, access_token, refresh_token, expires_at) VALUES (94, 'cca176d2', 106, '4876fcfbd82af44f0ed3822a87339f02dd9666d7388aff64e74664cd78d8717f', 'dee8b6f482e1f7106d9ddd51acc10328912a8bd3024e806315b62659fb009842', '2026-07-26 23:49:31');
INSERT INTO oauth_tokens (id, client_id, user_id, access_token, refresh_token, expires_at) VALUES (95, '07e34bcb', 28, 'b5fda73b67b4461d23af1d881a0eb1534fbd321e208a4d7ef942b57afe130156', 'f6c4602e9a204723bfe92f66cc04da808beace4af40c99e0fd81905502f6c5d1', '2026-07-26 23:49:31');
INSERT INTO oauth_tokens (id, client_id, user_id, access_token, refresh_token, expires_at) VALUES (96, '07e34bcb', 23, '64711b952ee02c95e00df9b4723729cae2f4ce93863930856dc83b7d64f4fd79', '2914f1831053f1519ea273656a3b860aa56c370b3e8692344737639d5636201d', '2026-07-26 23:49:31');
INSERT INTO oauth_tokens (id, client_id, user_id, access_token, refresh_token, expires_at) VALUES (97, '07e34bcb', 86, '85ef29a32ce7808785a0b662b32e642bdef83f40155324f04de8faf5cded0f24', 'cd05168e84b8645acca444509ca83943a8f1c8a7000f23f6039437709b731d1c', '2026-07-26 23:49:31');
INSERT INTO oauth_tokens (id, client_id, user_id, access_token, refresh_token, expires_at) VALUES (98, '07e34bcb', 196, 'bb5fab9077ebac45c0857f903515c51736633088676aed38c5ad030cb68ea3f1', 'cfdf6815ac57a20b9550c38c112b0838517406f886e4127cfa1f4d8d6a24e1ec', '2026-07-26 23:49:31');
INSERT INTO oauth_tokens (id, client_id, user_id, access_token, refresh_token, expires_at) VALUES (99, 'cca176d2', 145, 'db240926765a061e99baccb62876ce1de87efadaf292ed33eb6f26bab1f51c90', 'a4a35d789633d63984d16fb09ac5162bf3f8334462191bbeb64690c5977de9fc', '2026-07-26 23:49:31');
INSERT INTO oauth_tokens (id, client_id, user_id, access_token, refresh_token, expires_at) VALUES (100, 'cca176d2', 146, '30056c6374a85549fd1b4033154c24ee4a2e7b92ab3e99cc2a6d6270c2b0fbcb', '81ac2b9bebd950a1b149ca2dfa123e42dc0dd18bf4cf8358173768993cbc2609', '2026-07-26 23:49:31');

-- TRUNCATE & INSERT DEVICES, REPORTS, NOTIFICATIONS
TRUNCATE TABLE citizen_devices;
TRUNCATE TABLE citizen_reports;
TRUNCATE TABLE citizen_notifications;
INSERT INTO citizen_devices (id, device_id, citizen_id, device_label, status, last_seen_at) VALUES (1, 'DEV-31249', 1, 'Apple Watch S9', 'active', NOW());
INSERT INTO citizen_devices (id, device_id, citizen_id, device_label, status, last_seen_at) VALUES (2, 'DEV-67424', 2, 'Apple Watch S9', 'active', NOW());
INSERT INTO citizen_devices (id, device_id, citizen_id, device_label, status, last_seen_at) VALUES (3, 'DEV-66087', 3, 'Galaxy Watch 6', 'active', NOW());
INSERT INTO citizen_devices (id, device_id, citizen_id, device_label, status, last_seen_at) VALUES (4, 'DEV-46859', 4, 'Mi Band 8', 'active', NOW());
INSERT INTO citizen_devices (id, device_id, citizen_id, device_label, status, last_seen_at) VALUES (5, 'DEV-91568', 5, 'Galaxy Watch 6', 'active', NOW());
INSERT INTO citizen_devices (id, device_id, citizen_id, device_label, status, last_seen_at) VALUES (6, 'DEV-35247', 6, 'Galaxy Watch 6', 'active', NOW());
INSERT INTO citizen_devices (id, device_id, citizen_id, device_label, status, last_seen_at) VALUES (7, 'DEV-29319', 7, 'Mi Band 8', 'active', NOW());
INSERT INTO citizen_devices (id, device_id, citizen_id, device_label, status, last_seen_at) VALUES (8, 'DEV-23738', 8, 'Mi Band 8', 'active', NOW());
INSERT INTO citizen_devices (id, device_id, citizen_id, device_label, status, last_seen_at) VALUES (9, 'DEV-38767', 9, 'Garmin Forerunner', 'active', NOW());
INSERT INTO citizen_devices (id, device_id, citizen_id, device_label, status, last_seen_at) VALUES (10, 'DEV-32524', 10, 'Apple Watch S9', 'active', NOW());
INSERT INTO citizen_devices (id, device_id, citizen_id, device_label, status, last_seen_at) VALUES (11, 'DEV-61610', 11, 'Mi Band 8', 'active', NOW());
INSERT INTO citizen_devices (id, device_id, citizen_id, device_label, status, last_seen_at) VALUES (12, 'DEV-00249', 12, 'Apple Watch S9', 'active', NOW());
INSERT INTO citizen_devices (id, device_id, citizen_id, device_label, status, last_seen_at) VALUES (13, 'DEV-87157', 13, 'Mi Band 8', 'active', NOW());
INSERT INTO citizen_devices (id, device_id, citizen_id, device_label, status, last_seen_at) VALUES (14, 'DEV-99696', 14, 'Garmin Forerunner', 'active', NOW());
INSERT INTO citizen_devices (id, device_id, citizen_id, device_label, status, last_seen_at) VALUES (15, 'DEV-75506', 15, 'Galaxy Watch 6', 'inactive', NOW());
INSERT INTO citizen_devices (id, device_id, citizen_id, device_label, status, last_seen_at) VALUES (16, 'DEV-72328', 16, 'Garmin Forerunner', 'active', NOW());
INSERT INTO citizen_devices (id, device_id, citizen_id, device_label, status, last_seen_at) VALUES (17, 'DEV-07836', 17, 'Galaxy Watch 6', 'active', NOW());
INSERT INTO citizen_devices (id, device_id, citizen_id, device_label, status, last_seen_at) VALUES (18, 'DEV-71612', 18, 'Mi Band 8', 'inactive', NOW());
INSERT INTO citizen_devices (id, device_id, citizen_id, device_label, status, last_seen_at) VALUES (19, 'DEV-72057', 19, 'Garmin Forerunner', 'inactive', NOW());
INSERT INTO citizen_devices (id, device_id, citizen_id, device_label, status, last_seen_at) VALUES (20, 'DEV-80807', 20, 'Garmin Forerunner', 'active', NOW());
INSERT INTO citizen_devices (id, device_id, citizen_id, device_label, status, last_seen_at) VALUES (21, 'DEV-00400', 21, 'Galaxy Watch 6', 'inactive', NOW());
INSERT INTO citizen_devices (id, device_id, citizen_id, device_label, status, last_seen_at) VALUES (22, 'DEV-31339', 22, 'Garmin Forerunner', 'active', NOW());
INSERT INTO citizen_devices (id, device_id, citizen_id, device_label, status, last_seen_at) VALUES (23, 'DEV-55720', 23, 'Apple Watch S9', 'active', NOW());
INSERT INTO citizen_devices (id, device_id, citizen_id, device_label, status, last_seen_at) VALUES (24, 'DEV-43086', 24, 'Galaxy Watch 6', 'active', NOW());
INSERT INTO citizen_devices (id, device_id, citizen_id, device_label, status, last_seen_at) VALUES (25, 'DEV-93143', 25, 'Galaxy Watch 6', 'active', NOW());
INSERT INTO citizen_devices (id, device_id, citizen_id, device_label, status, last_seen_at) VALUES (26, 'DEV-13282', 26, 'Mi Band 8', 'active', NOW());
INSERT INTO citizen_devices (id, device_id, citizen_id, device_label, status, last_seen_at) VALUES (27, 'DEV-25571', 27, 'Mi Band 8', 'active', NOW());
INSERT INTO citizen_devices (id, device_id, citizen_id, device_label, status, last_seen_at) VALUES (28, 'DEV-68399', 28, 'Apple Watch S9', 'inactive', NOW());
INSERT INTO citizen_devices (id, device_id, citizen_id, device_label, status, last_seen_at) VALUES (29, 'DEV-50249', 29, 'Galaxy Watch 6', 'active', NOW());
INSERT INTO citizen_devices (id, device_id, citizen_id, device_label, status, last_seen_at) VALUES (30, 'DEV-43511', 30, 'Mi Band 8', 'active', NOW());
INSERT INTO citizen_devices (id, device_id, citizen_id, device_label, status, last_seen_at) VALUES (31, 'DEV-99366', 31, 'Apple Watch S9', 'active', NOW());
INSERT INTO citizen_devices (id, device_id, citizen_id, device_label, status, last_seen_at) VALUES (32, 'DEV-40631', 32, 'Apple Watch S9', 'active', NOW());
INSERT INTO citizen_devices (id, device_id, citizen_id, device_label, status, last_seen_at) VALUES (33, 'DEV-88770', 33, 'Mi Band 8', 'active', NOW());
INSERT INTO citizen_devices (id, device_id, citizen_id, device_label, status, last_seen_at) VALUES (34, 'DEV-02211', 34, 'Mi Band 8', 'inactive', NOW());
INSERT INTO citizen_devices (id, device_id, citizen_id, device_label, status, last_seen_at) VALUES (35, 'DEV-40682', 35, 'Apple Watch S9', 'active', NOW());
INSERT INTO citizen_devices (id, device_id, citizen_id, device_label, status, last_seen_at) VALUES (36, 'DEV-69235', 36, 'Apple Watch S9', 'active', NOW());
INSERT INTO citizen_devices (id, device_id, citizen_id, device_label, status, last_seen_at) VALUES (37, 'DEV-41960', 37, 'Galaxy Watch 6', 'active', NOW());
INSERT INTO citizen_devices (id, device_id, citizen_id, device_label, status, last_seen_at) VALUES (38, 'DEV-17845', 38, 'Apple Watch S9', 'active', NOW());
INSERT INTO citizen_devices (id, device_id, citizen_id, device_label, status, last_seen_at) VALUES (39, 'DEV-39547', 39, 'Mi Band 8', 'active', NOW());
INSERT INTO citizen_devices (id, device_id, citizen_id, device_label, status, last_seen_at) VALUES (40, 'DEV-20812', 40, 'Apple Watch S9', 'active', NOW());
INSERT INTO citizen_devices (id, device_id, citizen_id, device_label, status, last_seen_at) VALUES (41, 'DEV-22842', 41, 'Mi Band 8', 'active', NOW());
INSERT INTO citizen_devices (id, device_id, citizen_id, device_label, status, last_seen_at) VALUES (42, 'DEV-63485', 42, 'Mi Band 8', 'active', NOW());
INSERT INTO citizen_devices (id, device_id, citizen_id, device_label, status, last_seen_at) VALUES (43, 'DEV-80335', 43, 'Mi Band 8', 'active', NOW());
INSERT INTO citizen_devices (id, device_id, citizen_id, device_label, status, last_seen_at) VALUES (44, 'DEV-28835', 44, 'Garmin Forerunner', 'active', NOW());
INSERT INTO citizen_devices (id, device_id, citizen_id, device_label, status, last_seen_at) VALUES (45, 'DEV-15206', 45, 'Galaxy Watch 6', 'active', NOW());
INSERT INTO citizen_devices (id, device_id, citizen_id, device_label, status, last_seen_at) VALUES (46, 'DEV-78784', 46, 'Apple Watch S9', 'active', NOW());
INSERT INTO citizen_devices (id, device_id, citizen_id, device_label, status, last_seen_at) VALUES (47, 'DEV-81219', 47, 'Mi Band 8', 'active', NOW());
INSERT INTO citizen_devices (id, device_id, citizen_id, device_label, status, last_seen_at) VALUES (48, 'DEV-41431', 48, 'Galaxy Watch 6', 'active', NOW());
INSERT INTO citizen_devices (id, device_id, citizen_id, device_label, status, last_seen_at) VALUES (49, 'DEV-63742', 49, 'Garmin Forerunner', 'active', NOW());
INSERT INTO citizen_devices (id, device_id, citizen_id, device_label, status, last_seen_at) VALUES (50, 'DEV-81868', 50, 'Mi Band 8', 'active', NOW());
INSERT INTO citizen_devices (id, device_id, citizen_id, device_label, status, last_seen_at) VALUES (51, 'DEV-55499', 51, 'Mi Band 8', 'active', NOW());
INSERT INTO citizen_devices (id, device_id, citizen_id, device_label, status, last_seen_at) VALUES (52, 'DEV-81765', 52, 'Galaxy Watch 6', 'active', NOW());
INSERT INTO citizen_devices (id, device_id, citizen_id, device_label, status, last_seen_at) VALUES (53, 'DEV-30951', 53, 'Apple Watch S9', 'active', NOW());
INSERT INTO citizen_devices (id, device_id, citizen_id, device_label, status, last_seen_at) VALUES (54, 'DEV-48254', 54, 'Mi Band 8', 'active', NOW());
INSERT INTO citizen_devices (id, device_id, citizen_id, device_label, status, last_seen_at) VALUES (55, 'DEV-25797', 55, 'Galaxy Watch 6', 'active', NOW());
INSERT INTO citizen_devices (id, device_id, citizen_id, device_label, status, last_seen_at) VALUES (56, 'DEV-84331', 56, 'Apple Watch S9', 'active', NOW());
INSERT INTO citizen_devices (id, device_id, citizen_id, device_label, status, last_seen_at) VALUES (57, 'DEV-47409', 57, 'Galaxy Watch 6', 'active', NOW());
INSERT INTO citizen_devices (id, device_id, citizen_id, device_label, status, last_seen_at) VALUES (58, 'DEV-86387', 58, 'Garmin Forerunner', 'active', NOW());
INSERT INTO citizen_devices (id, device_id, citizen_id, device_label, status, last_seen_at) VALUES (59, 'DEV-37815', 59, 'Garmin Forerunner', 'active', NOW());
INSERT INTO citizen_devices (id, device_id, citizen_id, device_label, status, last_seen_at) VALUES (60, 'DEV-78389', 60, 'Garmin Forerunner', 'active', NOW());
INSERT INTO citizen_devices (id, device_id, citizen_id, device_label, status, last_seen_at) VALUES (61, 'DEV-24985', 61, 'Galaxy Watch 6', 'active', NOW());
INSERT INTO citizen_devices (id, device_id, citizen_id, device_label, status, last_seen_at) VALUES (62, 'DEV-98192', 62, 'Garmin Forerunner', 'active', NOW());
INSERT INTO citizen_devices (id, device_id, citizen_id, device_label, status, last_seen_at) VALUES (63, 'DEV-73207', 63, 'Apple Watch S9', 'active', NOW());
INSERT INTO citizen_devices (id, device_id, citizen_id, device_label, status, last_seen_at) VALUES (64, 'DEV-81648', 64, 'Mi Band 8', 'active', NOW());
INSERT INTO citizen_devices (id, device_id, citizen_id, device_label, status, last_seen_at) VALUES (65, 'DEV-35846', 65, 'Mi Band 8', 'active', NOW());
INSERT INTO citizen_devices (id, device_id, citizen_id, device_label, status, last_seen_at) VALUES (66, 'DEV-64544', 66, 'Apple Watch S9', 'inactive', NOW());
INSERT INTO citizen_devices (id, device_id, citizen_id, device_label, status, last_seen_at) VALUES (67, 'DEV-92412', 67, 'Garmin Forerunner', 'active', NOW());
INSERT INTO citizen_devices (id, device_id, citizen_id, device_label, status, last_seen_at) VALUES (68, 'DEV-97949', 68, 'Apple Watch S9', 'active', NOW());
INSERT INTO citizen_devices (id, device_id, citizen_id, device_label, status, last_seen_at) VALUES (69, 'DEV-92317', 69, 'Galaxy Watch 6', 'active', NOW());
INSERT INTO citizen_devices (id, device_id, citizen_id, device_label, status, last_seen_at) VALUES (70, 'DEV-25465', 70, 'Garmin Forerunner', 'active', NOW());
INSERT INTO citizen_devices (id, device_id, citizen_id, device_label, status, last_seen_at) VALUES (71, 'DEV-91962', 71, 'Galaxy Watch 6', 'active', NOW());
INSERT INTO citizen_devices (id, device_id, citizen_id, device_label, status, last_seen_at) VALUES (72, 'DEV-98552', 72, 'Garmin Forerunner', 'active', NOW());
INSERT INTO citizen_devices (id, device_id, citizen_id, device_label, status, last_seen_at) VALUES (73, 'DEV-64062', 73, 'Garmin Forerunner', 'active', NOW());
INSERT INTO citizen_devices (id, device_id, citizen_id, device_label, status, last_seen_at) VALUES (74, 'DEV-78566', 74, 'Galaxy Watch 6', 'active', NOW());
INSERT INTO citizen_devices (id, device_id, citizen_id, device_label, status, last_seen_at) VALUES (75, 'DEV-87345', 75, 'Mi Band 8', 'active', NOW());
INSERT INTO citizen_devices (id, device_id, citizen_id, device_label, status, last_seen_at) VALUES (76, 'DEV-01997', 76, 'Apple Watch S9', 'active', NOW());
INSERT INTO citizen_devices (id, device_id, citizen_id, device_label, status, last_seen_at) VALUES (77, 'DEV-83356', 77, 'Mi Band 8', 'inactive', NOW());
INSERT INTO citizen_devices (id, device_id, citizen_id, device_label, status, last_seen_at) VALUES (78, 'DEV-10984', 78, 'Galaxy Watch 6', 'active', NOW());
INSERT INTO citizen_devices (id, device_id, citizen_id, device_label, status, last_seen_at) VALUES (79, 'DEV-97269', 79, 'Mi Band 8', 'active', NOW());
INSERT INTO citizen_devices (id, device_id, citizen_id, device_label, status, last_seen_at) VALUES (80, 'DEV-12549', 80, 'Galaxy Watch 6', 'active', NOW());
INSERT INTO citizen_devices (id, device_id, citizen_id, device_label, status, last_seen_at) VALUES (81, 'DEV-00941', 81, 'Garmin Forerunner', 'active', NOW());
INSERT INTO citizen_devices (id, device_id, citizen_id, device_label, status, last_seen_at) VALUES (82, 'DEV-70533', 82, 'Mi Band 8', 'active', NOW());
INSERT INTO citizen_devices (id, device_id, citizen_id, device_label, status, last_seen_at) VALUES (83, 'DEV-25137', 83, 'Galaxy Watch 6', 'active', NOW());
INSERT INTO citizen_devices (id, device_id, citizen_id, device_label, status, last_seen_at) VALUES (84, 'DEV-75023', 84, 'Mi Band 8', 'active', NOW());
INSERT INTO citizen_devices (id, device_id, citizen_id, device_label, status, last_seen_at) VALUES (85, 'DEV-66398', 85, 'Apple Watch S9', 'active', NOW());
INSERT INTO citizen_devices (id, device_id, citizen_id, device_label, status, last_seen_at) VALUES (86, 'DEV-46108', 86, 'Apple Watch S9', 'active', NOW());
INSERT INTO citizen_devices (id, device_id, citizen_id, device_label, status, last_seen_at) VALUES (87, 'DEV-23104', 87, 'Garmin Forerunner', 'active', NOW());
INSERT INTO citizen_devices (id, device_id, citizen_id, device_label, status, last_seen_at) VALUES (88, 'DEV-71834', 88, 'Galaxy Watch 6', 'active', NOW());
INSERT INTO citizen_devices (id, device_id, citizen_id, device_label, status, last_seen_at) VALUES (89, 'DEV-85082', 89, 'Apple Watch S9', 'active', NOW());
INSERT INTO citizen_devices (id, device_id, citizen_id, device_label, status, last_seen_at) VALUES (90, 'DEV-79499', 90, 'Apple Watch S9', 'active', NOW());
INSERT INTO citizen_devices (id, device_id, citizen_id, device_label, status, last_seen_at) VALUES (91, 'DEV-73305', 91, 'Garmin Forerunner', 'active', NOW());
INSERT INTO citizen_devices (id, device_id, citizen_id, device_label, status, last_seen_at) VALUES (92, 'DEV-58283', 92, 'Mi Band 8', 'active', NOW());
INSERT INTO citizen_devices (id, device_id, citizen_id, device_label, status, last_seen_at) VALUES (93, 'DEV-94919', 93, 'Mi Band 8', 'active', NOW());
INSERT INTO citizen_devices (id, device_id, citizen_id, device_label, status, last_seen_at) VALUES (94, 'DEV-34831', 94, 'Apple Watch S9', 'active', NOW());
INSERT INTO citizen_devices (id, device_id, citizen_id, device_label, status, last_seen_at) VALUES (95, 'DEV-32786', 95, 'Apple Watch S9', 'active', NOW());
INSERT INTO citizen_devices (id, device_id, citizen_id, device_label, status, last_seen_at) VALUES (96, 'DEV-18173', 96, 'Mi Band 8', 'active', NOW());
INSERT INTO citizen_devices (id, device_id, citizen_id, device_label, status, last_seen_at) VALUES (97, 'DEV-01181', 97, 'Garmin Forerunner', 'active', NOW());
INSERT INTO citizen_devices (id, device_id, citizen_id, device_label, status, last_seen_at) VALUES (98, 'DEV-21318', 98, 'Apple Watch S9', 'inactive', NOW());
INSERT INTO citizen_devices (id, device_id, citizen_id, device_label, status, last_seen_at) VALUES (99, 'DEV-41772', 99, 'Mi Band 8', 'active', NOW());
INSERT INTO citizen_devices (id, device_id, citizen_id, device_label, status, last_seen_at) VALUES (100, 'DEV-46400', 100, 'Garmin Forerunner', 'active', NOW());
INSERT INTO citizen_devices (id, device_id, citizen_id, device_label, status, last_seen_at) VALUES (101, 'DEV-35815', 101, 'Apple Watch S9', 'active', NOW());
INSERT INTO citizen_devices (id, device_id, citizen_id, device_label, status, last_seen_at) VALUES (102, 'DEV-38718', 102, 'Mi Band 8', 'active', NOW());
INSERT INTO citizen_devices (id, device_id, citizen_id, device_label, status, last_seen_at) VALUES (103, 'DEV-94293', 103, 'Galaxy Watch 6', 'active', NOW());
INSERT INTO citizen_devices (id, device_id, citizen_id, device_label, status, last_seen_at) VALUES (104, 'DEV-06341', 104, 'Apple Watch S9', 'active', NOW());
INSERT INTO citizen_devices (id, device_id, citizen_id, device_label, status, last_seen_at) VALUES (105, 'DEV-76712', 105, 'Galaxy Watch 6', 'active', NOW());
INSERT INTO citizen_devices (id, device_id, citizen_id, device_label, status, last_seen_at) VALUES (106, 'DEV-28286', 106, 'Mi Band 8', 'active', NOW());
INSERT INTO citizen_devices (id, device_id, citizen_id, device_label, status, last_seen_at) VALUES (107, 'DEV-37253', 107, 'Apple Watch S9', 'active', NOW());
INSERT INTO citizen_devices (id, device_id, citizen_id, device_label, status, last_seen_at) VALUES (108, 'DEV-66097', 108, 'Mi Band 8', 'active', NOW());
INSERT INTO citizen_devices (id, device_id, citizen_id, device_label, status, last_seen_at) VALUES (109, 'DEV-20765', 109, 'Mi Band 8', 'active', NOW());
INSERT INTO citizen_devices (id, device_id, citizen_id, device_label, status, last_seen_at) VALUES (110, 'DEV-69648', 110, 'Mi Band 8', 'active', NOW());
INSERT INTO citizen_devices (id, device_id, citizen_id, device_label, status, last_seen_at) VALUES (111, 'DEV-46236', 111, 'Garmin Forerunner', 'active', NOW());
INSERT INTO citizen_devices (id, device_id, citizen_id, device_label, status, last_seen_at) VALUES (112, 'DEV-65109', 112, 'Garmin Forerunner', 'active', NOW());
INSERT INTO citizen_devices (id, device_id, citizen_id, device_label, status, last_seen_at) VALUES (113, 'DEV-77089', 113, 'Mi Band 8', 'active', NOW());
INSERT INTO citizen_devices (id, device_id, citizen_id, device_label, status, last_seen_at) VALUES (114, 'DEV-62958', 114, 'Galaxy Watch 6', 'active', NOW());
INSERT INTO citizen_devices (id, device_id, citizen_id, device_label, status, last_seen_at) VALUES (115, 'DEV-65010', 115, 'Mi Band 8', 'active', NOW());
INSERT INTO citizen_devices (id, device_id, citizen_id, device_label, status, last_seen_at) VALUES (116, 'DEV-01247', 116, 'Mi Band 8', 'active', NOW());
INSERT INTO citizen_devices (id, device_id, citizen_id, device_label, status, last_seen_at) VALUES (117, 'DEV-98371', 117, 'Mi Band 8', 'active', NOW());
INSERT INTO citizen_devices (id, device_id, citizen_id, device_label, status, last_seen_at) VALUES (118, 'DEV-97926', 118, 'Garmin Forerunner', 'active', NOW());
INSERT INTO citizen_devices (id, device_id, citizen_id, device_label, status, last_seen_at) VALUES (119, 'DEV-06762', 119, 'Galaxy Watch 6', 'active', NOW());
INSERT INTO citizen_devices (id, device_id, citizen_id, device_label, status, last_seen_at) VALUES (120, 'DEV-13903', 120, 'Garmin Forerunner', 'active', NOW());
INSERT INTO citizen_devices (id, device_id, citizen_id, device_label, status, last_seen_at) VALUES (121, 'DEV-44946', 121, 'Apple Watch S9', 'active', NOW());
INSERT INTO citizen_devices (id, device_id, citizen_id, device_label, status, last_seen_at) VALUES (122, 'DEV-52750', 122, 'Mi Band 8', 'active', NOW());
INSERT INTO citizen_devices (id, device_id, citizen_id, device_label, status, last_seen_at) VALUES (123, 'DEV-02923', 123, 'Apple Watch S9', 'active', NOW());
INSERT INTO citizen_devices (id, device_id, citizen_id, device_label, status, last_seen_at) VALUES (124, 'DEV-22695', 124, 'Garmin Forerunner', 'active', NOW());
INSERT INTO citizen_devices (id, device_id, citizen_id, device_label, status, last_seen_at) VALUES (125, 'DEV-36798', 125, 'Garmin Forerunner', 'active', NOW());
INSERT INTO citizen_devices (id, device_id, citizen_id, device_label, status, last_seen_at) VALUES (126, 'DEV-43371', 126, 'Apple Watch S9', 'active', NOW());
INSERT INTO citizen_devices (id, device_id, citizen_id, device_label, status, last_seen_at) VALUES (127, 'DEV-74652', 127, 'Garmin Forerunner', 'active', NOW());
INSERT INTO citizen_devices (id, device_id, citizen_id, device_label, status, last_seen_at) VALUES (128, 'DEV-64775', 128, 'Galaxy Watch 6', 'active', NOW());
INSERT INTO citizen_devices (id, device_id, citizen_id, device_label, status, last_seen_at) VALUES (129, 'DEV-47536', 129, 'Apple Watch S9', 'active', NOW());
INSERT INTO citizen_devices (id, device_id, citizen_id, device_label, status, last_seen_at) VALUES (130, 'DEV-29326', 130, 'Mi Band 8', 'active', NOW());
INSERT INTO citizen_devices (id, device_id, citizen_id, device_label, status, last_seen_at) VALUES (131, 'DEV-22941', 131, 'Apple Watch S9', 'active', NOW());
INSERT INTO citizen_devices (id, device_id, citizen_id, device_label, status, last_seen_at) VALUES (132, 'DEV-51053', 132, 'Galaxy Watch 6', 'active', NOW());
INSERT INTO citizen_devices (id, device_id, citizen_id, device_label, status, last_seen_at) VALUES (133, 'DEV-40153', 133, 'Garmin Forerunner', 'active', NOW());
INSERT INTO citizen_devices (id, device_id, citizen_id, device_label, status, last_seen_at) VALUES (134, 'DEV-61922', 134, 'Apple Watch S9', 'active', NOW());
INSERT INTO citizen_devices (id, device_id, citizen_id, device_label, status, last_seen_at) VALUES (135, 'DEV-68728', 135, 'Galaxy Watch 6', 'active', NOW());
INSERT INTO citizen_devices (id, device_id, citizen_id, device_label, status, last_seen_at) VALUES (136, 'DEV-35761', 136, 'Galaxy Watch 6', 'active', NOW());
INSERT INTO citizen_devices (id, device_id, citizen_id, device_label, status, last_seen_at) VALUES (137, 'DEV-89693', 137, 'Garmin Forerunner', 'active', NOW());
INSERT INTO citizen_devices (id, device_id, citizen_id, device_label, status, last_seen_at) VALUES (138, 'DEV-97875', 138, 'Apple Watch S9', 'active', NOW());
INSERT INTO citizen_devices (id, device_id, citizen_id, device_label, status, last_seen_at) VALUES (139, 'DEV-95540', 139, 'Apple Watch S9', 'active', NOW());
INSERT INTO citizen_devices (id, device_id, citizen_id, device_label, status, last_seen_at) VALUES (140, 'DEV-63285', 140, 'Galaxy Watch 6', 'inactive', NOW());
INSERT INTO citizen_devices (id, device_id, citizen_id, device_label, status, last_seen_at) VALUES (141, 'DEV-61402', 141, 'Mi Band 8', 'active', NOW());
INSERT INTO citizen_devices (id, device_id, citizen_id, device_label, status, last_seen_at) VALUES (142, 'DEV-73807', 142, 'Mi Band 8', 'active', NOW());
INSERT INTO citizen_devices (id, device_id, citizen_id, device_label, status, last_seen_at) VALUES (143, 'DEV-79357', 143, 'Mi Band 8', 'inactive', NOW());
INSERT INTO citizen_devices (id, device_id, citizen_id, device_label, status, last_seen_at) VALUES (144, 'DEV-30772', 144, 'Mi Band 8', 'active', NOW());
INSERT INTO citizen_devices (id, device_id, citizen_id, device_label, status, last_seen_at) VALUES (145, 'DEV-02323', 145, 'Apple Watch S9', 'active', NOW());
INSERT INTO citizen_devices (id, device_id, citizen_id, device_label, status, last_seen_at) VALUES (146, 'DEV-71892', 146, 'Galaxy Watch 6', 'inactive', NOW());
INSERT INTO citizen_devices (id, device_id, citizen_id, device_label, status, last_seen_at) VALUES (147, 'DEV-56206', 147, 'Apple Watch S9', 'inactive', NOW());
INSERT INTO citizen_devices (id, device_id, citizen_id, device_label, status, last_seen_at) VALUES (148, 'DEV-39454', 148, 'Galaxy Watch 6', 'inactive', NOW());
INSERT INTO citizen_devices (id, device_id, citizen_id, device_label, status, last_seen_at) VALUES (149, 'DEV-13303', 149, 'Garmin Forerunner', 'active', NOW());
INSERT INTO citizen_devices (id, device_id, citizen_id, device_label, status, last_seen_at) VALUES (150, 'DEV-27225', 150, 'Mi Band 8', 'active', NOW());
INSERT INTO citizen_reports (id, citizen_id, category, description, zone_id, status) VALUES (1, 185, 'Air Pollution', 'Eligendi iure aliquid optio architecto quasi minima adipisci quaerat soluta aliquam aperiam fuga.', 8, 'investigating');
INSERT INTO citizen_reports (id, citizen_id, category, description, zone_id, status) VALUES (2, 152, 'Broken Sensor', 'Tenetur harum laudantium aperiam soluta ea eius explicabo accusantium quas.', 5, 'pending');
INSERT INTO citizen_reports (id, citizen_id, category, description, zone_id, status) VALUES (3, 31, 'Waste Management', 'Esse quibusdam repellat veniam eos expedita soluta voluptatum et culpa ex.', 7, 'resolved');
INSERT INTO citizen_reports (id, citizen_id, category, description, zone_id, status) VALUES (4, 204, 'Broken Sensor', 'Porro id eaque cumque natus perferendis facilis quidem atque similique consequatur.', 6, 'pending');
INSERT INTO citizen_reports (id, citizen_id, category, description, zone_id, status) VALUES (5, 242, 'Traffic Jam', 'Tempora quis ullam ipsum voluptatibus occaecati.', 7, 'pending');
INSERT INTO citizen_reports (id, citizen_id, category, description, zone_id, status) VALUES (6, 218, 'Waste Management', 'Expedita non at odio earum voluptatibus maiores excepturi.', 2, 'resolved');
INSERT INTO citizen_reports (id, citizen_id, category, description, zone_id, status) VALUES (7, 114, 'Air Pollution', 'Non consequuntur vel dolore tenetur cupiditate officia dignissimos officiis eaque odio.', 3, 'resolved');
INSERT INTO citizen_reports (id, citizen_id, category, description, zone_id, status) VALUES (8, 198, 'Air Pollution', 'Vitae nostrum accusamus harum at eveniet perspiciatis.', 4, 'investigating');
INSERT INTO citizen_reports (id, citizen_id, category, description, zone_id, status) VALUES (9, 219, 'Waste Management', 'Labore accusamus non mollitia labore odit.', 4, 'pending');
INSERT INTO citizen_reports (id, citizen_id, category, description, zone_id, status) VALUES (10, 168, 'Traffic Jam', 'Reiciendis fugiat sunt distinctio aut fuga magni.', 7, 'investigating');
INSERT INTO citizen_reports (id, citizen_id, category, description, zone_id, status) VALUES (11, 16, 'Traffic Jam', 'Eveniet esse nihil officiis amet alias animi praesentium voluptas doloribus voluptate fuga.', 1, 'pending');
INSERT INTO citizen_reports (id, citizen_id, category, description, zone_id, status) VALUES (12, 181, 'Traffic Jam', 'Animi repellat voluptatem omnis in iusto labore consequatur vitae fugiat omnis voluptates a.', 7, 'resolved');
INSERT INTO citizen_reports (id, citizen_id, category, description, zone_id, status) VALUES (13, 49, 'Air Pollution', 'Pariatur sequi molestiae eum totam soluta omnis deleniti ipsa.', 7, 'resolved');
INSERT INTO citizen_reports (id, citizen_id, category, description, zone_id, status) VALUES (14, 51, 'Traffic Jam', 'Sint laboriosam laborum rem vel voluptates sunt aperiam eum eius quidem consequatur cumque libero.', 3, 'investigating');
INSERT INTO citizen_reports (id, citizen_id, category, description, zone_id, status) VALUES (15, 39, 'Air Pollution', 'Dolorum consectetur delectus error tempore vero quod quod assumenda vitae maxime fuga magnam.', 2, 'resolved');
INSERT INTO citizen_reports (id, citizen_id, category, description, zone_id, status) VALUES (16, 116, 'Broken Sensor', 'Eius recusandae aperiam dolorem voluptatibus maiores reprehenderit autem voluptas minus omnis harum.', 4, 'investigating');
INSERT INTO citizen_reports (id, citizen_id, category, description, zone_id, status) VALUES (17, 233, 'Air Pollution', 'Repudiandae rerum omnis nostrum libero alias dignissimos culpa quaerat reprehenderit repudiandae architecto.', 3, 'resolved');
INSERT INTO citizen_reports (id, citizen_id, category, description, zone_id, status) VALUES (18, 148, 'Air Pollution', 'Voluptatibus sequi eaque corrupti similique veniam.', 10, 'pending');
INSERT INTO citizen_reports (id, citizen_id, category, description, zone_id, status) VALUES (19, 75, 'Traffic Jam', 'Veritatis suscipit quod odit inventore modi pariatur cum.', 10, 'investigating');
INSERT INTO citizen_reports (id, citizen_id, category, description, zone_id, status) VALUES (20, 209, 'Traffic Jam', 'Porro ipsam at dolorum distinctio sit eveniet a in illo quibusdam dignissimos itaque.', 10, 'investigating');
INSERT INTO citizen_reports (id, citizen_id, category, description, zone_id, status) VALUES (21, 246, 'Waste Management', 'Dolore numquam temporibus laborum aspernatur commodi fugiat labore mollitia illum odio quis.', 5, 'pending');
INSERT INTO citizen_reports (id, citizen_id, category, description, zone_id, status) VALUES (22, 90, 'Traffic Jam', 'Animi cum accusamus itaque eos earum inventore sint eum fugiat.', 6, 'investigating');
INSERT INTO citizen_reports (id, citizen_id, category, description, zone_id, status) VALUES (23, 100, 'Broken Sensor', 'Accusantium dolore dolorem vero illum facere consequatur laboriosam perspiciatis deleniti repellendus architecto.', 10, 'investigating');
INSERT INTO citizen_reports (id, citizen_id, category, description, zone_id, status) VALUES (24, 42, 'Broken Sensor', 'Adipisci cum ea nemo nemo maxime nam repudiandae alias non sequi.', 5, 'investigating');
INSERT INTO citizen_reports (id, citizen_id, category, description, zone_id, status) VALUES (25, 96, 'Broken Sensor', 'Dignissimos veritatis nostrum accusamus perferendis doloremque qui fuga exercitationem quasi accusantium odio molestias.', 1, 'resolved');
INSERT INTO citizen_reports (id, citizen_id, category, description, zone_id, status) VALUES (26, 147, 'Air Pollution', 'Sequi ullam similique deleniti officiis pariatur.', 4, 'investigating');
INSERT INTO citizen_reports (id, citizen_id, category, description, zone_id, status) VALUES (27, 187, 'Broken Sensor', 'Nostrum dignissimos delectus architecto animi harum totam repellat deserunt.', 9, 'pending');
INSERT INTO citizen_reports (id, citizen_id, category, description, zone_id, status) VALUES (28, 41, 'Traffic Jam', 'Ratione modi quaerat amet quod voluptas accusamus ex sint soluta error earum nulla.', 3, 'resolved');
INSERT INTO citizen_reports (id, citizen_id, category, description, zone_id, status) VALUES (29, 208, 'Waste Management', 'Vel ipsam quos veritatis dignissimos ipsam laboriosam numquam molestias natus sequi mollitia tempora.', 10, 'pending');
INSERT INTO citizen_reports (id, citizen_id, category, description, zone_id, status) VALUES (30, 235, 'Air Pollution', 'Impedit explicabo deserunt quidem consequuntur veniam nihil dolor ratione consequuntur.', 8, 'pending');
INSERT INTO citizen_reports (id, citizen_id, category, description, zone_id, status) VALUES (31, 14, 'Broken Sensor', 'Error consequuntur eum accusamus culpa magni quos suscipit blanditiis tempora laborum.', 5, 'pending');
INSERT INTO citizen_reports (id, citizen_id, category, description, zone_id, status) VALUES (32, 141, 'Waste Management', 'Nihil dolore ipsum similique fuga dolor quas quia maiores similique hic impedit dolorem.', 3, 'resolved');
INSERT INTO citizen_reports (id, citizen_id, category, description, zone_id, status) VALUES (33, 129, 'Air Pollution', 'Amet doloremque alias recusandae quia quod eveniet labore magnam ex explicabo ipsam ea.', 6, 'pending');
INSERT INTO citizen_reports (id, citizen_id, category, description, zone_id, status) VALUES (34, 47, 'Air Pollution', 'Assumenda nesciunt dolores explicabo accusantium ullam cum fugiat illo possimus quasi.', 10, 'resolved');
INSERT INTO citizen_reports (id, citizen_id, category, description, zone_id, status) VALUES (35, 214, 'Air Pollution', 'Tenetur error error saepe odio porro optio molestiae illum nobis.', 7, 'resolved');
INSERT INTO citizen_reports (id, citizen_id, category, description, zone_id, status) VALUES (36, 10, 'Waste Management', 'Consequatur provident dicta numquam quibusdam doloremque ipsam.', 9, 'resolved');
INSERT INTO citizen_reports (id, citizen_id, category, description, zone_id, status) VALUES (37, 169, 'Waste Management', 'Illo ducimus explicabo rerum perspiciatis architecto.', 7, 'investigating');
INSERT INTO citizen_reports (id, citizen_id, category, description, zone_id, status) VALUES (38, 165, 'Waste Management', 'Quam non error beatae deserunt cumque quod voluptatibus fugiat commodi tenetur.', 5, 'pending');
INSERT INTO citizen_reports (id, citizen_id, category, description, zone_id, status) VALUES (39, 85, 'Air Pollution', 'Aut aspernatur aperiam ipsum facilis quisquam nostrum.', 6, 'pending');
INSERT INTO citizen_reports (id, citizen_id, category, description, zone_id, status) VALUES (40, 138, 'Waste Management', 'Quisquam reprehenderit nihil et vitae natus totam explicabo.', 5, 'pending');
INSERT INTO citizen_reports (id, citizen_id, category, description, zone_id, status) VALUES (41, 141, 'Air Pollution', 'Necessitatibus distinctio assumenda explicabo earum quibusdam perspiciatis.', 3, 'investigating');
INSERT INTO citizen_reports (id, citizen_id, category, description, zone_id, status) VALUES (42, 136, 'Broken Sensor', 'Laudantium distinctio deleniti corrupti at optio perspiciatis laudantium.', 4, 'pending');
INSERT INTO citizen_reports (id, citizen_id, category, description, zone_id, status) VALUES (43, 101, 'Air Pollution', 'Corrupti eaque est deserunt temporibus deserunt fuga accusantium alias.', 1, 'resolved');
INSERT INTO citizen_reports (id, citizen_id, category, description, zone_id, status) VALUES (44, 16, 'Waste Management', 'Ipsam dolorem aperiam quod similique quod assumenda nemo laboriosam quo expedita.', 4, 'investigating');
INSERT INTO citizen_reports (id, citizen_id, category, description, zone_id, status) VALUES (45, 183, 'Traffic Jam', 'Asperiores voluptate voluptatibus beatae aperiam tempora numquam consequatur laudantium quasi.', 6, 'pending');
INSERT INTO citizen_reports (id, citizen_id, category, description, zone_id, status) VALUES (46, 30, 'Waste Management', 'Facere temporibus assumenda dolor dolores odio possimus facere inventore.', 7, 'pending');
INSERT INTO citizen_reports (id, citizen_id, category, description, zone_id, status) VALUES (47, 160, 'Broken Sensor', 'Nobis nesciunt necessitatibus velit distinctio tempore alias deserunt molestias.', 3, 'investigating');
INSERT INTO citizen_reports (id, citizen_id, category, description, zone_id, status) VALUES (48, 134, 'Waste Management', 'Corrupti nostrum perferendis qui ab corporis harum iste nam expedita quaerat.', 5, 'resolved');
INSERT INTO citizen_reports (id, citizen_id, category, description, zone_id, status) VALUES (49, 111, 'Broken Sensor', 'Occaecati ab temporibus quis nostrum sit corporis minus.', 9, 'investigating');
INSERT INTO citizen_reports (id, citizen_id, category, description, zone_id, status) VALUES (50, 227, 'Air Pollution', 'Eum labore vero officiis recusandae quod dicta dolorem.', 7, 'pending');
INSERT INTO citizen_reports (id, citizen_id, category, description, zone_id, status) VALUES (51, 123, 'Traffic Jam', 'Alias vero aut adipisci voluptatibus exercitationem.', 7, 'resolved');
INSERT INTO citizen_reports (id, citizen_id, category, description, zone_id, status) VALUES (52, 53, 'Air Pollution', 'Excepturi eligendi voluptatum voluptatibus fugiat quidem ducimus placeat occaecati veniam atque unde fugit.', 10, 'pending');
INSERT INTO citizen_reports (id, citizen_id, category, description, zone_id, status) VALUES (53, 28, 'Broken Sensor', 'Est eius laboriosam rerum nulla laboriosam natus ipsam.', 7, 'pending');
INSERT INTO citizen_reports (id, citizen_id, category, description, zone_id, status) VALUES (54, 14, 'Air Pollution', 'Fuga aliquid quae beatae explicabo hic modi dolorem hic recusandae laudantium cum earum.', 6, 'resolved');
INSERT INTO citizen_reports (id, citizen_id, category, description, zone_id, status) VALUES (55, 35, 'Air Pollution', 'Doloremque reprehenderit aspernatur explicabo suscipit voluptates non sunt vitae excepturi dolor eligendi asperiores.', 9, 'resolved');
INSERT INTO citizen_reports (id, citizen_id, category, description, zone_id, status) VALUES (56, 124, 'Waste Management', 'Adipisci enim sequi similique laborum voluptatum dolor incidunt.', 7, 'investigating');
INSERT INTO citizen_reports (id, citizen_id, category, description, zone_id, status) VALUES (57, 137, 'Waste Management', 'Expedita voluptatem magnam in nobis quasi deleniti adipisci eius sit laboriosam ipsa.', 5, 'investigating');
INSERT INTO citizen_reports (id, citizen_id, category, description, zone_id, status) VALUES (58, 84, 'Air Pollution', 'Cum itaque nihil expedita aspernatur omnis temporibus qui cupiditate.', 3, 'pending');
INSERT INTO citizen_reports (id, citizen_id, category, description, zone_id, status) VALUES (59, 65, 'Waste Management', 'Accusantium deserunt nobis porro tempora fugiat.', 9, 'investigating');
INSERT INTO citizen_reports (id, citizen_id, category, description, zone_id, status) VALUES (60, 26, 'Air Pollution', 'Eaque numquam tempore mollitia commodi nisi officia praesentium et praesentium nulla.', 5, 'pending');
INSERT INTO citizen_reports (id, citizen_id, category, description, zone_id, status) VALUES (61, 181, 'Waste Management', 'Iure maiores eius ullam aperiam minus nostrum hic ipsa quod nesciunt.', 7, 'pending');
INSERT INTO citizen_reports (id, citizen_id, category, description, zone_id, status) VALUES (62, 104, 'Waste Management', 'Voluptates a nostrum quidem harum inventore assumenda nisi.', 3, 'pending');
INSERT INTO citizen_reports (id, citizen_id, category, description, zone_id, status) VALUES (63, 163, 'Traffic Jam', 'Iure hic quas hic quos dolorum.', 3, 'investigating');
INSERT INTO citizen_reports (id, citizen_id, category, description, zone_id, status) VALUES (64, 97, 'Air Pollution', 'Deleniti quos laudantium doloribus assumenda tenetur commodi repellendus maxime dolore vero.', 1, 'investigating');
INSERT INTO citizen_reports (id, citizen_id, category, description, zone_id, status) VALUES (65, 177, 'Broken Sensor', 'Officiis ducimus explicabo animi optio officia explicabo incidunt ea laboriosam minima inventore eos.', 5, 'investigating');
INSERT INTO citizen_reports (id, citizen_id, category, description, zone_id, status) VALUES (66, 146, 'Traffic Jam', 'Officia praesentium quidem quaerat alias deserunt quisquam laboriosam.', 10, 'resolved');
INSERT INTO citizen_reports (id, citizen_id, category, description, zone_id, status) VALUES (67, 18, 'Broken Sensor', 'Consequuntur quasi hic accusamus odit nam.', 8, 'investigating');
INSERT INTO citizen_reports (id, citizen_id, category, description, zone_id, status) VALUES (68, 100, 'Air Pollution', 'Cupiditate iste facere quos cupiditate nobis corrupti.', 7, 'resolved');
INSERT INTO citizen_reports (id, citizen_id, category, description, zone_id, status) VALUES (69, 32, 'Broken Sensor', 'Nostrum non necessitatibus error temporibus asperiores.', 6, 'investigating');
INSERT INTO citizen_reports (id, citizen_id, category, description, zone_id, status) VALUES (70, 200, 'Traffic Jam', 'Praesentium neque harum doloribus labore sed aliquam molestiae culpa voluptatibus.', 6, 'pending');
INSERT INTO citizen_reports (id, citizen_id, category, description, zone_id, status) VALUES (71, 229, 'Waste Management', 'Ullam deleniti explicabo totam cumque dolorum ad ut nisi.', 5, 'pending');
INSERT INTO citizen_reports (id, citizen_id, category, description, zone_id, status) VALUES (72, 239, 'Traffic Jam', 'Illo eos veritatis dolorum culpa ut corrupti distinctio enim atque harum minima.', 3, 'investigating');
INSERT INTO citizen_reports (id, citizen_id, category, description, zone_id, status) VALUES (73, 126, 'Air Pollution', 'Eaque incidunt cum nisi blanditiis ipsum.', 2, 'investigating');
INSERT INTO citizen_reports (id, citizen_id, category, description, zone_id, status) VALUES (74, 54, 'Broken Sensor', 'Culpa harum amet veniam error omnis.', 10, 'pending');
INSERT INTO citizen_reports (id, citizen_id, category, description, zone_id, status) VALUES (75, 28, 'Broken Sensor', 'Eius nihil eius quia voluptate consectetur est doloribus iure optio delectus nihil.', 7, 'resolved');
INSERT INTO citizen_reports (id, citizen_id, category, description, zone_id, status) VALUES (76, 175, 'Traffic Jam', 'Cumque odio nulla dolore officiis corporis.', 10, 'resolved');
INSERT INTO citizen_reports (id, citizen_id, category, description, zone_id, status) VALUES (77, 36, 'Traffic Jam', 'Alias ea at optio nemo error quas ex.', 1, 'pending');
INSERT INTO citizen_reports (id, citizen_id, category, description, zone_id, status) VALUES (78, 58, 'Broken Sensor', 'Similique officiis minus assumenda et officia totam dolorem saepe eius.', 4, 'investigating');
INSERT INTO citizen_reports (id, citizen_id, category, description, zone_id, status) VALUES (79, 105, 'Waste Management', 'Omnis alias reiciendis aliquid commodi earum voluptatum minus quaerat.', 5, 'pending');
INSERT INTO citizen_reports (id, citizen_id, category, description, zone_id, status) VALUES (80, 198, 'Waste Management', 'Sapiente necessitatibus eum ad doloribus ipsam iusto nam beatae.', 10, 'pending');
INSERT INTO citizen_reports (id, citizen_id, category, description, zone_id, status) VALUES (81, 209, 'Air Pollution', 'Quidem magni odio nesciunt maiores adipisci maiores ipsum.', 1, 'pending');
INSERT INTO citizen_reports (id, citizen_id, category, description, zone_id, status) VALUES (82, 51, 'Traffic Jam', 'Magnam iste nesciunt earum blanditiis iste error soluta officia.', 9, 'investigating');
INSERT INTO citizen_reports (id, citizen_id, category, description, zone_id, status) VALUES (83, 5, 'Traffic Jam', 'Maxime veritatis illo consequatur eligendi amet nemo debitis.', 9, 'resolved');
INSERT INTO citizen_reports (id, citizen_id, category, description, zone_id, status) VALUES (84, 239, 'Waste Management', 'Illo in sunt eaque cumque odit velit voluptatum rerum assumenda dolores dolore.', 8, 'resolved');
INSERT INTO citizen_reports (id, citizen_id, category, description, zone_id, status) VALUES (85, 216, 'Broken Sensor', 'Enim eveniet suscipit libero deleniti error.', 5, 'pending');
INSERT INTO citizen_reports (id, citizen_id, category, description, zone_id, status) VALUES (86, 25, 'Waste Management', 'Consectetur ea ipsum sed ratione excepturi consequuntur voluptatem id impedit delectus.', 6, 'investigating');
INSERT INTO citizen_reports (id, citizen_id, category, description, zone_id, status) VALUES (87, 135, 'Air Pollution', 'Voluptatibus consectetur a distinctio modi molestias quo enim alias magni voluptas quibusdam eius.', 2, 'pending');
INSERT INTO citizen_reports (id, citizen_id, category, description, zone_id, status) VALUES (88, 219, 'Waste Management', 'Mollitia nam exercitationem corporis enim corrupti in excepturi blanditiis debitis esse sit.', 4, 'resolved');
INSERT INTO citizen_reports (id, citizen_id, category, description, zone_id, status) VALUES (89, 104, 'Air Pollution', 'Nulla beatae atque corporis culpa alias vel voluptas.', 5, 'investigating');
INSERT INTO citizen_reports (id, citizen_id, category, description, zone_id, status) VALUES (90, 145, 'Waste Management', 'Vitae ducimus voluptatem cum placeat accusamus.', 9, 'pending');
INSERT INTO citizen_reports (id, citizen_id, category, description, zone_id, status) VALUES (91, 30, 'Air Pollution', 'Soluta accusantium sapiente hic et eveniet laudantium nam.', 4, 'pending');
INSERT INTO citizen_reports (id, citizen_id, category, description, zone_id, status) VALUES (92, 232, 'Traffic Jam', 'Fugit laboriosam saepe est inventore provident quia soluta.', 1, 'pending');
INSERT INTO citizen_reports (id, citizen_id, category, description, zone_id, status) VALUES (93, 214, 'Broken Sensor', 'Expedita assumenda corrupti cum quod distinctio inventore vitae ullam excepturi.', 1, 'pending');
INSERT INTO citizen_reports (id, citizen_id, category, description, zone_id, status) VALUES (94, 249, 'Traffic Jam', 'Eius inventore soluta similique non dicta cumque repellat magni nesciunt.', 4, 'pending');
INSERT INTO citizen_reports (id, citizen_id, category, description, zone_id, status) VALUES (95, 6, 'Waste Management', 'Eius labore fuga nisi aspernatur ducimus sit vero perspiciatis sunt occaecati mollitia.', 4, 'resolved');
INSERT INTO citizen_reports (id, citizen_id, category, description, zone_id, status) VALUES (96, 173, 'Broken Sensor', 'At nulla vel earum quis autem mollitia voluptas.', 2, 'resolved');
INSERT INTO citizen_reports (id, citizen_id, category, description, zone_id, status) VALUES (97, 28, 'Broken Sensor', 'Ipsum saepe iusto itaque assumenda maxime animi sapiente.', 4, 'pending');
INSERT INTO citizen_reports (id, citizen_id, category, description, zone_id, status) VALUES (98, 217, 'Air Pollution', 'Delectus totam tempora magnam eveniet consequuntur eum nulla pariatur.', 9, 'resolved');
INSERT INTO citizen_reports (id, citizen_id, category, description, zone_id, status) VALUES (99, 246, 'Traffic Jam', 'Porro inventore pariatur aliquid modi rem aut.', 9, 'investigating');
INSERT INTO citizen_reports (id, citizen_id, category, description, zone_id, status) VALUES (100, 211, 'Waste Management', 'Illum ea perspiciatis ad nihil cupiditate atque quasi.', 5, 'investigating');
INSERT INTO citizen_notifications (id, citizen_id, title, body, notification_type, is_read) VALUES (1, 242, 'Perhatian: Kualitas Udara Memburuk', 'Nisi ipsa animi dolor nihil ullam.', 'general', 0);
INSERT INTO citizen_notifications (id, citizen_id, title, body, notification_type, is_read) VALUES (2, 244, 'Perhatian: Kualitas Udara Memburuk', 'Dolor doloribus dolore possimus nesciunt nobis sunt.', 'general', 1);
INSERT INTO citizen_notifications (id, citizen_id, title, body, notification_type, is_read) VALUES (3, 109, 'Perhatian: Kualitas Udara Memburuk', 'Similique quod officia exercitationem repudiandae exercitationem.', 'general', 0);
INSERT INTO citizen_notifications (id, citizen_id, title, body, notification_type, is_read) VALUES (4, 121, 'Perhatian: Kualitas Udara Memburuk', 'Exercitationem distinctio veniam fugit aliquid commodi adipisci explicabo temporibus voluptates.', 'general', 1);
INSERT INTO citizen_notifications (id, citizen_id, title, body, notification_type, is_read) VALUES (5, 186, 'Perhatian: Kualitas Udara Memburuk', 'Commodi excepturi nulla laboriosam consequatur nesciunt.', 'general', 1);
INSERT INTO citizen_notifications (id, citizen_id, title, body, notification_type, is_read) VALUES (6, 215, 'Perhatian: Kualitas Udara Memburuk', 'Mollitia sit molestias id facere aut blanditiis eveniet.', 'general', 0);
INSERT INTO citizen_notifications (id, citizen_id, title, body, notification_type, is_read) VALUES (7, 238, 'Perhatian: Kualitas Udara Memburuk', 'Dolorum nisi dolores ratione perspiciatis modi.', 'general', 0);
INSERT INTO citizen_notifications (id, citizen_id, title, body, notification_type, is_read) VALUES (8, 3, 'Perhatian: Kualitas Udara Memburuk', 'Architecto libero fuga occaecati neque sint quod neque.', 'general', 1);
INSERT INTO citizen_notifications (id, citizen_id, title, body, notification_type, is_read) VALUES (9, 194, 'Perhatian: Kualitas Udara Memburuk', 'Voluptatem ea illum quidem adipisci exercitationem.', 'general', 0);
INSERT INTO citizen_notifications (id, citizen_id, title, body, notification_type, is_read) VALUES (10, 60, 'Perhatian: Kualitas Udara Memburuk', 'Accusamus dicta laboriosam blanditiis id maiores voluptatem repellendus reprehenderit.', 'general', 1);
INSERT INTO citizen_notifications (id, citizen_id, title, body, notification_type, is_read) VALUES (11, 88, 'Perhatian: Kualitas Udara Memburuk', 'Ipsam vitae blanditiis libero error deleniti sed error minima debitis.', 'general', 1);
INSERT INTO citizen_notifications (id, citizen_id, title, body, notification_type, is_read) VALUES (12, 63, 'Perhatian: Kualitas Udara Memburuk', 'Modi delectus voluptate laborum voluptatum odit eos in ratione.', 'general', 1);
INSERT INTO citizen_notifications (id, citizen_id, title, body, notification_type, is_read) VALUES (13, 100, 'Perhatian: Kualitas Udara Memburuk', 'Ab soluta accusantium voluptates reiciendis occaecati.', 'general', 0);
INSERT INTO citizen_notifications (id, citizen_id, title, body, notification_type, is_read) VALUES (14, 160, 'Perhatian: Kualitas Udara Memburuk', 'Quo quisquam iure explicabo distinctio in dignissimos in in illo.', 'general', 1);
INSERT INTO citizen_notifications (id, citizen_id, title, body, notification_type, is_read) VALUES (15, 247, 'Perhatian: Kualitas Udara Memburuk', 'Ducimus molestias sunt repudiandae facere accusamus sed.', 'general', 0);
INSERT INTO citizen_notifications (id, citizen_id, title, body, notification_type, is_read) VALUES (16, 201, 'Perhatian: Kualitas Udara Memburuk', 'Expedita minus in quisquam vitae suscipit nihil quis dolore.', 'general', 0);
INSERT INTO citizen_notifications (id, citizen_id, title, body, notification_type, is_read) VALUES (17, 165, 'Perhatian: Kualitas Udara Memburuk', 'Nam libero at illo quisquam consectetur amet.', 'general', 1);
INSERT INTO citizen_notifications (id, citizen_id, title, body, notification_type, is_read) VALUES (18, 192, 'Perhatian: Kualitas Udara Memburuk', 'Aut illo sapiente vitae commodi blanditiis optio exercitationem quaerat.', 'general', 1);
INSERT INTO citizen_notifications (id, citizen_id, title, body, notification_type, is_read) VALUES (19, 146, 'Perhatian: Kualitas Udara Memburuk', 'Nam error nisi omnis omnis quaerat explicabo sapiente cumque.', 'general', 0);
INSERT INTO citizen_notifications (id, citizen_id, title, body, notification_type, is_read) VALUES (20, 41, 'Perhatian: Kualitas Udara Memburuk', 'Temporibus aperiam quas odit accusamus ipsam asperiores magnam.', 'general', 0);
INSERT INTO citizen_notifications (id, citizen_id, title, body, notification_type, is_read) VALUES (21, 19, 'Perhatian: Kualitas Udara Memburuk', 'Modi quas quisquam eaque assumenda quia laboriosam.', 'general', 1);
INSERT INTO citizen_notifications (id, citizen_id, title, body, notification_type, is_read) VALUES (22, 176, 'Perhatian: Kualitas Udara Memburuk', 'In molestias labore illum iusto quaerat aliquid est id inventore.', 'general', 0);
INSERT INTO citizen_notifications (id, citizen_id, title, body, notification_type, is_read) VALUES (23, 146, 'Perhatian: Kualitas Udara Memburuk', 'Minus quas repellat facere rerum inventore beatae dolores omnis nesciunt.', 'general', 1);
INSERT INTO citizen_notifications (id, citizen_id, title, body, notification_type, is_read) VALUES (24, 249, 'Perhatian: Kualitas Udara Memburuk', 'Praesentium ea perspiciatis neque.', 'general', 0);
INSERT INTO citizen_notifications (id, citizen_id, title, body, notification_type, is_read) VALUES (25, 91, 'Perhatian: Kualitas Udara Memburuk', 'Aspernatur iusto voluptatem voluptatum reprehenderit blanditiis eligendi quam.', 'general', 1);
INSERT INTO citizen_notifications (id, citizen_id, title, body, notification_type, is_read) VALUES (26, 66, 'Perhatian: Kualitas Udara Memburuk', 'Provident in rem odit nostrum.', 'anomaly_alert', 1);
INSERT INTO citizen_notifications (id, citizen_id, title, body, notification_type, is_read) VALUES (27, 88, 'Perhatian: Kualitas Udara Memburuk', 'Vel necessitatibus quis repellendus tempore praesentium sit ullam voluptatem accusamus.', 'general', 1);
INSERT INTO citizen_notifications (id, citizen_id, title, body, notification_type, is_read) VALUES (28, 45, 'Perhatian: Kualitas Udara Memburuk', 'Commodi quis tempora quis iusto harum sapiente.', 'general', 0);
INSERT INTO citizen_notifications (id, citizen_id, title, body, notification_type, is_read) VALUES (29, 57, 'Perhatian: Kualitas Udara Memburuk', 'Et excepturi maiores perspiciatis cumque voluptatum ipsam tempore accusantium iste.', 'anomaly_alert', 1);
INSERT INTO citizen_notifications (id, citizen_id, title, body, notification_type, is_read) VALUES (30, 221, 'Perhatian: Kualitas Udara Memburuk', 'Similique ipsam eaque laudantium ad nobis dolore quidem.', 'anomaly_alert', 0);
INSERT INTO citizen_notifications (id, citizen_id, title, body, notification_type, is_read) VALUES (31, 127, 'Perhatian: Kualitas Udara Memburuk', 'Voluptatum dolorem itaque facilis maiores autem laborum veniam quaerat neque harum.', 'general', 1);
INSERT INTO citizen_notifications (id, citizen_id, title, body, notification_type, is_read) VALUES (32, 226, 'Perhatian: Kualitas Udara Memburuk', 'Illum laboriosam eos officiis vero.', 'general', 0);
INSERT INTO citizen_notifications (id, citizen_id, title, body, notification_type, is_read) VALUES (33, 110, 'Perhatian: Kualitas Udara Memburuk', 'Cupiditate enim labore impedit officiis dolores.', 'general', 1);
INSERT INTO citizen_notifications (id, citizen_id, title, body, notification_type, is_read) VALUES (34, 160, 'Perhatian: Kualitas Udara Memburuk', 'Corrupti eius animi sint recusandae odio dolor molestias porro.', 'general', 1);
INSERT INTO citizen_notifications (id, citizen_id, title, body, notification_type, is_read) VALUES (35, 105, 'Perhatian: Kualitas Udara Memburuk', 'Quos doloremque incidunt ea perspiciatis amet iusto laudantium molestias impedit.', 'general', 0);
INSERT INTO citizen_notifications (id, citizen_id, title, body, notification_type, is_read) VALUES (36, 220, 'Perhatian: Kualitas Udara Memburuk', 'Incidunt sint velit veritatis blanditiis voluptas quam distinctio reprehenderit magni.', 'general', 1);
INSERT INTO citizen_notifications (id, citizen_id, title, body, notification_type, is_read) VALUES (37, 38, 'Perhatian: Kualitas Udara Memburuk', 'Nobis praesentium nobis iusto id.', 'general', 0);
INSERT INTO citizen_notifications (id, citizen_id, title, body, notification_type, is_read) VALUES (38, 139, 'Perhatian: Kualitas Udara Memburuk', 'Repudiandae vel labore officiis perspiciatis est consequatur rem tenetur quo animi.', 'general', 0);
INSERT INTO citizen_notifications (id, citizen_id, title, body, notification_type, is_read) VALUES (39, 79, 'Perhatian: Kualitas Udara Memburuk', 'Sapiente adipisci incidunt consequatur similique.', 'general', 0);
INSERT INTO citizen_notifications (id, citizen_id, title, body, notification_type, is_read) VALUES (40, 106, 'Perhatian: Kualitas Udara Memburuk', 'Animi optio voluptas deserunt consequatur labore deleniti doloribus eum iste.', 'general', 0);
INSERT INTO citizen_notifications (id, citizen_id, title, body, notification_type, is_read) VALUES (41, 38, 'Perhatian: Kualitas Udara Memburuk', 'Officia error molestias earum perferendis tempore eum illo.', 'general', 1);
INSERT INTO citizen_notifications (id, citizen_id, title, body, notification_type, is_read) VALUES (42, 59, 'Perhatian: Kualitas Udara Memburuk', 'Earum nesciunt velit tenetur explicabo optio.', 'general', 1);
INSERT INTO citizen_notifications (id, citizen_id, title, body, notification_type, is_read) VALUES (43, 190, 'Perhatian: Kualitas Udara Memburuk', 'Nemo aliquam omnis quis rerum saepe in aspernatur facilis corporis.', 'anomaly_alert', 1);
INSERT INTO citizen_notifications (id, citizen_id, title, body, notification_type, is_read) VALUES (44, 237, 'Perhatian: Kualitas Udara Memburuk', 'Possimus magni explicabo commodi quae iusto deleniti accusantium.', 'general', 0);
INSERT INTO citizen_notifications (id, citizen_id, title, body, notification_type, is_read) VALUES (45, 172, 'Perhatian: Kualitas Udara Memburuk', 'Voluptatum quidem similique natus.', 'anomaly_alert', 1);
INSERT INTO citizen_notifications (id, citizen_id, title, body, notification_type, is_read) VALUES (46, 8, 'Perhatian: Kualitas Udara Memburuk', 'Est ducimus unde debitis quidem.', 'anomaly_alert', 1);
INSERT INTO citizen_notifications (id, citizen_id, title, body, notification_type, is_read) VALUES (47, 207, 'Perhatian: Kualitas Udara Memburuk', 'Neque possimus soluta libero modi accusamus optio ipsa.', 'general', 1);
INSERT INTO citizen_notifications (id, citizen_id, title, body, notification_type, is_read) VALUES (48, 138, 'Perhatian: Kualitas Udara Memburuk', 'Nulla ex quis ab necessitatibus molestias.', 'anomaly_alert', 1);
INSERT INTO citizen_notifications (id, citizen_id, title, body, notification_type, is_read) VALUES (49, 97, 'Perhatian: Kualitas Udara Memburuk', 'Officiis animi quibusdam ullam voluptatum.', 'general', 1);
INSERT INTO citizen_notifications (id, citizen_id, title, body, notification_type, is_read) VALUES (50, 43, 'Perhatian: Kualitas Udara Memburuk', 'Ipsa quae eos vel tempora.', 'general', 0);
INSERT INTO citizen_notifications (id, citizen_id, title, body, notification_type, is_read) VALUES (51, 179, 'Perhatian: Kualitas Udara Memburuk', 'Id expedita deserunt doloremque in numquam.', 'general', 1);
INSERT INTO citizen_notifications (id, citizen_id, title, body, notification_type, is_read) VALUES (52, 236, 'Perhatian: Kualitas Udara Memburuk', 'Voluptatem nihil officia sunt praesentium pariatur est unde consectetur ratione quidem.', 'general', 0);
INSERT INTO citizen_notifications (id, citizen_id, title, body, notification_type, is_read) VALUES (53, 93, 'Perhatian: Kualitas Udara Memburuk', 'Libero quos ut dolore libero voluptates dolorem eius.', 'general', 0);
INSERT INTO citizen_notifications (id, citizen_id, title, body, notification_type, is_read) VALUES (54, 122, 'Perhatian: Kualitas Udara Memburuk', 'Libero accusamus molestiae labore sequi impedit.', 'anomaly_alert', 1);
INSERT INTO citizen_notifications (id, citizen_id, title, body, notification_type, is_read) VALUES (55, 16, 'Perhatian: Kualitas Udara Memburuk', 'Voluptates aut vero commodi id sapiente.', 'anomaly_alert', 0);
INSERT INTO citizen_notifications (id, citizen_id, title, body, notification_type, is_read) VALUES (56, 245, 'Perhatian: Kualitas Udara Memburuk', 'Deserunt fugit porro culpa nesciunt.', 'general', 0);
INSERT INTO citizen_notifications (id, citizen_id, title, body, notification_type, is_read) VALUES (57, 33, 'Perhatian: Kualitas Udara Memburuk', 'Reiciendis perferendis amet quaerat harum cumque soluta.', 'anomaly_alert', 0);
INSERT INTO citizen_notifications (id, citizen_id, title, body, notification_type, is_read) VALUES (58, 36, 'Perhatian: Kualitas Udara Memburuk', 'Esse vel debitis facere iusto dolor consequatur.', 'general', 1);
INSERT INTO citizen_notifications (id, citizen_id, title, body, notification_type, is_read) VALUES (59, 129, 'Perhatian: Kualitas Udara Memburuk', 'Deserunt sed vitae cumque dicta magni molestiae eius facere adipisci.', 'general', 0);
INSERT INTO citizen_notifications (id, citizen_id, title, body, notification_type, is_read) VALUES (60, 166, 'Perhatian: Kualitas Udara Memburuk', 'Ad fugiat ducimus alias dolorum illum.', 'general', 0);
INSERT INTO citizen_notifications (id, citizen_id, title, body, notification_type, is_read) VALUES (61, 165, 'Perhatian: Kualitas Udara Memburuk', 'Nam voluptates dignissimos officiis atque dolores culpa earum deserunt.', 'anomaly_alert', 0);
INSERT INTO citizen_notifications (id, citizen_id, title, body, notification_type, is_read) VALUES (62, 237, 'Perhatian: Kualitas Udara Memburuk', 'Delectus maxime iure corporis similique magnam fugit cumque modi soluta corporis.', 'anomaly_alert', 0);
INSERT INTO citizen_notifications (id, citizen_id, title, body, notification_type, is_read) VALUES (63, 33, 'Perhatian: Kualitas Udara Memburuk', 'Nisi iusto nesciunt tempora architecto fugit minus asperiores.', 'anomaly_alert', 1);
INSERT INTO citizen_notifications (id, citizen_id, title, body, notification_type, is_read) VALUES (64, 18, 'Perhatian: Kualitas Udara Memburuk', 'Optio dolorum officia deserunt quisquam qui id aut dolorem.', 'anomaly_alert', 1);
INSERT INTO citizen_notifications (id, citizen_id, title, body, notification_type, is_read) VALUES (65, 180, 'Perhatian: Kualitas Udara Memburuk', 'Aliquam inventore tempore ab.', 'general', 1);
INSERT INTO citizen_notifications (id, citizen_id, title, body, notification_type, is_read) VALUES (66, 239, 'Perhatian: Kualitas Udara Memburuk', 'Facilis tempora repudiandae saepe distinctio maxime.', 'general', 0);
INSERT INTO citizen_notifications (id, citizen_id, title, body, notification_type, is_read) VALUES (67, 235, 'Perhatian: Kualitas Udara Memburuk', 'Molestiae ab facilis porro beatae dignissimos.', 'general', 0);
INSERT INTO citizen_notifications (id, citizen_id, title, body, notification_type, is_read) VALUES (68, 228, 'Perhatian: Kualitas Udara Memburuk', 'Accusamus magnam consequuntur veritatis modi fuga quisquam perspiciatis magni.', 'general', 0);
INSERT INTO citizen_notifications (id, citizen_id, title, body, notification_type, is_read) VALUES (69, 219, 'Perhatian: Kualitas Udara Memburuk', 'Fugit quaerat expedita natus quam nam atque.', 'general', 0);
INSERT INTO citizen_notifications (id, citizen_id, title, body, notification_type, is_read) VALUES (70, 171, 'Perhatian: Kualitas Udara Memburuk', 'Tempore dolorem optio officiis magnam excepturi impedit modi repudiandae maxime.', 'general', 0);
INSERT INTO citizen_notifications (id, citizen_id, title, body, notification_type, is_read) VALUES (71, 7, 'Perhatian: Kualitas Udara Memburuk', 'Natus sequi unde itaque.', 'general', 0);
INSERT INTO citizen_notifications (id, citizen_id, title, body, notification_type, is_read) VALUES (72, 16, 'Perhatian: Kualitas Udara Memburuk', 'Dolore dolor commodi id similique tempora porro.', 'general', 0);
INSERT INTO citizen_notifications (id, citizen_id, title, body, notification_type, is_read) VALUES (73, 179, 'Perhatian: Kualitas Udara Memburuk', 'Hic voluptatem sunt reprehenderit praesentium error ab possimus sint rerum.', 'anomaly_alert', 0);
INSERT INTO citizen_notifications (id, citizen_id, title, body, notification_type, is_read) VALUES (74, 53, 'Perhatian: Kualitas Udara Memburuk', 'Deleniti suscipit vel a dolorum error dolore.', 'general', 0);
INSERT INTO citizen_notifications (id, citizen_id, title, body, notification_type, is_read) VALUES (75, 99, 'Perhatian: Kualitas Udara Memburuk', 'Placeat quo dolor quia totam debitis occaecati.', 'anomaly_alert', 0);
INSERT INTO citizen_notifications (id, citizen_id, title, body, notification_type, is_read) VALUES (76, 54, 'Perhatian: Kualitas Udara Memburuk', 'Quas consequuntur distinctio eligendi possimus.', 'general', 0);
INSERT INTO citizen_notifications (id, citizen_id, title, body, notification_type, is_read) VALUES (77, 128, 'Perhatian: Kualitas Udara Memburuk', 'Beatae qui iusto autem iure assumenda accusantium numquam voluptas laborum.', 'anomaly_alert', 0);
INSERT INTO citizen_notifications (id, citizen_id, title, body, notification_type, is_read) VALUES (78, 222, 'Perhatian: Kualitas Udara Memburuk', 'Neque voluptatem expedita eum tempora neque deserunt explicabo iste.', 'general', 1);
INSERT INTO citizen_notifications (id, citizen_id, title, body, notification_type, is_read) VALUES (79, 170, 'Perhatian: Kualitas Udara Memburuk', 'Voluptatibus deserunt in numquam odit illo explicabo eveniet non.', 'general', 0);
INSERT INTO citizen_notifications (id, citizen_id, title, body, notification_type, is_read) VALUES (80, 44, 'Perhatian: Kualitas Udara Memburuk', 'Doloribus optio cupiditate architecto assumenda cupiditate occaecati deserunt eum.', 'anomaly_alert', 0);
INSERT INTO citizen_notifications (id, citizen_id, title, body, notification_type, is_read) VALUES (81, 241, 'Perhatian: Kualitas Udara Memburuk', 'Sequi aperiam aliquid veritatis praesentium esse sit.', 'general', 1);
INSERT INTO citizen_notifications (id, citizen_id, title, body, notification_type, is_read) VALUES (82, 162, 'Perhatian: Kualitas Udara Memburuk', 'Ut quo in animi deserunt earum dolorum ducimus.', 'anomaly_alert', 1);
INSERT INTO citizen_notifications (id, citizen_id, title, body, notification_type, is_read) VALUES (83, 153, 'Perhatian: Kualitas Udara Memburuk', 'Quis commodi ullam incidunt est temporibus.', 'anomaly_alert', 0);
INSERT INTO citizen_notifications (id, citizen_id, title, body, notification_type, is_read) VALUES (84, 50, 'Perhatian: Kualitas Udara Memburuk', 'Iure itaque assumenda praesentium nobis quaerat quos ex odit molestiae.', 'general', 0);
INSERT INTO citizen_notifications (id, citizen_id, title, body, notification_type, is_read) VALUES (85, 174, 'Perhatian: Kualitas Udara Memburuk', 'Praesentium aut molestias voluptatum quaerat fuga eligendi sunt magni adipisci.', 'general', 0);
INSERT INTO citizen_notifications (id, citizen_id, title, body, notification_type, is_read) VALUES (86, 142, 'Perhatian: Kualitas Udara Memburuk', 'Voluptatem nisi veniam doloremque perspiciatis in doloribus non.', 'general', 1);
INSERT INTO citizen_notifications (id, citizen_id, title, body, notification_type, is_read) VALUES (87, 201, 'Perhatian: Kualitas Udara Memburuk', 'Repellat ab quisquam quod at ut praesentium aut incidunt vero.', 'general', 0);
INSERT INTO citizen_notifications (id, citizen_id, title, body, notification_type, is_read) VALUES (88, 126, 'Perhatian: Kualitas Udara Memburuk', 'Officia porro fugit doloremque asperiores neque quasi animi.', 'general', 1);
INSERT INTO citizen_notifications (id, citizen_id, title, body, notification_type, is_read) VALUES (89, 231, 'Perhatian: Kualitas Udara Memburuk', 'Doloremque laboriosam eum occaecati quos itaque unde ipsum.', 'anomaly_alert', 0);
INSERT INTO citizen_notifications (id, citizen_id, title, body, notification_type, is_read) VALUES (90, 163, 'Perhatian: Kualitas Udara Memburuk', 'Dolorem quos fugiat unde cupiditate vel.', 'general', 0);
INSERT INTO citizen_notifications (id, citizen_id, title, body, notification_type, is_read) VALUES (91, 141, 'Perhatian: Kualitas Udara Memburuk', 'Ducimus in officiis quam facilis laudantium necessitatibus quis.', 'general', 1);
INSERT INTO citizen_notifications (id, citizen_id, title, body, notification_type, is_read) VALUES (92, 193, 'Perhatian: Kualitas Udara Memburuk', 'Illo molestiae aliquam possimus delectus vitae suscipit tempora corporis.', 'general', 1);
INSERT INTO citizen_notifications (id, citizen_id, title, body, notification_type, is_read) VALUES (93, 72, 'Perhatian: Kualitas Udara Memburuk', 'Aperiam suscipit quod consequatur adipisci odio corrupti.', 'anomaly_alert', 0);
INSERT INTO citizen_notifications (id, citizen_id, title, body, notification_type, is_read) VALUES (94, 232, 'Perhatian: Kualitas Udara Memburuk', 'Perspiciatis illum repellendus quia id eaque expedita.', 'anomaly_alert', 0);
INSERT INTO citizen_notifications (id, citizen_id, title, body, notification_type, is_read) VALUES (95, 79, 'Perhatian: Kualitas Udara Memburuk', 'Nemo minima veniam corporis voluptas blanditiis occaecati pariatur esse atque.', 'anomaly_alert', 1);
INSERT INTO citizen_notifications (id, citizen_id, title, body, notification_type, is_read) VALUES (96, 80, 'Perhatian: Kualitas Udara Memburuk', 'Quibusdam laborum possimus doloremque dolore corporis quis.', 'anomaly_alert', 1);
INSERT INTO citizen_notifications (id, citizen_id, title, body, notification_type, is_read) VALUES (97, 32, 'Perhatian: Kualitas Udara Memburuk', 'Sequi officiis voluptates praesentium placeat provident culpa.', 'general', 0);
INSERT INTO citizen_notifications (id, citizen_id, title, body, notification_type, is_read) VALUES (98, 12, 'Perhatian: Kualitas Udara Memburuk', 'Perferendis quas id sunt exercitationem ad maxime.', 'general', 0);
INSERT INTO citizen_notifications (id, citizen_id, title, body, notification_type, is_read) VALUES (99, 134, 'Perhatian: Kualitas Udara Memburuk', 'Voluptatum illum sint quisquam illo eius recusandae unde ea adipisci.', 'anomaly_alert', 0);
INSERT INTO citizen_notifications (id, citizen_id, title, body, notification_type, is_read) VALUES (100, 241, 'Perhatian: Kualitas Udara Memburuk', 'Velit commodi minima temporibus incidunt.', 'general', 1);
INSERT INTO citizen_notifications (id, citizen_id, title, body, notification_type, is_read) VALUES (101, 54, 'Perhatian: Kualitas Udara Memburuk', 'Pariatur minus ea earum repellendus quasi incidunt repudiandae.', 'general', 1);
INSERT INTO citizen_notifications (id, citizen_id, title, body, notification_type, is_read) VALUES (102, 47, 'Perhatian: Kualitas Udara Memburuk', 'Quod quisquam esse odit animi.', 'general', 1);
INSERT INTO citizen_notifications (id, citizen_id, title, body, notification_type, is_read) VALUES (103, 124, 'Perhatian: Kualitas Udara Memburuk', 'Aliquid perspiciatis ullam ad dicta adipisci in id suscipit repellendus.', 'general', 1);
INSERT INTO citizen_notifications (id, citizen_id, title, body, notification_type, is_read) VALUES (104, 201, 'Perhatian: Kualitas Udara Memburuk', 'Blanditiis ipsa laborum autem libero excepturi saepe voluptas.', 'general', 0);
INSERT INTO citizen_notifications (id, citizen_id, title, body, notification_type, is_read) VALUES (105, 226, 'Perhatian: Kualitas Udara Memburuk', 'Corporis officia ex veniam pariatur saepe.', 'general', 1);
INSERT INTO citizen_notifications (id, citizen_id, title, body, notification_type, is_read) VALUES (106, 101, 'Perhatian: Kualitas Udara Memburuk', 'Voluptates occaecati laudantium necessitatibus voluptates velit.', 'general', 0);
INSERT INTO citizen_notifications (id, citizen_id, title, body, notification_type, is_read) VALUES (107, 161, 'Perhatian: Kualitas Udara Memburuk', 'Dolorum eius voluptatem sequi praesentium reiciendis.', 'general', 1);
INSERT INTO citizen_notifications (id, citizen_id, title, body, notification_type, is_read) VALUES (108, 199, 'Perhatian: Kualitas Udara Memburuk', 'Neque ducimus aliquid inventore explicabo mollitia.', 'anomaly_alert', 0);
INSERT INTO citizen_notifications (id, citizen_id, title, body, notification_type, is_read) VALUES (109, 133, 'Perhatian: Kualitas Udara Memburuk', 'Nemo facere ipsam praesentium quaerat est voluptates earum id veniam.', 'general', 1);
INSERT INTO citizen_notifications (id, citizen_id, title, body, notification_type, is_read) VALUES (110, 27, 'Perhatian: Kualitas Udara Memburuk', 'Ullam ipsam quidem quasi neque.', 'anomaly_alert', 1);
INSERT INTO citizen_notifications (id, citizen_id, title, body, notification_type, is_read) VALUES (111, 57, 'Perhatian: Kualitas Udara Memburuk', 'Necessitatibus odit amet eos magnam veniam.', 'general', 0);
INSERT INTO citizen_notifications (id, citizen_id, title, body, notification_type, is_read) VALUES (112, 31, 'Perhatian: Kualitas Udara Memburuk', 'Repudiandae illum beatae inventore autem neque ab ex vitae.', 'general', 1);
INSERT INTO citizen_notifications (id, citizen_id, title, body, notification_type, is_read) VALUES (113, 106, 'Perhatian: Kualitas Udara Memburuk', 'Expedita veritatis enim recusandae dolores placeat culpa tempore corporis.', 'anomaly_alert', 0);
INSERT INTO citizen_notifications (id, citizen_id, title, body, notification_type, is_read) VALUES (114, 16, 'Perhatian: Kualitas Udara Memburuk', 'Id laboriosam repellat optio consequatur fugit repellat.', 'general', 0);
INSERT INTO citizen_notifications (id, citizen_id, title, body, notification_type, is_read) VALUES (115, 45, 'Perhatian: Kualitas Udara Memburuk', 'Esse autem odio cupiditate minus distinctio.', 'anomaly_alert', 1);
INSERT INTO citizen_notifications (id, citizen_id, title, body, notification_type, is_read) VALUES (116, 238, 'Perhatian: Kualitas Udara Memburuk', 'Fuga officia sunt dicta accusamus.', 'anomaly_alert', 0);
INSERT INTO citizen_notifications (id, citizen_id, title, body, notification_type, is_read) VALUES (117, 128, 'Perhatian: Kualitas Udara Memburuk', 'Ipsam reprehenderit dolore impedit cupiditate.', 'anomaly_alert', 1);
INSERT INTO citizen_notifications (id, citizen_id, title, body, notification_type, is_read) VALUES (118, 156, 'Perhatian: Kualitas Udara Memburuk', 'Adipisci quia laborum facere.', 'general', 1);
INSERT INTO citizen_notifications (id, citizen_id, title, body, notification_type, is_read) VALUES (119, 85, 'Perhatian: Kualitas Udara Memburuk', 'Excepturi qui esse iusto aut.', 'anomaly_alert', 0);
INSERT INTO citizen_notifications (id, citizen_id, title, body, notification_type, is_read) VALUES (120, 128, 'Perhatian: Kualitas Udara Memburuk', 'Harum aliquam inventore quibusdam magnam tempore quas voluptatum.', 'general', 1);
INSERT INTO citizen_notifications (id, citizen_id, title, body, notification_type, is_read) VALUES (121, 170, 'Perhatian: Kualitas Udara Memburuk', 'Omnis a reprehenderit dolore enim illum voluptatem.', 'general', 0);
INSERT INTO citizen_notifications (id, citizen_id, title, body, notification_type, is_read) VALUES (122, 248, 'Perhatian: Kualitas Udara Memburuk', 'Ullam deleniti ullam animi minima beatae.', 'general', 0);
INSERT INTO citizen_notifications (id, citizen_id, title, body, notification_type, is_read) VALUES (123, 101, 'Perhatian: Kualitas Udara Memburuk', 'Fuga modi id pariatur corrupti harum vero minima.', 'general', 1);
INSERT INTO citizen_notifications (id, citizen_id, title, body, notification_type, is_read) VALUES (124, 171, 'Perhatian: Kualitas Udara Memburuk', 'Quae consequuntur porro fuga ipsum.', 'general', 0);
INSERT INTO citizen_notifications (id, citizen_id, title, body, notification_type, is_read) VALUES (125, 104, 'Perhatian: Kualitas Udara Memburuk', 'Consequatur autem molestiae eveniet nemo voluptas quidem.', 'general', 1);
INSERT INTO citizen_notifications (id, citizen_id, title, body, notification_type, is_read) VALUES (126, 200, 'Perhatian: Kualitas Udara Memburuk', 'Perferendis facere a cumque accusantium odit.', 'anomaly_alert', 1);
INSERT INTO citizen_notifications (id, citizen_id, title, body, notification_type, is_read) VALUES (127, 16, 'Perhatian: Kualitas Udara Memburuk', 'Architecto laboriosam et voluptates eum nisi.', 'general', 1);
INSERT INTO citizen_notifications (id, citizen_id, title, body, notification_type, is_read) VALUES (128, 66, 'Perhatian: Kualitas Udara Memburuk', 'Eum dolor amet id ut dolor esse dolor dolorem expedita reprehenderit.', 'general', 1);
INSERT INTO citizen_notifications (id, citizen_id, title, body, notification_type, is_read) VALUES (129, 234, 'Perhatian: Kualitas Udara Memburuk', 'Neque quas eaque voluptate soluta quam magnam fugit.', 'anomaly_alert', 1);
INSERT INTO citizen_notifications (id, citizen_id, title, body, notification_type, is_read) VALUES (130, 220, 'Perhatian: Kualitas Udara Memburuk', 'Dolores optio repudiandae corporis inventore voluptatem accusamus.', 'general', 1);
INSERT INTO citizen_notifications (id, citizen_id, title, body, notification_type, is_read) VALUES (131, 193, 'Perhatian: Kualitas Udara Memburuk', 'Tempore deleniti sunt cupiditate quisquam atque esse nulla reprehenderit rem.', 'anomaly_alert', 1);
INSERT INTO citizen_notifications (id, citizen_id, title, body, notification_type, is_read) VALUES (132, 208, 'Perhatian: Kualitas Udara Memburuk', 'Perferendis optio ea repudiandae non cupiditate illo dignissimos vel.', 'general', 1);
INSERT INTO citizen_notifications (id, citizen_id, title, body, notification_type, is_read) VALUES (133, 114, 'Perhatian: Kualitas Udara Memburuk', 'Perferendis nobis mollitia temporibus incidunt deleniti quisquam.', 'general', 1);
INSERT INTO citizen_notifications (id, citizen_id, title, body, notification_type, is_read) VALUES (134, 62, 'Perhatian: Kualitas Udara Memburuk', 'Sit quas accusamus expedita ullam ipsam vitae dolorum.', 'general', 0);
INSERT INTO citizen_notifications (id, citizen_id, title, body, notification_type, is_read) VALUES (135, 3, 'Perhatian: Kualitas Udara Memburuk', 'Sunt itaque blanditiis quo voluptate nam voluptatem.', 'general', 0);
INSERT INTO citizen_notifications (id, citizen_id, title, body, notification_type, is_read) VALUES (136, 128, 'Perhatian: Kualitas Udara Memburuk', 'Mollitia error ullam at accusantium.', 'general', 1);
INSERT INTO citizen_notifications (id, citizen_id, title, body, notification_type, is_read) VALUES (137, 86, 'Perhatian: Kualitas Udara Memburuk', 'Ea accusamus dolorum dolorem deserunt soluta.', 'general', 0);
INSERT INTO citizen_notifications (id, citizen_id, title, body, notification_type, is_read) VALUES (138, 42, 'Perhatian: Kualitas Udara Memburuk', 'Totam dolorem facilis commodi illum recusandae quibusdam non quod maxime.', 'general', 0);
INSERT INTO citizen_notifications (id, citizen_id, title, body, notification_type, is_read) VALUES (139, 41, 'Perhatian: Kualitas Udara Memburuk', 'Aspernatur occaecati possimus quibusdam iste tempore sunt veniam in aspernatur.', 'general', 1);
INSERT INTO citizen_notifications (id, citizen_id, title, body, notification_type, is_read) VALUES (140, 247, 'Perhatian: Kualitas Udara Memburuk', 'Magnam quidem quibusdam impedit hic.', 'general', 1);
INSERT INTO citizen_notifications (id, citizen_id, title, body, notification_type, is_read) VALUES (141, 248, 'Perhatian: Kualitas Udara Memburuk', 'Soluta nesciunt veritatis eos error.', 'anomaly_alert', 1);
INSERT INTO citizen_notifications (id, citizen_id, title, body, notification_type, is_read) VALUES (142, 58, 'Perhatian: Kualitas Udara Memburuk', 'Officiis illum assumenda nisi animi odit dignissimos.', 'general', 0);
INSERT INTO citizen_notifications (id, citizen_id, title, body, notification_type, is_read) VALUES (143, 179, 'Perhatian: Kualitas Udara Memburuk', 'Aliquid fuga repudiandae magnam sit cum.', 'general', 1);
INSERT INTO citizen_notifications (id, citizen_id, title, body, notification_type, is_read) VALUES (144, 167, 'Perhatian: Kualitas Udara Memburuk', 'Nisi temporibus reiciendis ratione hic.', 'general', 0);
INSERT INTO citizen_notifications (id, citizen_id, title, body, notification_type, is_read) VALUES (145, 96, 'Perhatian: Kualitas Udara Memburuk', 'Voluptatum veniam est aut officiis.', 'general', 1);
INSERT INTO citizen_notifications (id, citizen_id, title, body, notification_type, is_read) VALUES (146, 227, 'Perhatian: Kualitas Udara Memburuk', 'Magnam fuga quae pariatur distinctio sit numquam.', 'general', 1);
INSERT INTO citizen_notifications (id, citizen_id, title, body, notification_type, is_read) VALUES (147, 237, 'Perhatian: Kualitas Udara Memburuk', 'Rerum tempora doloribus et totam.', 'anomaly_alert', 1);
INSERT INTO citizen_notifications (id, citizen_id, title, body, notification_type, is_read) VALUES (148, 156, 'Perhatian: Kualitas Udara Memburuk', 'Eos temporibus qui explicabo aperiam dicta dolores.', 'general', 0);
INSERT INTO citizen_notifications (id, citizen_id, title, body, notification_type, is_read) VALUES (149, 34, 'Perhatian: Kualitas Udara Memburuk', 'Molestias accusamus reprehenderit quaerat tempora veritatis praesentium facere accusamus.', 'general', 1);
INSERT INTO citizen_notifications (id, citizen_id, title, body, notification_type, is_read) VALUES (150, 94, 'Perhatian: Kualitas Udara Memburuk', 'Dolor dolorem nobis suscipit cumque illo vitae.', 'general', 1);

-- TRUNCATE & INSERT ENVIRONMENT LOGS & ML PREDICTIONS
TRUNCATE TABLE env_sensor_readings;
TRUNCATE TABLE env_ml_predictions;
TRUNCATE TABLE env_alerts;
INSERT INTO env_sensor_readings (id, zone_id, pm25, pm10, no2, co, o3, temperature, humidity, wind_speed, aqi, recorded_at) VALUES (1, 1, 15.45, 21.2, 9.55, 2.01, 12.39, 33.74, 65.59, 9.55, 30, '2026-06-26 23:49:31');
INSERT INTO env_ml_predictions (id, zone_id, inversion_height, predicted_aqi, risk_level, created_at) VALUES (1, 1, 281.46, 31.39, 'safe', '2026-06-26 23:49:31');
INSERT INTO env_sensor_readings (id, zone_id, pm25, pm10, no2, co, o3, temperature, humidity, wind_speed, aqi, recorded_at) VALUES (2, 1, 96.78, 142.69, 26.64, 0.7, 30.74, 25.35, 72.22, 5.12, 129, '2026-06-26 22:49:31');
INSERT INTO env_ml_predictions (id, zone_id, inversion_height, predicted_aqi, risk_level, created_at) VALUES (2, 1, 676.96, 125.36, 'warning', '2026-06-26 22:49:31');
INSERT INTO env_alerts (id, zone_id, alert_type, severity, message, value, threshold, created_at) VALUES (1, 1, 'High PM2.5 Concentration', 'high', 'Kualitas udara tidak sehat terdeteksi dengan skor AQI 129', 96.78, 55.0, '2026-06-26 22:49:31');
INSERT INTO env_sensor_readings (id, zone_id, pm25, pm10, no2, co, o3, temperature, humidity, wind_speed, aqi, recorded_at) VALUES (3, 1, 50.06, 64.77, 33.69, 0.49, 10.94, 32.72, 85.92, 11.03, 68, '2026-06-26 21:49:31');
INSERT INTO env_ml_predictions (id, zone_id, inversion_height, predicted_aqi, risk_level, created_at) VALUES (3, 1, 224.74, 77.99, 'warning', '2026-06-26 21:49:31');
INSERT INTO env_sensor_readings (id, zone_id, pm25, pm10, no2, co, o3, temperature, humidity, wind_speed, aqi, recorded_at) VALUES (4, 1, 90.32, 134.71, 36.56, 0.85, 59.78, 25.67, 73.44, 14.3, 122, '2026-06-26 20:49:31');
INSERT INTO env_ml_predictions (id, zone_id, inversion_height, predicted_aqi, risk_level, created_at) VALUES (4, 1, 217.71, 109.94, 'warning', '2026-06-26 20:49:31');
INSERT INTO env_alerts (id, zone_id, alert_type, severity, message, value, threshold, created_at) VALUES (2, 1, 'High PM2.5 Concentration', 'high', 'Kualitas udara tidak sehat terdeteksi dengan skor AQI 122', 90.32, 55.0, '2026-06-26 20:49:31');
INSERT INTO env_sensor_readings (id, zone_id, pm25, pm10, no2, co, o3, temperature, humidity, wind_speed, aqi, recorded_at) VALUES (5, 1, 22.81, 33.31, 12.86, 0.21, 41.52, 32.33, 61.95, 9.21, 31, '2026-06-26 19:49:31');
INSERT INTO env_ml_predictions (id, zone_id, inversion_height, predicted_aqi, risk_level, created_at) VALUES (5, 1, 404.17, 34.62, 'safe', '2026-06-26 19:49:31');
INSERT INTO env_sensor_readings (id, zone_id, pm25, pm10, no2, co, o3, temperature, humidity, wind_speed, aqi, recorded_at) VALUES (6, 1, 37.12, 49.34, 31.38, 1.74, 13.55, 31.39, 87.05, 4.46, 57, '2026-06-26 18:49:31');
INSERT INTO env_ml_predictions (id, zone_id, inversion_height, predicted_aqi, risk_level, created_at) VALUES (6, 1, 663.7, 59.68, 'warning', '2026-06-26 18:49:31');
INSERT INTO env_sensor_readings (id, zone_id, pm25, pm10, no2, co, o3, temperature, humidity, wind_speed, aqi, recorded_at) VALUES (7, 1, 46.09, 68.42, 11.45, 0.14, 41.2, 26.12, 89.76, 10.45, 61, '2026-06-26 17:49:31');
INSERT INTO env_ml_predictions (id, zone_id, inversion_height, predicted_aqi, risk_level, created_at) VALUES (7, 1, 279.95, 59.44, 'warning', '2026-06-26 17:49:31');
INSERT INTO env_sensor_readings (id, zone_id, pm25, pm10, no2, co, o3, temperature, humidity, wind_speed, aqi, recorded_at) VALUES (8, 1, 31.39, 39.22, 22.74, 2.0, 22.95, 25.55, 85.9, 4.14, 51, '2026-06-26 16:49:31');
INSERT INTO env_ml_predictions (id, zone_id, inversion_height, predicted_aqi, risk_level, created_at) VALUES (8, 1, 653.36, 46.57, 'safe', '2026-06-26 16:49:31');
INSERT INTO env_sensor_readings (id, zone_id, pm25, pm10, no2, co, o3, temperature, humidity, wind_speed, aqi, recorded_at) VALUES (9, 1, 103.34, 164.2, 31.64, 0.49, 45.15, 31.53, 59.57, 13.18, 137, '2026-06-26 15:49:31');
INSERT INTO env_ml_predictions (id, zone_id, inversion_height, predicted_aqi, risk_level, created_at) VALUES (9, 1, 388.45, 126.54, 'warning', '2026-06-26 15:49:31');
INSERT INTO env_alerts (id, zone_id, alert_type, severity, message, value, threshold, created_at) VALUES (3, 1, 'High PM2.5 Concentration', 'high', 'Kualitas udara tidak sehat terdeteksi dengan skor AQI 137', 103.34, 55.0, '2026-06-26 15:49:31');
INSERT INTO env_sensor_readings (id, zone_id, pm25, pm10, no2, co, o3, temperature, humidity, wind_speed, aqi, recorded_at) VALUES (10, 1, 28.0, 43.26, 38.54, 1.05, 29.11, 32.42, 59.27, 2.13, 42, '2026-06-26 14:49:31');
INSERT INTO env_ml_predictions (id, zone_id, inversion_height, predicted_aqi, risk_level, created_at) VALUES (10, 1, 521.14, 47.46, 'safe', '2026-06-26 14:49:31');
INSERT INTO env_sensor_readings (id, zone_id, pm25, pm10, no2, co, o3, temperature, humidity, wind_speed, aqi, recorded_at) VALUES (11, 1, 116.92, 184.66, 11.91, 0.45, 36.05, 29.63, 75.06, 13.35, 154, '2026-06-26 13:49:31');
INSERT INTO env_ml_predictions (id, zone_id, inversion_height, predicted_aqi, risk_level, created_at) VALUES (11, 1, 506.39, 158.21, 'danger', '2026-06-26 13:49:31');
INSERT INTO env_alerts (id, zone_id, alert_type, severity, message, value, threshold, created_at) VALUES (4, 1, 'High PM2.5 Concentration', 'high', 'Kualitas udara tidak sehat terdeteksi dengan skor AQI 154', 116.92, 55.0, '2026-06-26 13:49:31');
INSERT INTO env_sensor_readings (id, zone_id, pm25, pm10, no2, co, o3, temperature, humidity, wind_speed, aqi, recorded_at) VALUES (12, 1, 140.07, 174.1, 28.46, 1.32, 34.36, 26.15, 60.17, 10.89, 189, '2026-06-26 12:49:31');
INSERT INTO env_ml_predictions (id, zone_id, inversion_height, predicted_aqi, risk_level, created_at) VALUES (12, 1, 573.97, 202.94, 'danger', '2026-06-26 12:49:31');
INSERT INTO env_alerts (id, zone_id, alert_type, severity, message, value, threshold, created_at) VALUES (5, 1, 'High PM2.5 Concentration', 'critical', 'Kualitas udara tidak sehat terdeteksi dengan skor AQI 189', 140.07, 55.0, '2026-06-26 12:49:31');
INSERT INTO env_sensor_readings (id, zone_id, pm25, pm10, no2, co, o3, temperature, humidity, wind_speed, aqi, recorded_at) VALUES (13, 1, 37.6, 46.22, 23.11, 0.74, 24.59, 32.86, 87.3, 1.46, 53, '2026-06-26 11:49:31');
INSERT INTO env_ml_predictions (id, zone_id, inversion_height, predicted_aqi, risk_level, created_at) VALUES (13, 1, 449.48, 60.16, 'warning', '2026-06-26 11:49:31');
INSERT INTO env_sensor_readings (id, zone_id, pm25, pm10, no2, co, o3, temperature, humidity, wind_speed, aqi, recorded_at) VALUES (14, 1, 15.91, 25.38, 20.46, 2.18, 36.51, 28.99, 64.35, 2.8, 32, '2026-06-26 10:49:31');
INSERT INTO env_ml_predictions (id, zone_id, inversion_height, predicted_aqi, risk_level, created_at) VALUES (14, 1, 569.29, 36.26, 'safe', '2026-06-26 10:49:31');
INSERT INTO env_sensor_readings (id, zone_id, pm25, pm10, no2, co, o3, temperature, humidity, wind_speed, aqi, recorded_at) VALUES (15, 1, 77.55, 111.44, 16.24, 2.0, 21.97, 25.42, 82.07, 1.47, 111, '2026-06-26 09:49:31');
INSERT INTO env_ml_predictions (id, zone_id, inversion_height, predicted_aqi, risk_level, created_at) VALUES (15, 1, 639.97, 124.44, 'warning', '2026-06-26 09:49:31');
INSERT INTO env_sensor_readings (id, zone_id, pm25, pm10, no2, co, o3, temperature, humidity, wind_speed, aqi, recorded_at) VALUES (16, 1, 88.85, 135.43, 12.72, 2.2, 52.0, 29.66, 75.09, 12.63, 127, '2026-06-26 08:49:31');
INSERT INTO env_ml_predictions (id, zone_id, inversion_height, predicted_aqi, risk_level, created_at) VALUES (16, 1, 440.41, 128.74, 'warning', '2026-06-26 08:49:31');
INSERT INTO env_alerts (id, zone_id, alert_type, severity, message, value, threshold, created_at) VALUES (6, 1, 'High PM2.5 Concentration', 'high', 'Kualitas udara tidak sehat terdeteksi dengan skor AQI 127', 88.85, 55.0, '2026-06-26 08:49:31');
INSERT INTO env_sensor_readings (id, zone_id, pm25, pm10, no2, co, o3, temperature, humidity, wind_speed, aqi, recorded_at) VALUES (17, 1, 48.59, 65.58, 6.5, 1.98, 24.66, 33.84, 64.4, 12.71, 73, '2026-06-26 07:49:31');
INSERT INTO env_ml_predictions (id, zone_id, inversion_height, predicted_aqi, risk_level, created_at) VALUES (17, 1, 731.57, 73.46, 'warning', '2026-06-26 07:49:31');
INSERT INTO env_sensor_readings (id, zone_id, pm25, pm10, no2, co, o3, temperature, humidity, wind_speed, aqi, recorded_at) VALUES (18, 1, 89.51, 142.16, 40.99, 0.6, 50.16, 28.64, 78.17, 13.38, 119, '2026-06-26 06:49:31');
INSERT INTO env_ml_predictions (id, zone_id, inversion_height, predicted_aqi, risk_level, created_at) VALUES (18, 1, 289.56, 136.83, 'warning', '2026-06-26 06:49:31');
INSERT INTO env_sensor_readings (id, zone_id, pm25, pm10, no2, co, o3, temperature, humidity, wind_speed, aqi, recorded_at) VALUES (19, 1, 81.05, 124.52, 14.49, 0.13, 28.63, 31.02, 83.89, 2.59, 106, '2026-06-26 05:49:31');
INSERT INTO env_ml_predictions (id, zone_id, inversion_height, predicted_aqi, risk_level, created_at) VALUES (19, 1, 292.09, 118.97, 'warning', '2026-06-26 05:49:31');
INSERT INTO env_sensor_readings (id, zone_id, pm25, pm10, no2, co, o3, temperature, humidity, wind_speed, aqi, recorded_at) VALUES (20, 1, 54.68, 86.7, 17.76, 2.24, 38.81, 26.51, 82.6, 10.89, 82, '2026-06-26 04:49:31');
INSERT INTO env_ml_predictions (id, zone_id, inversion_height, predicted_aqi, risk_level, created_at) VALUES (20, 1, 725.58, 92.83, 'warning', '2026-06-26 04:49:31');
INSERT INTO env_sensor_readings (id, zone_id, pm25, pm10, no2, co, o3, temperature, humidity, wind_speed, aqi, recorded_at) VALUES (21, 1, 44.46, 66.83, 29.35, 2.18, 33.42, 26.43, 75.49, 9.56, 69, '2026-06-26 03:49:31');
INSERT INTO env_ml_predictions (id, zone_id, inversion_height, predicted_aqi, risk_level, created_at) VALUES (21, 1, 409.36, 65.91, 'warning', '2026-06-26 03:49:31');
INSERT INTO env_sensor_readings (id, zone_id, pm25, pm10, no2, co, o3, temperature, humidity, wind_speed, aqi, recorded_at) VALUES (22, 1, 129.65, 156.61, 12.0, 1.03, 55.18, 32.68, 77.69, 11.96, 174, '2026-06-26 02:49:31');
INSERT INTO env_ml_predictions (id, zone_id, inversion_height, predicted_aqi, risk_level, created_at) VALUES (22, 1, 733.48, 185.15, 'danger', '2026-06-26 02:49:31');
INSERT INTO env_alerts (id, zone_id, alert_type, severity, message, value, threshold, created_at) VALUES (7, 1, 'High PM2.5 Concentration', 'critical', 'Kualitas udara tidak sehat terdeteksi dengan skor AQI 174', 129.65, 55.0, '2026-06-26 02:49:31');
INSERT INTO env_sensor_readings (id, zone_id, pm25, pm10, no2, co, o3, temperature, humidity, wind_speed, aqi, recorded_at) VALUES (23, 1, 114.75, 152.3, 16.14, 0.13, 16.46, 31.66, 58.61, 10.16, 150, '2026-06-26 01:49:31');
INSERT INTO env_ml_predictions (id, zone_id, inversion_height, predicted_aqi, risk_level, created_at) VALUES (23, 1, 545.34, 144.39, 'warning', '2026-06-26 01:49:31');
INSERT INTO env_alerts (id, zone_id, alert_type, severity, message, value, threshold, created_at) VALUES (8, 1, 'High PM2.5 Concentration', 'high', 'Kualitas udara tidak sehat terdeteksi dengan skor AQI 150', 114.75, 55.0, '2026-06-26 01:49:31');
INSERT INTO env_sensor_readings (id, zone_id, pm25, pm10, no2, co, o3, temperature, humidity, wind_speed, aqi, recorded_at) VALUES (24, 1, 10.51, 15.35, 15.18, 0.75, 17.75, 33.41, 77.35, 9.15, 17, '2026-06-26 00:49:31');
INSERT INTO env_ml_predictions (id, zone_id, inversion_height, predicted_aqi, risk_level, created_at) VALUES (24, 1, 656.78, 15.92, 'safe', '2026-06-26 00:49:31');
INSERT INTO env_sensor_readings (id, zone_id, pm25, pm10, no2, co, o3, temperature, humidity, wind_speed, aqi, recorded_at) VALUES (25, 2, 137.76, 171.88, 22.34, 2.33, 42.8, 24.83, 72.3, 12.91, 191, '2026-06-26 23:49:31');
INSERT INTO env_ml_predictions (id, zone_id, inversion_height, predicted_aqi, risk_level, created_at) VALUES (25, 2, 262.91, 173.86, 'danger', '2026-06-26 23:49:31');
INSERT INTO env_alerts (id, zone_id, alert_type, severity, message, value, threshold, created_at) VALUES (9, 2, 'High PM2.5 Concentration', 'critical', 'Kualitas udara tidak sehat terdeteksi dengan skor AQI 191', 137.76, 55.0, '2026-06-26 23:49:31');
INSERT INTO env_sensor_readings (id, zone_id, pm25, pm10, no2, co, o3, temperature, humidity, wind_speed, aqi, recorded_at) VALUES (26, 2, 38.95, 58.05, 27.97, 2.24, 20.31, 27.12, 88.02, 9.02, 62, '2026-06-26 22:49:31');
INSERT INTO env_ml_predictions (id, zone_id, inversion_height, predicted_aqi, risk_level, created_at) VALUES (26, 2, 545.49, 63.45, 'warning', '2026-06-26 22:49:31');
INSERT INTO env_sensor_readings (id, zone_id, pm25, pm10, no2, co, o3, temperature, humidity, wind_speed, aqi, recorded_at) VALUES (27, 2, 140.35, 222.41, 40.35, 1.75, 53.23, 25.93, 71.47, 6.81, 191, '2026-06-26 21:49:31');
INSERT INTO env_ml_predictions (id, zone_id, inversion_height, predicted_aqi, risk_level, created_at) VALUES (27, 2, 770.56, 215.35, 'danger', '2026-06-26 21:49:31');
INSERT INTO env_alerts (id, zone_id, alert_type, severity, message, value, threshold, created_at) VALUES (10, 2, 'High PM2.5 Concentration', 'critical', 'Kualitas udara tidak sehat terdeteksi dengan skor AQI 191', 140.35, 55.0, '2026-06-26 21:49:31');
INSERT INTO env_sensor_readings (id, zone_id, pm25, pm10, no2, co, o3, temperature, humidity, wind_speed, aqi, recorded_at) VALUES (28, 2, 48.74, 71.23, 34.26, 1.08, 24.03, 29.1, 89.63, 10.33, 69, '2026-06-26 20:49:31');
INSERT INTO env_ml_predictions (id, zone_id, inversion_height, predicted_aqi, risk_level, created_at) VALUES (28, 2, 721.65, 65.46, 'warning', '2026-06-26 20:49:31');
INSERT INTO env_sensor_readings (id, zone_id, pm25, pm10, no2, co, o3, temperature, humidity, wind_speed, aqi, recorded_at) VALUES (29, 2, 50.95, 77.36, 10.64, 1.94, 36.76, 31.09, 65.26, 3.86, 76, '2026-06-26 19:49:31');
INSERT INTO env_ml_predictions (id, zone_id, inversion_height, predicted_aqi, risk_level, created_at) VALUES (29, 2, 532.97, 80.94, 'warning', '2026-06-26 19:49:31');
INSERT INTO env_sensor_readings (id, zone_id, pm25, pm10, no2, co, o3, temperature, humidity, wind_speed, aqi, recorded_at) VALUES (30, 2, 84.84, 125.27, 5.56, 1.87, 50.87, 32.73, 59.04, 8.17, 120, '2026-06-26 18:49:31');
INSERT INTO env_ml_predictions (id, zone_id, inversion_height, predicted_aqi, risk_level, created_at) VALUES (30, 2, 447.12, 108.81, 'warning', '2026-06-26 18:49:31');
INSERT INTO env_sensor_readings (id, zone_id, pm25, pm10, no2, co, o3, temperature, humidity, wind_speed, aqi, recorded_at) VALUES (31, 2, 36.06, 49.35, 6.47, 1.02, 16.31, 25.25, 85.42, 12.89, 52, '2026-06-26 17:49:31');
INSERT INTO env_ml_predictions (id, zone_id, inversion_height, predicted_aqi, risk_level, created_at) VALUES (31, 2, 308.19, 57.93, 'warning', '2026-06-26 17:49:31');
INSERT INTO env_sensor_readings (id, zone_id, pm25, pm10, no2, co, o3, temperature, humidity, wind_speed, aqi, recorded_at) VALUES (32, 2, 40.48, 53.31, 22.34, 1.59, 12.15, 28.5, 58.32, 4.79, 61, '2026-06-26 16:49:31');
INSERT INTO env_ml_predictions (id, zone_id, inversion_height, predicted_aqi, risk_level, created_at) VALUES (32, 2, 681.73, 62.02, 'warning', '2026-06-26 16:49:31');
INSERT INTO env_sensor_readings (id, zone_id, pm25, pm10, no2, co, o3, temperature, humidity, wind_speed, aqi, recorded_at) VALUES (33, 2, 127.64, 168.25, 43.55, 2.32, 25.07, 33.56, 83.95, 10.51, 178, '2026-06-26 15:49:31');
INSERT INTO env_ml_predictions (id, zone_id, inversion_height, predicted_aqi, risk_level, created_at) VALUES (33, 2, 662.36, 175.65, 'danger', '2026-06-26 15:49:31');
INSERT INTO env_alerts (id, zone_id, alert_type, severity, message, value, threshold, created_at) VALUES (11, 2, 'High PM2.5 Concentration', 'critical', 'Kualitas udara tidak sehat terdeteksi dengan skor AQI 178', 127.64, 55.0, '2026-06-26 15:49:31');
INSERT INTO env_sensor_readings (id, zone_id, pm25, pm10, no2, co, o3, temperature, humidity, wind_speed, aqi, recorded_at) VALUES (34, 2, 81.87, 121.7, 25.85, 0.61, 44.08, 33.78, 82.84, 10.63, 109, '2026-06-26 14:49:31');
INSERT INTO env_ml_predictions (id, zone_id, inversion_height, predicted_aqi, risk_level, created_at) VALUES (34, 2, 436.38, 116.15, 'warning', '2026-06-26 14:49:31');
INSERT INTO env_sensor_readings (id, zone_id, pm25, pm10, no2, co, o3, temperature, humidity, wind_speed, aqi, recorded_at) VALUES (35, 2, 123.59, 163.1, 24.43, 1.02, 20.04, 32.47, 63.74, 8.96, 166, '2026-06-26 13:49:31');
INSERT INTO env_ml_predictions (id, zone_id, inversion_height, predicted_aqi, risk_level, created_at) VALUES (35, 2, 530.73, 164.77, 'danger', '2026-06-26 13:49:31');
INSERT INTO env_alerts (id, zone_id, alert_type, severity, message, value, threshold, created_at) VALUES (12, 2, 'High PM2.5 Concentration', 'critical', 'Kualitas udara tidak sehat terdeteksi dengan skor AQI 166', 123.59, 55.0, '2026-06-26 13:49:31');
INSERT INTO env_sensor_readings (id, zone_id, pm25, pm10, no2, co, o3, temperature, humidity, wind_speed, aqi, recorded_at) VALUES (36, 2, 142.0, 175.19, 42.77, 1.66, 45.9, 32.06, 72.69, 3.39, 193, '2026-06-26 12:49:31');
INSERT INTO env_ml_predictions (id, zone_id, inversion_height, predicted_aqi, risk_level, created_at) VALUES (36, 2, 263.58, 194.74, 'danger', '2026-06-26 12:49:31');
INSERT INTO env_alerts (id, zone_id, alert_type, severity, message, value, threshold, created_at) VALUES (13, 2, 'High PM2.5 Concentration', 'critical', 'Kualitas udara tidak sehat terdeteksi dengan skor AQI 193', 142.0, 55.0, '2026-06-26 12:49:31');
INSERT INTO env_sensor_readings (id, zone_id, pm25, pm10, no2, co, o3, temperature, humidity, wind_speed, aqi, recorded_at) VALUES (37, 2, 20.13, 31.84, 38.45, 1.05, 13.09, 29.31, 64.66, 1.58, 31, '2026-06-26 11:49:31');
INSERT INTO env_ml_predictions (id, zone_id, inversion_height, predicted_aqi, risk_level, created_at) VALUES (37, 2, 486.9, 31.25, 'safe', '2026-06-26 11:49:31');
INSERT INTO env_sensor_readings (id, zone_id, pm25, pm10, no2, co, o3, temperature, humidity, wind_speed, aqi, recorded_at) VALUES (38, 2, 28.56, 38.92, 25.15, 2.13, 57.35, 24.26, 73.78, 2.13, 48, '2026-06-26 10:49:31');
INSERT INTO env_ml_predictions (id, zone_id, inversion_height, predicted_aqi, risk_level, created_at) VALUES (38, 2, 303.41, 50.02, 'warning', '2026-06-26 10:49:31');
INSERT INTO env_sensor_readings (id, zone_id, pm25, pm10, no2, co, o3, temperature, humidity, wind_speed, aqi, recorded_at) VALUES (39, 2, 91.79, 144.52, 42.39, 1.25, 24.48, 28.65, 79.42, 9.56, 126, '2026-06-26 09:49:31');
INSERT INTO env_ml_predictions (id, zone_id, inversion_height, predicted_aqi, risk_level, created_at) VALUES (39, 2, 421.67, 129.57, 'warning', '2026-06-26 09:49:31');
INSERT INTO env_alerts (id, zone_id, alert_type, severity, message, value, threshold, created_at) VALUES (14, 2, 'High PM2.5 Concentration', 'high', 'Kualitas udara tidak sehat terdeteksi dengan skor AQI 126', 91.79, 55.0, '2026-06-26 09:49:31');
INSERT INTO env_sensor_readings (id, zone_id, pm25, pm10, no2, co, o3, temperature, humidity, wind_speed, aqi, recorded_at) VALUES (40, 2, 83.94, 110.68, 26.28, 2.4, 24.87, 31.87, 72.38, 10.53, 121, '2026-06-26 08:49:31');
INSERT INTO env_ml_predictions (id, zone_id, inversion_height, predicted_aqi, risk_level, created_at) VALUES (40, 2, 678.09, 138.9, 'warning', '2026-06-26 08:49:31');
INSERT INTO env_alerts (id, zone_id, alert_type, severity, message, value, threshold, created_at) VALUES (15, 2, 'High PM2.5 Concentration', 'high', 'Kualitas udara tidak sehat terdeteksi dengan skor AQI 121', 83.94, 55.0, '2026-06-26 08:49:31');
INSERT INTO env_sensor_readings (id, zone_id, pm25, pm10, no2, co, o3, temperature, humidity, wind_speed, aqi, recorded_at) VALUES (41, 2, 81.11, 119.85, 6.13, 1.05, 26.25, 32.1, 65.01, 9.92, 111, '2026-06-26 07:49:31');
INSERT INTO env_ml_predictions (id, zone_id, inversion_height, predicted_aqi, risk_level, created_at) VALUES (41, 2, 344.69, 101.43, 'warning', '2026-06-26 07:49:31');
INSERT INTO env_sensor_readings (id, zone_id, pm25, pm10, no2, co, o3, temperature, humidity, wind_speed, aqi, recorded_at) VALUES (42, 2, 60.09, 78.5, 24.11, 1.38, 32.79, 29.36, 71.17, 6.75, 85, '2026-06-26 06:49:31');
INSERT INTO env_ml_predictions (id, zone_id, inversion_height, predicted_aqi, risk_level, created_at) VALUES (42, 2, 510.39, 88.05, 'warning', '2026-06-26 06:49:31');
INSERT INTO env_sensor_readings (id, zone_id, pm25, pm10, no2, co, o3, temperature, humidity, wind_speed, aqi, recorded_at) VALUES (43, 2, 24.57, 38.32, 31.11, 1.66, 49.88, 30.96, 69.54, 8.46, 40, '2026-06-26 05:49:31');
INSERT INTO env_ml_predictions (id, zone_id, inversion_height, predicted_aqi, risk_level, created_at) VALUES (43, 2, 498.4, 38.49, 'safe', '2026-06-26 05:49:31');
INSERT INTO env_sensor_readings (id, zone_id, pm25, pm10, no2, co, o3, temperature, humidity, wind_speed, aqi, recorded_at) VALUES (44, 2, 108.26, 163.31, 17.52, 1.38, 28.04, 25.06, 66.63, 9.4, 148, '2026-06-26 04:49:31');
INSERT INTO env_ml_predictions (id, zone_id, inversion_height, predicted_aqi, risk_level, created_at) VALUES (44, 2, 222.15, 147.04, 'warning', '2026-06-26 04:49:31');
INSERT INTO env_alerts (id, zone_id, alert_type, severity, message, value, threshold, created_at) VALUES (16, 2, 'High PM2.5 Concentration', 'high', 'Kualitas udara tidak sehat terdeteksi dengan skor AQI 148', 108.26, 55.0, '2026-06-26 04:49:31');
INSERT INTO env_sensor_readings (id, zone_id, pm25, pm10, no2, co, o3, temperature, humidity, wind_speed, aqi, recorded_at) VALUES (45, 2, 31.08, 45.07, 21.71, 1.74, 53.14, 29.02, 66.21, 7.84, 49, '2026-06-26 03:49:31');
INSERT INTO env_ml_predictions (id, zone_id, inversion_height, predicted_aqi, risk_level, created_at) VALUES (45, 2, 564.65, 53.47, 'warning', '2026-06-26 03:49:31');
INSERT INTO env_sensor_readings (id, zone_id, pm25, pm10, no2, co, o3, temperature, humidity, wind_speed, aqi, recorded_at) VALUES (46, 2, 62.21, 88.0, 28.58, 0.33, 49.7, 31.3, 64.37, 5.71, 83, '2026-06-26 02:49:31');
INSERT INTO env_ml_predictions (id, zone_id, inversion_height, predicted_aqi, risk_level, created_at) VALUES (46, 2, 442.6, 86.47, 'warning', '2026-06-26 02:49:31');
INSERT INTO env_sensor_readings (id, zone_id, pm25, pm10, no2, co, o3, temperature, humidity, wind_speed, aqi, recorded_at) VALUES (47, 2, 95.32, 137.4, 18.17, 2.5, 15.2, 27.45, 63.4, 8.65, 136, '2026-06-26 01:49:31');
INSERT INTO env_ml_predictions (id, zone_id, inversion_height, predicted_aqi, risk_level, created_at) VALUES (47, 2, 698.94, 133.59, 'warning', '2026-06-26 01:49:31');
INSERT INTO env_alerts (id, zone_id, alert_type, severity, message, value, threshold, created_at) VALUES (17, 2, 'High PM2.5 Concentration', 'high', 'Kualitas udara tidak sehat terdeteksi dengan skor AQI 136', 95.32, 55.0, '2026-06-26 01:49:31');
INSERT INTO env_sensor_readings (id, zone_id, pm25, pm10, no2, co, o3, temperature, humidity, wind_speed, aqi, recorded_at) VALUES (48, 2, 147.96, 214.44, 23.78, 2.33, 26.86, 24.67, 77.0, 4.02, 204, '2026-06-26 00:49:31');
INSERT INTO env_ml_predictions (id, zone_id, inversion_height, predicted_aqi, risk_level, created_at) VALUES (48, 2, 764.91, 228.45, 'danger', '2026-06-26 00:49:31');
INSERT INTO env_alerts (id, zone_id, alert_type, severity, message, value, threshold, created_at) VALUES (18, 2, 'High PM2.5 Concentration', 'critical', 'Kualitas udara tidak sehat terdeteksi dengan skor AQI 204', 147.96, 55.0, '2026-06-26 00:49:31');
INSERT INTO env_sensor_readings (id, zone_id, pm25, pm10, no2, co, o3, temperature, humidity, wind_speed, aqi, recorded_at) VALUES (49, 3, 48.22, 62.29, 7.34, 0.74, 46.56, 32.09, 69.56, 4.18, 66, '2026-06-26 23:49:31');
INSERT INTO env_ml_predictions (id, zone_id, inversion_height, predicted_aqi, risk_level, created_at) VALUES (49, 3, 459.31, 61.34, 'warning', '2026-06-26 23:49:31');
INSERT INTO env_sensor_readings (id, zone_id, pm25, pm10, no2, co, o3, temperature, humidity, wind_speed, aqi, recorded_at) VALUES (50, 3, 56.47, 84.55, 15.9, 2.12, 29.21, 29.15, 80.48, 6.65, 84, '2026-06-26 22:49:31');
INSERT INTO env_ml_predictions (id, zone_id, inversion_height, predicted_aqi, risk_level, created_at) VALUES (50, 3, 770.72, 80.01, 'warning', '2026-06-26 22:49:31');
INSERT INTO env_sensor_readings (id, zone_id, pm25, pm10, no2, co, o3, temperature, humidity, wind_speed, aqi, recorded_at) VALUES (51, 3, 58.23, 92.38, 21.85, 2.24, 51.78, 28.71, 66.82, 14.45, 87, '2026-06-26 21:49:31');
INSERT INTO env_ml_predictions (id, zone_id, inversion_height, predicted_aqi, risk_level, created_at) VALUES (51, 3, 547.41, 97.66, 'warning', '2026-06-26 21:49:31');
INSERT INTO env_sensor_readings (id, zone_id, pm25, pm10, no2, co, o3, temperature, humidity, wind_speed, aqi, recorded_at) VALUES (52, 3, 89.28, 139.2, 37.12, 0.7, 57.92, 26.4, 63.23, 10.64, 120, '2026-06-26 20:49:31');
INSERT INTO env_ml_predictions (id, zone_id, inversion_height, predicted_aqi, risk_level, created_at) VALUES (52, 3, 302.15, 135.2, 'warning', '2026-06-26 20:49:31');
INSERT INTO env_sensor_readings (id, zone_id, pm25, pm10, no2, co, o3, temperature, humidity, wind_speed, aqi, recorded_at) VALUES (53, 3, 128.16, 186.91, 19.55, 0.34, 25.04, 28.47, 81.33, 13.89, 168, '2026-06-26 19:49:31');
INSERT INTO env_ml_predictions (id, zone_id, inversion_height, predicted_aqi, risk_level, created_at) VALUES (53, 3, 656.49, 179.64, 'danger', '2026-06-26 19:49:31');
INSERT INTO env_alerts (id, zone_id, alert_type, severity, message, value, threshold, created_at) VALUES (19, 3, 'High PM2.5 Concentration', 'critical', 'Kualitas udara tidak sehat terdeteksi dengan skor AQI 168', 128.16, 55.0, '2026-06-26 19:49:31');
INSERT INTO env_sensor_readings (id, zone_id, pm25, pm10, no2, co, o3, temperature, humidity, wind_speed, aqi, recorded_at) VALUES (54, 3, 111.98, 154.88, 11.8, 1.5, 14.26, 24.85, 57.84, 8.39, 153, '2026-06-26 18:49:31');
INSERT INTO env_ml_predictions (id, zone_id, inversion_height, predicted_aqi, risk_level, created_at) VALUES (54, 3, 305.98, 141.53, 'warning', '2026-06-26 18:49:31');
INSERT INTO env_alerts (id, zone_id, alert_type, severity, message, value, threshold, created_at) VALUES (20, 3, 'High PM2.5 Concentration', 'high', 'Kualitas udara tidak sehat terdeteksi dengan skor AQI 153', 111.98, 55.0, '2026-06-26 18:49:31');
INSERT INTO env_sensor_readings (id, zone_id, pm25, pm10, no2, co, o3, temperature, humidity, wind_speed, aqi, recorded_at) VALUES (55, 3, 131.82, 185.4, 44.48, 0.3, 48.33, 25.11, 55.8, 5.69, 173, '2026-06-26 17:49:31');
INSERT INTO env_ml_predictions (id, zone_id, inversion_height, predicted_aqi, risk_level, created_at) VALUES (55, 3, 629.19, 163.39, 'danger', '2026-06-26 17:49:31');
INSERT INTO env_alerts (id, zone_id, alert_type, severity, message, value, threshold, created_at) VALUES (21, 3, 'High PM2.5 Concentration', 'critical', 'Kualitas udara tidak sehat terdeteksi dengan skor AQI 173', 131.82, 55.0, '2026-06-26 17:49:31');
INSERT INTO env_sensor_readings (id, zone_id, pm25, pm10, no2, co, o3, temperature, humidity, wind_speed, aqi, recorded_at) VALUES (56, 3, 56.2, 71.37, 27.49, 0.28, 18.65, 24.34, 84.49, 9.04, 74, '2026-06-26 16:49:31');
INSERT INTO env_ml_predictions (id, zone_id, inversion_height, predicted_aqi, risk_level, created_at) VALUES (56, 3, 534.94, 76.43, 'warning', '2026-06-26 16:49:31');
INSERT INTO env_sensor_readings (id, zone_id, pm25, pm10, no2, co, o3, temperature, humidity, wind_speed, aqi, recorded_at) VALUES (57, 3, 132.84, 160.75, 11.77, 0.8, 17.03, 28.39, 75.26, 13.65, 177, '2026-06-26 15:49:31');
INSERT INTO env_ml_predictions (id, zone_id, inversion_height, predicted_aqi, risk_level, created_at) VALUES (57, 3, 637.36, 171.02, 'danger', '2026-06-26 15:49:31');
INSERT INTO env_alerts (id, zone_id, alert_type, severity, message, value, threshold, created_at) VALUES (22, 3, 'High PM2.5 Concentration', 'critical', 'Kualitas udara tidak sehat terdeteksi dengan skor AQI 177', 132.84, 55.0, '2026-06-26 15:49:31');
INSERT INTO env_sensor_readings (id, zone_id, pm25, pm10, no2, co, o3, temperature, humidity, wind_speed, aqi, recorded_at) VALUES (58, 3, 38.89, 61.79, 12.26, 1.5, 54.5, 25.89, 88.8, 7.86, 58, '2026-06-26 14:49:31');
INSERT INTO env_ml_predictions (id, zone_id, inversion_height, predicted_aqi, risk_level, created_at) VALUES (58, 3, 584.49, 59.01, 'warning', '2026-06-26 14:49:31');
INSERT INTO env_sensor_readings (id, zone_id, pm25, pm10, no2, co, o3, temperature, humidity, wind_speed, aqi, recorded_at) VALUES (59, 3, 34.68, 54.9, 14.69, 1.81, 49.83, 29.65, 62.3, 13.33, 54, '2026-06-26 13:49:31');
INSERT INTO env_ml_predictions (id, zone_id, inversion_height, predicted_aqi, risk_level, created_at) VALUES (59, 3, 432.9, 56.64, 'warning', '2026-06-26 13:49:31');
INSERT INTO env_sensor_readings (id, zone_id, pm25, pm10, no2, co, o3, temperature, humidity, wind_speed, aqi, recorded_at) VALUES (60, 3, 141.3, 225.22, 22.71, 0.82, 41.94, 32.87, 77.47, 12.59, 188, '2026-06-26 12:49:31');
INSERT INTO env_ml_predictions (id, zone_id, inversion_height, predicted_aqi, risk_level, created_at) VALUES (60, 3, 605.72, 203.0, 'danger', '2026-06-26 12:49:31');
INSERT INTO env_alerts (id, zone_id, alert_type, severity, message, value, threshold, created_at) VALUES (23, 3, 'High PM2.5 Concentration', 'critical', 'Kualitas udara tidak sehat terdeteksi dengan skor AQI 188', 141.3, 55.0, '2026-06-26 12:49:31');
INSERT INTO env_sensor_readings (id, zone_id, pm25, pm10, no2, co, o3, temperature, humidity, wind_speed, aqi, recorded_at) VALUES (61, 3, 66.86, 103.54, 39.72, 0.54, 42.94, 33.57, 89.17, 4.31, 90, '2026-06-26 11:49:31');
INSERT INTO env_ml_predictions (id, zone_id, inversion_height, predicted_aqi, risk_level, created_at) VALUES (61, 3, 220.0, 99.58, 'warning', '2026-06-26 11:49:31');
INSERT INTO env_sensor_readings (id, zone_id, pm25, pm10, no2, co, o3, temperature, humidity, wind_speed, aqi, recorded_at) VALUES (62, 3, 134.3, 209.75, 24.55, 2.01, 47.91, 30.2, 70.23, 2.61, 185, '2026-06-26 10:49:31');
INSERT INTO env_ml_predictions (id, zone_id, inversion_height, predicted_aqi, risk_level, created_at) VALUES (62, 3, 240.59, 211.12, 'danger', '2026-06-26 10:49:31');
INSERT INTO env_alerts (id, zone_id, alert_type, severity, message, value, threshold, created_at) VALUES (24, 3, 'High PM2.5 Concentration', 'critical', 'Kualitas udara tidak sehat terdeteksi dengan skor AQI 185', 134.3, 55.0, '2026-06-26 10:49:31');
INSERT INTO env_sensor_readings (id, zone_id, pm25, pm10, no2, co, o3, temperature, humidity, wind_speed, aqi, recorded_at) VALUES (63, 3, 25.63, 40.5, 16.16, 1.12, 58.01, 28.46, 61.13, 6.67, 39, '2026-06-26 09:49:31');
INSERT INTO env_ml_predictions (id, zone_id, inversion_height, predicted_aqi, risk_level, created_at) VALUES (63, 3, 615.68, 39.65, 'safe', '2026-06-26 09:49:31');
INSERT INTO env_sensor_readings (id, zone_id, pm25, pm10, no2, co, o3, temperature, humidity, wind_speed, aqi, recorded_at) VALUES (64, 3, 105.99, 156.24, 38.85, 1.82, 47.29, 32.05, 61.28, 1.66, 147, '2026-06-26 08:49:31');
INSERT INTO env_ml_predictions (id, zone_id, inversion_height, predicted_aqi, risk_level, created_at) VALUES (64, 3, 740.02, 160.93, 'danger', '2026-06-26 08:49:31');
INSERT INTO env_alerts (id, zone_id, alert_type, severity, message, value, threshold, created_at) VALUES (25, 3, 'High PM2.5 Concentration', 'high', 'Kualitas udara tidak sehat terdeteksi dengan skor AQI 147', 105.99, 55.0, '2026-06-26 08:49:31');
INSERT INTO env_sensor_readings (id, zone_id, pm25, pm10, no2, co, o3, temperature, humidity, wind_speed, aqi, recorded_at) VALUES (65, 3, 123.14, 150.49, 39.7, 2.45, 10.95, 28.95, 67.24, 2.61, 172, '2026-06-26 07:49:31');
INSERT INTO env_ml_predictions (id, zone_id, inversion_height, predicted_aqi, risk_level, created_at) VALUES (65, 3, 620.7, 159.83, 'danger', '2026-06-26 07:49:31');
INSERT INTO env_alerts (id, zone_id, alert_type, severity, message, value, threshold, created_at) VALUES (26, 3, 'High PM2.5 Concentration', 'critical', 'Kualitas udara tidak sehat terdeteksi dengan skor AQI 172', 123.14, 55.0, '2026-06-26 07:49:31');
INSERT INTO env_sensor_readings (id, zone_id, pm25, pm10, no2, co, o3, temperature, humidity, wind_speed, aqi, recorded_at) VALUES (66, 3, 28.51, 40.58, 40.88, 2.37, 55.76, 27.92, 70.28, 7.52, 49, '2026-06-26 06:49:31');
INSERT INTO env_ml_predictions (id, zone_id, inversion_height, predicted_aqi, risk_level, created_at) VALUES (66, 3, 208.27, 51.38, 'warning', '2026-06-26 06:49:31');
INSERT INTO env_sensor_readings (id, zone_id, pm25, pm10, no2, co, o3, temperature, humidity, wind_speed, aqi, recorded_at) VALUES (67, 3, 69.22, 87.43, 43.18, 1.29, 44.87, 29.09, 62.56, 8.08, 96, '2026-06-26 05:49:31');
INSERT INTO env_ml_predictions (id, zone_id, inversion_height, predicted_aqi, risk_level, created_at) VALUES (67, 3, 592.65, 103.27, 'warning', '2026-06-26 05:49:31');
INSERT INTO env_sensor_readings (id, zone_id, pm25, pm10, no2, co, o3, temperature, humidity, wind_speed, aqi, recorded_at) VALUES (68, 3, 135.95, 202.87, 8.86, 1.92, 27.5, 29.64, 83.62, 14.39, 186, '2026-06-26 04:49:31');
INSERT INTO env_ml_predictions (id, zone_id, inversion_height, predicted_aqi, risk_level, created_at) VALUES (68, 3, 757.0, 197.62, 'danger', '2026-06-26 04:49:31');
INSERT INTO env_alerts (id, zone_id, alert_type, severity, message, value, threshold, created_at) VALUES (27, 3, 'High PM2.5 Concentration', 'critical', 'Kualitas udara tidak sehat terdeteksi dengan skor AQI 186', 135.95, 55.0, '2026-06-26 04:49:31');
INSERT INTO env_sensor_readings (id, zone_id, pm25, pm10, no2, co, o3, temperature, humidity, wind_speed, aqi, recorded_at) VALUES (69, 3, 46.01, 56.09, 12.04, 0.93, 48.81, 25.76, 73.2, 9.89, 64, '2026-06-26 03:49:31');
INSERT INTO env_ml_predictions (id, zone_id, inversion_height, predicted_aqi, risk_level, created_at) VALUES (69, 3, 712.4, 67.82, 'warning', '2026-06-26 03:49:31');
INSERT INTO env_sensor_readings (id, zone_id, pm25, pm10, no2, co, o3, temperature, humidity, wind_speed, aqi, recorded_at) VALUES (70, 3, 77.53, 120.55, 22.8, 0.59, 47.69, 32.56, 74.34, 4.91, 104, '2026-06-26 02:49:31');
INSERT INTO env_ml_predictions (id, zone_id, inversion_height, predicted_aqi, risk_level, created_at) VALUES (70, 3, 343.6, 109.92, 'warning', '2026-06-26 02:49:31');
INSERT INTO env_sensor_readings (id, zone_id, pm25, pm10, no2, co, o3, temperature, humidity, wind_speed, aqi, recorded_at) VALUES (71, 3, 40.74, 62.06, 33.64, 1.79, 29.53, 28.38, 60.27, 4.94, 62, '2026-06-26 01:49:31');
INSERT INTO env_ml_predictions (id, zone_id, inversion_height, predicted_aqi, risk_level, created_at) VALUES (71, 3, 395.43, 57.6, 'warning', '2026-06-26 01:49:31');
INSERT INTO env_sensor_readings (id, zone_id, pm25, pm10, no2, co, o3, temperature, humidity, wind_speed, aqi, recorded_at) VALUES (72, 3, 37.66, 49.08, 44.85, 0.71, 41.17, 28.69, 71.94, 2.08, 53, '2026-06-26 00:49:31');
INSERT INTO env_ml_predictions (id, zone_id, inversion_height, predicted_aqi, risk_level, created_at) VALUES (72, 3, 636.27, 56.14, 'warning', '2026-06-26 00:49:31');
INSERT INTO env_sensor_readings (id, zone_id, pm25, pm10, no2, co, o3, temperature, humidity, wind_speed, aqi, recorded_at) VALUES (73, 4, 28.66, 44.21, 20.5, 1.17, 52.08, 25.97, 55.51, 9.01, 43, '2026-06-26 23:49:31');
INSERT INTO env_ml_predictions (id, zone_id, inversion_height, predicted_aqi, risk_level, created_at) VALUES (73, 4, 560.22, 39.89, 'safe', '2026-06-26 23:49:31');
INSERT INTO env_sensor_readings (id, zone_id, pm25, pm10, no2, co, o3, temperature, humidity, wind_speed, aqi, recorded_at) VALUES (74, 4, 33.6, 52.3, 38.4, 1.97, 34.77, 32.26, 77.75, 4.11, 54, '2026-06-26 22:49:31');
INSERT INTO env_ml_predictions (id, zone_id, inversion_height, predicted_aqi, risk_level, created_at) VALUES (74, 4, 320.75, 52.68, 'warning', '2026-06-26 22:49:31');
INSERT INTO env_sensor_readings (id, zone_id, pm25, pm10, no2, co, o3, temperature, humidity, wind_speed, aqi, recorded_at) VALUES (75, 4, 149.08, 192.06, 9.26, 2.37, 19.95, 26.81, 64.71, 10.64, 206, '2026-06-26 21:49:31');
INSERT INTO env_ml_predictions (id, zone_id, inversion_height, predicted_aqi, risk_level, created_at) VALUES (75, 4, 371.97, 210.45, 'danger', '2026-06-26 21:49:31');
INSERT INTO env_alerts (id, zone_id, alert_type, severity, message, value, threshold, created_at) VALUES (28, 4, 'High PM2.5 Concentration', 'critical', 'Kualitas udara tidak sehat terdeteksi dengan skor AQI 206', 149.08, 55.0, '2026-06-26 21:49:31');
INSERT INTO env_sensor_readings (id, zone_id, pm25, pm10, no2, co, o3, temperature, humidity, wind_speed, aqi, recorded_at) VALUES (76, 4, 112.33, 176.55, 10.9, 1.66, 39.84, 26.11, 55.75, 8.06, 154, '2026-06-26 20:49:31');
INSERT INTO env_ml_predictions (id, zone_id, inversion_height, predicted_aqi, risk_level, created_at) VALUES (76, 4, 645.97, 175.14, 'danger', '2026-06-26 20:49:31');
INSERT INTO env_alerts (id, zone_id, alert_type, severity, message, value, threshold, created_at) VALUES (29, 4, 'High PM2.5 Concentration', 'high', 'Kualitas udara tidak sehat terdeteksi dengan skor AQI 154', 112.33, 55.0, '2026-06-26 20:49:31');
INSERT INTO env_sensor_readings (id, zone_id, pm25, pm10, no2, co, o3, temperature, humidity, wind_speed, aqi, recorded_at) VALUES (77, 4, 123.19, 186.65, 23.79, 1.78, 42.1, 29.66, 61.36, 5.24, 169, '2026-06-26 19:49:31');
INSERT INTO env_ml_predictions (id, zone_id, inversion_height, predicted_aqi, risk_level, created_at) VALUES (77, 4, 710.94, 161.92, 'danger', '2026-06-26 19:49:31');
INSERT INTO env_alerts (id, zone_id, alert_type, severity, message, value, threshold, created_at) VALUES (30, 4, 'High PM2.5 Concentration', 'critical', 'Kualitas udara tidak sehat terdeteksi dengan skor AQI 169', 123.19, 55.0, '2026-06-26 19:49:31');
INSERT INTO env_sensor_readings (id, zone_id, pm25, pm10, no2, co, o3, temperature, humidity, wind_speed, aqi, recorded_at) VALUES (78, 4, 11.35, 17.42, 33.48, 1.93, 37.91, 31.21, 60.47, 3.86, 24, '2026-06-26 18:49:31');
INSERT INTO env_ml_predictions (id, zone_id, inversion_height, predicted_aqi, risk_level, created_at) VALUES (78, 4, 557.61, 27.27, 'safe', '2026-06-26 18:49:31');
INSERT INTO env_sensor_readings (id, zone_id, pm25, pm10, no2, co, o3, temperature, humidity, wind_speed, aqi, recorded_at) VALUES (79, 4, 17.25, 25.79, 30.8, 1.61, 56.97, 26.67, 55.8, 5.45, 30, '2026-06-26 17:49:31');
INSERT INTO env_ml_predictions (id, zone_id, inversion_height, predicted_aqi, risk_level, created_at) VALUES (79, 4, 233.38, 29.69, 'safe', '2026-06-26 17:49:31');
INSERT INTO env_sensor_readings (id, zone_id, pm25, pm10, no2, co, o3, temperature, humidity, wind_speed, aqi, recorded_at) VALUES (80, 4, 88.61, 129.75, 43.33, 2.33, 43.9, 25.38, 83.55, 6.29, 127, '2026-06-26 16:49:31');
INSERT INTO env_ml_predictions (id, zone_id, inversion_height, predicted_aqi, risk_level, created_at) VALUES (80, 4, 738.94, 130.83, 'warning', '2026-06-26 16:49:31');
INSERT INTO env_alerts (id, zone_id, alert_type, severity, message, value, threshold, created_at) VALUES (31, 4, 'High PM2.5 Concentration', 'high', 'Kualitas udara tidak sehat terdeteksi dengan skor AQI 127', 88.61, 55.0, '2026-06-26 16:49:31');
INSERT INTO env_sensor_readings (id, zone_id, pm25, pm10, no2, co, o3, temperature, humidity, wind_speed, aqi, recorded_at) VALUES (81, 4, 95.88, 142.84, 30.43, 1.93, 58.57, 24.93, 61.03, 10.59, 134, '2026-06-26 15:49:31');
INSERT INTO env_ml_predictions (id, zone_id, inversion_height, predicted_aqi, risk_level, created_at) VALUES (81, 4, 230.88, 141.18, 'warning', '2026-06-26 15:49:31');
INSERT INTO env_alerts (id, zone_id, alert_type, severity, message, value, threshold, created_at) VALUES (32, 4, 'High PM2.5 Concentration', 'high', 'Kualitas udara tidak sehat terdeteksi dengan skor AQI 134', 95.88, 55.0, '2026-06-26 15:49:31');
INSERT INTO env_sensor_readings (id, zone_id, pm25, pm10, no2, co, o3, temperature, humidity, wind_speed, aqi, recorded_at) VALUES (82, 4, 96.82, 153.93, 30.14, 0.59, 22.65, 24.97, 55.48, 10.0, 129, '2026-06-26 14:49:31');
INSERT INTO env_ml_predictions (id, zone_id, inversion_height, predicted_aqi, risk_level, created_at) VALUES (82, 4, 410.22, 147.74, 'warning', '2026-06-26 14:49:31');
INSERT INTO env_alerts (id, zone_id, alert_type, severity, message, value, threshold, created_at) VALUES (33, 4, 'High PM2.5 Concentration', 'high', 'Kualitas udara tidak sehat terdeteksi dengan skor AQI 129', 96.82, 55.0, '2026-06-26 14:49:31');
INSERT INTO env_sensor_readings (id, zone_id, pm25, pm10, no2, co, o3, temperature, humidity, wind_speed, aqi, recorded_at) VALUES (83, 4, 30.93, 41.02, 32.6, 0.54, 20.25, 30.64, 77.79, 12.61, 43, '2026-06-26 13:49:31');
INSERT INTO env_ml_predictions (id, zone_id, inversion_height, predicted_aqi, risk_level, created_at) VALUES (83, 4, 648.96, 44.38, 'safe', '2026-06-26 13:49:31');
INSERT INTO env_sensor_readings (id, zone_id, pm25, pm10, no2, co, o3, temperature, humidity, wind_speed, aqi, recorded_at) VALUES (84, 4, 18.49, 27.44, 43.17, 0.11, 40.75, 26.94, 88.9, 11.05, 25, '2026-06-26 12:49:31');
INSERT INTO env_ml_predictions (id, zone_id, inversion_height, predicted_aqi, risk_level, created_at) VALUES (84, 4, 495.77, 25.79, 'safe', '2026-06-26 12:49:31');
INSERT INTO env_sensor_readings (id, zone_id, pm25, pm10, no2, co, o3, temperature, humidity, wind_speed, aqi, recorded_at) VALUES (85, 4, 38.69, 52.18, 28.55, 1.23, 56.11, 31.5, 56.34, 4.73, 56, '2026-06-26 11:49:31');
INSERT INTO env_ml_predictions (id, zone_id, inversion_height, predicted_aqi, risk_level, created_at) VALUES (85, 4, 641.43, 51.56, 'warning', '2026-06-26 11:49:31');
INSERT INTO env_sensor_readings (id, zone_id, pm25, pm10, no2, co, o3, temperature, humidity, wind_speed, aqi, recorded_at) VALUES (86, 4, 34.71, 48.92, 25.92, 0.56, 10.05, 26.44, 76.79, 6.54, 48, '2026-06-26 10:49:31');
INSERT INTO env_ml_predictions (id, zone_id, inversion_height, predicted_aqi, risk_level, created_at) VALUES (86, 4, 401.85, 48.14, 'safe', '2026-06-26 10:49:31');
INSERT INTO env_sensor_readings (id, zone_id, pm25, pm10, no2, co, o3, temperature, humidity, wind_speed, aqi, recorded_at) VALUES (87, 4, 65.19, 92.31, 11.73, 2.41, 54.99, 25.39, 66.84, 13.42, 97, '2026-06-26 09:49:31');
INSERT INTO env_ml_predictions (id, zone_id, inversion_height, predicted_aqi, risk_level, created_at) VALUES (87, 4, 381.13, 104.78, 'warning', '2026-06-26 09:49:31');
INSERT INTO env_sensor_readings (id, zone_id, pm25, pm10, no2, co, o3, temperature, humidity, wind_speed, aqi, recorded_at) VALUES (88, 4, 119.29, 149.95, 5.93, 2.01, 29.53, 29.88, 66.89, 8.83, 165, '2026-06-26 08:49:31');
INSERT INTO env_ml_predictions (id, zone_id, inversion_height, predicted_aqi, risk_level, created_at) VALUES (88, 4, 477.94, 152.65, 'danger', '2026-06-26 08:49:31');
INSERT INTO env_alerts (id, zone_id, alert_type, severity, message, value, threshold, created_at) VALUES (34, 4, 'High PM2.5 Concentration', 'critical', 'Kualitas udara tidak sehat terdeteksi dengan skor AQI 165', 119.29, 55.0, '2026-06-26 08:49:31');
INSERT INTO env_sensor_readings (id, zone_id, pm25, pm10, no2, co, o3, temperature, humidity, wind_speed, aqi, recorded_at) VALUES (89, 4, 73.38, 90.28, 34.03, 2.48, 17.01, 28.36, 89.72, 2.82, 108, '2026-06-26 07:49:31');
INSERT INTO env_ml_predictions (id, zone_id, inversion_height, predicted_aqi, risk_level, created_at) VALUES (89, 4, 625.8, 108.92, 'warning', '2026-06-26 07:49:31');
INSERT INTO env_sensor_readings (id, zone_id, pm25, pm10, no2, co, o3, temperature, humidity, wind_speed, aqi, recorded_at) VALUES (90, 4, 33.67, 40.87, 22.16, 0.84, 59.97, 26.13, 75.3, 7.57, 48, '2026-06-26 06:49:31');
INSERT INTO env_ml_predictions (id, zone_id, inversion_height, predicted_aqi, risk_level, created_at) VALUES (90, 4, 532.86, 50.68, 'warning', '2026-06-26 06:49:31');
INSERT INTO env_sensor_readings (id, zone_id, pm25, pm10, no2, co, o3, temperature, humidity, wind_speed, aqi, recorded_at) VALUES (91, 4, 62.87, 91.87, 33.4, 2.47, 36.84, 28.2, 57.15, 3.25, 94, '2026-06-26 05:49:31');
INSERT INTO env_ml_predictions (id, zone_id, inversion_height, predicted_aqi, risk_level, created_at) VALUES (91, 4, 494.59, 90.32, 'warning', '2026-06-26 05:49:31');
INSERT INTO env_sensor_readings (id, zone_id, pm25, pm10, no2, co, o3, temperature, humidity, wind_speed, aqi, recorded_at) VALUES (92, 4, 140.8, 224.59, 11.23, 1.28, 27.15, 26.71, 85.79, 3.64, 189, '2026-06-26 04:49:31');
INSERT INTO env_ml_predictions (id, zone_id, inversion_height, predicted_aqi, risk_level, created_at) VALUES (92, 4, 459.39, 198.78, 'danger', '2026-06-26 04:49:31');
INSERT INTO env_alerts (id, zone_id, alert_type, severity, message, value, threshold, created_at) VALUES (35, 4, 'High PM2.5 Concentration', 'critical', 'Kualitas udara tidak sehat terdeteksi dengan skor AQI 189', 140.8, 55.0, '2026-06-26 04:49:31');
INSERT INTO env_sensor_readings (id, zone_id, pm25, pm10, no2, co, o3, temperature, humidity, wind_speed, aqi, recorded_at) VALUES (93, 4, 83.32, 125.64, 29.69, 1.11, 10.39, 27.77, 89.46, 13.57, 114, '2026-06-26 03:49:31');
INSERT INTO env_ml_predictions (id, zone_id, inversion_height, predicted_aqi, risk_level, created_at) VALUES (93, 4, 790.46, 127.52, 'warning', '2026-06-26 03:49:31');
INSERT INTO env_sensor_readings (id, zone_id, pm25, pm10, no2, co, o3, temperature, humidity, wind_speed, aqi, recorded_at) VALUES (94, 4, 29.88, 45.82, 18.69, 0.27, 32.7, 28.84, 76.07, 11.24, 40, '2026-06-26 02:49:31');
INSERT INTO env_ml_predictions (id, zone_id, inversion_height, predicted_aqi, risk_level, created_at) VALUES (94, 4, 409.09, 43.42, 'safe', '2026-06-26 02:49:31');
INSERT INTO env_sensor_readings (id, zone_id, pm25, pm10, no2, co, o3, temperature, humidity, wind_speed, aqi, recorded_at) VALUES (95, 4, 66.47, 84.03, 14.66, 0.37, 40.86, 27.57, 73.01, 9.82, 88, '2026-06-26 01:49:31');
INSERT INTO env_ml_predictions (id, zone_id, inversion_height, predicted_aqi, risk_level, created_at) VALUES (95, 4, 445.4, 86.86, 'warning', '2026-06-26 01:49:31');
INSERT INTO env_sensor_readings (id, zone_id, pm25, pm10, no2, co, o3, temperature, humidity, wind_speed, aqi, recorded_at) VALUES (96, 4, 22.49, 29.62, 34.91, 0.58, 26.3, 25.62, 75.09, 10.67, 32, '2026-06-26 00:49:31');
INSERT INTO env_ml_predictions (id, zone_id, inversion_height, predicted_aqi, risk_level, created_at) VALUES (96, 4, 692.36, 36.43, 'safe', '2026-06-26 00:49:31');
INSERT INTO env_sensor_readings (id, zone_id, pm25, pm10, no2, co, o3, temperature, humidity, wind_speed, aqi, recorded_at) VALUES (97, 5, 40.49, 49.03, 24.37, 2.2, 11.88, 28.81, 72.95, 9.28, 64, '2026-06-26 23:49:31');
INSERT INTO env_ml_predictions (id, zone_id, inversion_height, predicted_aqi, risk_level, created_at) VALUES (97, 5, 626.18, 65.45, 'warning', '2026-06-26 23:49:31');
INSERT INTO env_sensor_readings (id, zone_id, pm25, pm10, no2, co, o3, temperature, humidity, wind_speed, aqi, recorded_at) VALUES (98, 5, 44.01, 70.14, 21.86, 1.51, 49.32, 27.58, 63.21, 9.78, 65, '2026-06-26 22:49:31');
INSERT INTO env_ml_predictions (id, zone_id, inversion_height, predicted_aqi, risk_level, created_at) VALUES (98, 5, 366.09, 74.1, 'warning', '2026-06-26 22:49:31');
INSERT INTO env_sensor_readings (id, zone_id, pm25, pm10, no2, co, o3, temperature, humidity, wind_speed, aqi, recorded_at) VALUES (99, 5, 132.97, 164.42, 30.71, 1.91, 13.1, 30.9, 77.27, 10.8, 182, '2026-06-26 21:49:31');
INSERT INTO env_ml_predictions (id, zone_id, inversion_height, predicted_aqi, risk_level, created_at) VALUES (99, 5, 486.5, 168.39, 'danger', '2026-06-26 21:49:31');
INSERT INTO env_alerts (id, zone_id, alert_type, severity, message, value, threshold, created_at) VALUES (36, 5, 'High PM2.5 Concentration', 'critical', 'Kualitas udara tidak sehat terdeteksi dengan skor AQI 182', 132.97, 55.0, '2026-06-26 21:49:31');
INSERT INTO env_sensor_readings (id, zone_id, pm25, pm10, no2, co, o3, temperature, humidity, wind_speed, aqi, recorded_at) VALUES (100, 5, 75.05, 90.24, 28.93, 1.01, 59.11, 28.98, 77.47, 3.66, 103, '2026-06-26 20:49:31');
INSERT INTO env_ml_predictions (id, zone_id, inversion_height, predicted_aqi, risk_level, created_at) VALUES (100, 5, 314.0, 93.96, 'warning', '2026-06-26 20:49:31');
INSERT INTO env_sensor_readings (id, zone_id, pm25, pm10, no2, co, o3, temperature, humidity, wind_speed, aqi, recorded_at) VALUES (101, 5, 80.52, 116.62, 30.84, 1.52, 56.39, 32.1, 59.34, 11.87, 112, '2026-06-26 19:49:31');
INSERT INTO env_ml_predictions (id, zone_id, inversion_height, predicted_aqi, risk_level, created_at) VALUES (101, 5, 224.15, 120.42, 'warning', '2026-06-26 19:49:31');
INSERT INTO env_sensor_readings (id, zone_id, pm25, pm10, no2, co, o3, temperature, humidity, wind_speed, aqi, recorded_at) VALUES (102, 5, 55.64, 80.28, 19.22, 1.53, 57.27, 32.52, 67.11, 6.65, 80, '2026-06-26 18:49:31');
INSERT INTO env_ml_predictions (id, zone_id, inversion_height, predicted_aqi, risk_level, created_at) VALUES (102, 5, 697.95, 72.88, 'warning', '2026-06-26 18:49:31');
INSERT INTO env_sensor_readings (id, zone_id, pm25, pm10, no2, co, o3, temperature, humidity, wind_speed, aqi, recorded_at) VALUES (103, 5, 45.4, 56.51, 23.19, 0.93, 37.02, 30.35, 74.97, 10.26, 64, '2026-06-26 17:49:31');
INSERT INTO env_ml_predictions (id, zone_id, inversion_height, predicted_aqi, risk_level, created_at) VALUES (103, 5, 280.95, 61.28, 'warning', '2026-06-26 17:49:31');
INSERT INTO env_sensor_readings (id, zone_id, pm25, pm10, no2, co, o3, temperature, humidity, wind_speed, aqi, recorded_at) VALUES (104, 5, 146.22, 219.79, 14.22, 1.92, 30.23, 27.07, 82.87, 11.85, 200, '2026-06-26 16:49:31');
INSERT INTO env_ml_predictions (id, zone_id, inversion_height, predicted_aqi, risk_level, created_at) VALUES (104, 5, 353.3, 197.41, 'danger', '2026-06-26 16:49:31');
INSERT INTO env_alerts (id, zone_id, alert_type, severity, message, value, threshold, created_at) VALUES (37, 5, 'High PM2.5 Concentration', 'critical', 'Kualitas udara tidak sehat terdeteksi dengan skor AQI 200', 146.22, 55.0, '2026-06-26 16:49:31');
INSERT INTO env_sensor_readings (id, zone_id, pm25, pm10, no2, co, o3, temperature, humidity, wind_speed, aqi, recorded_at) VALUES (105, 5, 142.39, 172.83, 15.21, 0.7, 51.93, 32.97, 63.22, 1.84, 189, '2026-06-26 15:49:31');
INSERT INTO env_ml_predictions (id, zone_id, inversion_height, predicted_aqi, risk_level, created_at) VALUES (105, 5, 271.44, 195.28, 'danger', '2026-06-26 15:49:31');
INSERT INTO env_alerts (id, zone_id, alert_type, severity, message, value, threshold, created_at) VALUES (38, 5, 'High PM2.5 Concentration', 'critical', 'Kualitas udara tidak sehat terdeteksi dengan skor AQI 189', 142.39, 55.0, '2026-06-26 15:49:31');
INSERT INTO env_sensor_readings (id, zone_id, pm25, pm10, no2, co, o3, temperature, humidity, wind_speed, aqi, recorded_at) VALUES (106, 5, 83.96, 121.99, 28.8, 2.06, 49.5, 28.13, 62.02, 12.62, 119, '2026-06-26 14:49:31');
INSERT INTO env_ml_predictions (id, zone_id, inversion_height, predicted_aqi, risk_level, created_at) VALUES (106, 5, 750.89, 135.43, 'warning', '2026-06-26 14:49:31');
INSERT INTO env_sensor_readings (id, zone_id, pm25, pm10, no2, co, o3, temperature, humidity, wind_speed, aqi, recorded_at) VALUES (107, 5, 78.07, 121.9, 24.99, 0.6, 13.03, 29.99, 76.46, 1.75, 104, '2026-06-26 13:49:31');
INSERT INTO env_ml_predictions (id, zone_id, inversion_height, predicted_aqi, risk_level, created_at) VALUES (107, 5, 797.24, 103.23, 'warning', '2026-06-26 13:49:31');
INSERT INTO env_sensor_readings (id, zone_id, pm25, pm10, no2, co, o3, temperature, humidity, wind_speed, aqi, recorded_at) VALUES (108, 5, 65.29, 90.0, 32.77, 2.11, 44.52, 33.16, 55.79, 4.53, 95, '2026-06-26 12:49:31');
INSERT INTO env_ml_predictions (id, zone_id, inversion_height, predicted_aqi, risk_level, created_at) VALUES (108, 5, 576.35, 86.87, 'warning', '2026-06-26 12:49:31');
INSERT INTO env_sensor_readings (id, zone_id, pm25, pm10, no2, co, o3, temperature, humidity, wind_speed, aqi, recorded_at) VALUES (109, 5, 142.43, 224.1, 16.59, 1.53, 38.96, 29.52, 70.45, 14.96, 193, '2026-06-26 11:49:31');
INSERT INTO env_ml_predictions (id, zone_id, inversion_height, predicted_aqi, risk_level, created_at) VALUES (109, 5, 700.97, 199.78, 'danger', '2026-06-26 11:49:31');
INSERT INTO env_alerts (id, zone_id, alert_type, severity, message, value, threshold, created_at) VALUES (39, 5, 'High PM2.5 Concentration', 'critical', 'Kualitas udara tidak sehat terdeteksi dengan skor AQI 193', 142.43, 55.0, '2026-06-26 11:49:31');
INSERT INTO env_sensor_readings (id, zone_id, pm25, pm10, no2, co, o3, temperature, humidity, wind_speed, aqi, recorded_at) VALUES (110, 5, 75.92, 113.6, 30.55, 1.52, 38.2, 28.56, 84.39, 4.63, 106, '2026-06-26 10:49:31');
INSERT INTO env_ml_predictions (id, zone_id, inversion_height, predicted_aqi, risk_level, created_at) VALUES (110, 5, 296.5, 111.05, 'warning', '2026-06-26 10:49:31');
INSERT INTO env_sensor_readings (id, zone_id, pm25, pm10, no2, co, o3, temperature, humidity, wind_speed, aqi, recorded_at) VALUES (111, 5, 135.34, 170.98, 19.4, 0.93, 31.07, 28.64, 80.97, 3.17, 181, '2026-06-26 09:49:31');
INSERT INTO env_ml_predictions (id, zone_id, inversion_height, predicted_aqi, risk_level, created_at) VALUES (111, 5, 695.66, 173.42, 'danger', '2026-06-26 09:49:31');
INSERT INTO env_alerts (id, zone_id, alert_type, severity, message, value, threshold, created_at) VALUES (40, 5, 'High PM2.5 Concentration', 'critical', 'Kualitas udara tidak sehat terdeteksi dengan skor AQI 181', 135.34, 55.0, '2026-06-26 09:49:31');
INSERT INTO env_sensor_readings (id, zone_id, pm25, pm10, no2, co, o3, temperature, humidity, wind_speed, aqi, recorded_at) VALUES (112, 5, 123.31, 165.04, 31.07, 2.06, 30.92, 29.83, 71.17, 6.4, 171, '2026-06-26 08:49:31');
INSERT INTO env_ml_predictions (id, zone_id, inversion_height, predicted_aqi, risk_level, created_at) VALUES (112, 5, 295.52, 176.86, 'danger', '2026-06-26 08:49:31');
INSERT INTO env_alerts (id, zone_id, alert_type, severity, message, value, threshold, created_at) VALUES (41, 5, 'High PM2.5 Concentration', 'critical', 'Kualitas udara tidak sehat terdeteksi dengan skor AQI 171', 123.31, 55.0, '2026-06-26 08:49:31');
INSERT INTO env_sensor_readings (id, zone_id, pm25, pm10, no2, co, o3, temperature, humidity, wind_speed, aqi, recorded_at) VALUES (113, 5, 136.88, 180.12, 22.44, 0.34, 41.75, 29.98, 62.13, 4.31, 180, '2026-06-26 07:49:31');
INSERT INTO env_ml_predictions (id, zone_id, inversion_height, predicted_aqi, risk_level, created_at) VALUES (113, 5, 392.66, 180.09, 'danger', '2026-06-26 07:49:31');
INSERT INTO env_alerts (id, zone_id, alert_type, severity, message, value, threshold, created_at) VALUES (42, 5, 'High PM2.5 Concentration', 'critical', 'Kualitas udara tidak sehat terdeteksi dengan skor AQI 180', 136.88, 55.0, '2026-06-26 07:49:31');
INSERT INTO env_sensor_readings (id, zone_id, pm25, pm10, no2, co, o3, temperature, humidity, wind_speed, aqi, recorded_at) VALUES (114, 5, 113.13, 167.25, 31.38, 0.39, 43.69, 27.19, 56.38, 2.78, 149, '2026-06-26 06:49:31');
INSERT INTO env_ml_predictions (id, zone_id, inversion_height, predicted_aqi, risk_level, created_at) VALUES (114, 5, 364.18, 170.9, 'danger', '2026-06-26 06:49:31');
INSERT INTO env_alerts (id, zone_id, alert_type, severity, message, value, threshold, created_at) VALUES (43, 5, 'High PM2.5 Concentration', 'high', 'Kualitas udara tidak sehat terdeteksi dengan skor AQI 149', 113.13, 55.0, '2026-06-26 06:49:31');
INSERT INTO env_sensor_readings (id, zone_id, pm25, pm10, no2, co, o3, temperature, humidity, wind_speed, aqi, recorded_at) VALUES (115, 5, 58.82, 83.87, 31.13, 1.93, 14.89, 32.31, 84.75, 5.77, 86, '2026-06-26 05:49:31');
INSERT INTO env_ml_predictions (id, zone_id, inversion_height, predicted_aqi, risk_level, created_at) VALUES (115, 5, 496.89, 81.19, 'warning', '2026-06-26 05:49:31');
INSERT INTO env_sensor_readings (id, zone_id, pm25, pm10, no2, co, o3, temperature, humidity, wind_speed, aqi, recorded_at) VALUES (116, 5, 139.53, 202.65, 23.45, 0.24, 20.68, 28.55, 69.98, 13.19, 183, '2026-06-26 04:49:31');
INSERT INTO env_ml_predictions (id, zone_id, inversion_height, predicted_aqi, risk_level, created_at) VALUES (116, 5, 674.79, 178.4, 'danger', '2026-06-26 04:49:31');
INSERT INTO env_alerts (id, zone_id, alert_type, severity, message, value, threshold, created_at) VALUES (44, 5, 'High PM2.5 Concentration', 'critical', 'Kualitas udara tidak sehat terdeteksi dengan skor AQI 183', 139.53, 55.0, '2026-06-26 04:49:31');
INSERT INTO env_sensor_readings (id, zone_id, pm25, pm10, no2, co, o3, temperature, humidity, wind_speed, aqi, recorded_at) VALUES (117, 5, 106.36, 167.26, 15.5, 0.58, 24.58, 26.2, 59.6, 14.6, 141, '2026-06-26 03:49:31');
INSERT INTO env_ml_predictions (id, zone_id, inversion_height, predicted_aqi, risk_level, created_at) VALUES (117, 5, 228.31, 158.63, 'danger', '2026-06-26 03:49:31');
INSERT INTO env_alerts (id, zone_id, alert_type, severity, message, value, threshold, created_at) VALUES (45, 5, 'High PM2.5 Concentration', 'high', 'Kualitas udara tidak sehat terdeteksi dengan skor AQI 141', 106.36, 55.0, '2026-06-26 03:49:31');
INSERT INTO env_sensor_readings (id, zone_id, pm25, pm10, no2, co, o3, temperature, humidity, wind_speed, aqi, recorded_at) VALUES (118, 5, 141.21, 182.48, 44.05, 2.37, 22.42, 25.55, 71.75, 11.78, 195, '2026-06-26 02:49:31');
INSERT INTO env_ml_predictions (id, zone_id, inversion_height, predicted_aqi, risk_level, created_at) VALUES (118, 5, 382.98, 178.09, 'danger', '2026-06-26 02:49:31');
INSERT INTO env_alerts (id, zone_id, alert_type, severity, message, value, threshold, created_at) VALUES (46, 5, 'High PM2.5 Concentration', 'critical', 'Kualitas udara tidak sehat terdeteksi dengan skor AQI 195', 141.21, 55.0, '2026-06-26 02:49:31');
INSERT INTO env_sensor_readings (id, zone_id, pm25, pm10, no2, co, o3, temperature, humidity, wind_speed, aqi, recorded_at) VALUES (119, 5, 42.5, 65.33, 30.55, 1.34, 26.22, 27.33, 58.43, 13.39, 62, '2026-06-26 01:49:31');
INSERT INTO env_ml_predictions (id, zone_id, inversion_height, predicted_aqi, risk_level, created_at) VALUES (119, 5, 207.23, 56.42, 'warning', '2026-06-26 01:49:31');
INSERT INTO env_sensor_readings (id, zone_id, pm25, pm10, no2, co, o3, temperature, humidity, wind_speed, aqi, recorded_at) VALUES (120, 5, 105.15, 150.59, 32.71, 1.87, 49.81, 28.35, 56.03, 12.21, 146, '2026-06-26 00:49:31');
INSERT INTO env_ml_predictions (id, zone_id, inversion_height, predicted_aqi, risk_level, created_at) VALUES (120, 5, 316.59, 163.57, 'danger', '2026-06-26 00:49:31');
INSERT INTO env_alerts (id, zone_id, alert_type, severity, message, value, threshold, created_at) VALUES (47, 5, 'High PM2.5 Concentration', 'high', 'Kualitas udara tidak sehat terdeteksi dengan skor AQI 146', 105.15, 55.0, '2026-06-26 00:49:31');
INSERT INTO env_sensor_readings (id, zone_id, pm25, pm10, no2, co, o3, temperature, humidity, wind_speed, aqi, recorded_at) VALUES (121, 6, 14.12, 20.83, 43.86, 1.59, 45.14, 27.39, 68.43, 2.19, 26, '2026-06-26 23:49:31');
INSERT INTO env_ml_predictions (id, zone_id, inversion_height, predicted_aqi, risk_level, created_at) VALUES (121, 6, 424.42, 24.89, 'safe', '2026-06-26 23:49:31');
INSERT INTO env_sensor_readings (id, zone_id, pm25, pm10, no2, co, o3, temperature, humidity, wind_speed, aqi, recorded_at) VALUES (122, 6, 10.24, 13.96, 32.85, 1.68, 24.92, 30.39, 71.7, 7.54, 22, '2026-06-26 22:49:31');
INSERT INTO env_ml_predictions (id, zone_id, inversion_height, predicted_aqi, risk_level, created_at) VALUES (122, 6, 387.29, 24.72, 'safe', '2026-06-26 22:49:31');
INSERT INTO env_sensor_readings (id, zone_id, pm25, pm10, no2, co, o3, temperature, humidity, wind_speed, aqi, recorded_at) VALUES (123, 6, 63.4, 84.38, 24.88, 1.33, 36.5, 26.17, 65.19, 12.62, 89, '2026-06-26 21:49:31');
INSERT INTO env_ml_predictions (id, zone_id, inversion_height, predicted_aqi, risk_level, created_at) VALUES (123, 6, 643.38, 91.47, 'warning', '2026-06-26 21:49:31');
INSERT INTO env_sensor_readings (id, zone_id, pm25, pm10, no2, co, o3, temperature, humidity, wind_speed, aqi, recorded_at) VALUES (124, 6, 97.15, 137.66, 15.6, 0.69, 12.61, 29.36, 89.01, 5.13, 130, '2026-06-26 20:49:31');
INSERT INTO env_ml_predictions (id, zone_id, inversion_height, predicted_aqi, risk_level, created_at) VALUES (124, 6, 580.78, 137.4, 'warning', '2026-06-26 20:49:31');
INSERT INTO env_alerts (id, zone_id, alert_type, severity, message, value, threshold, created_at) VALUES (48, 6, 'High PM2.5 Concentration', 'high', 'Kualitas udara tidak sehat terdeteksi dengan skor AQI 130', 97.15, 55.0, '2026-06-26 20:49:31');
INSERT INTO env_sensor_readings (id, zone_id, pm25, pm10, no2, co, o3, temperature, humidity, wind_speed, aqi, recorded_at) VALUES (125, 6, 92.48, 122.63, 15.71, 1.83, 58.3, 31.64, 66.41, 1.34, 129, '2026-06-26 19:49:31');
INSERT INTO env_ml_predictions (id, zone_id, inversion_height, predicted_aqi, risk_level, created_at) VALUES (125, 6, 732.09, 123.19, 'warning', '2026-06-26 19:49:31');
INSERT INTO env_alerts (id, zone_id, alert_type, severity, message, value, threshold, created_at) VALUES (49, 6, 'High PM2.5 Concentration', 'high', 'Kualitas udara tidak sehat terdeteksi dengan skor AQI 129', 92.48, 55.0, '2026-06-26 19:49:31');
INSERT INTO env_sensor_readings (id, zone_id, pm25, pm10, no2, co, o3, temperature, humidity, wind_speed, aqi, recorded_at) VALUES (126, 6, 133.48, 191.09, 16.57, 1.28, 38.5, 26.27, 68.07, 14.41, 180, '2026-06-26 18:49:31');
INSERT INTO env_ml_predictions (id, zone_id, inversion_height, predicted_aqi, risk_level, created_at) VALUES (126, 6, 690.84, 184.57, 'danger', '2026-06-26 18:49:31');
INSERT INTO env_alerts (id, zone_id, alert_type, severity, message, value, threshold, created_at) VALUES (50, 6, 'High PM2.5 Concentration', 'critical', 'Kualitas udara tidak sehat terdeteksi dengan skor AQI 180', 133.48, 55.0, '2026-06-26 18:49:31');
INSERT INTO env_sensor_readings (id, zone_id, pm25, pm10, no2, co, o3, temperature, humidity, wind_speed, aqi, recorded_at) VALUES (127, 6, 22.47, 27.33, 11.75, 0.84, 28.09, 24.12, 66.27, 14.17, 33, '2026-06-26 17:49:31');
INSERT INTO env_ml_predictions (id, zone_id, inversion_height, predicted_aqi, risk_level, created_at) VALUES (127, 6, 360.51, 33.58, 'safe', '2026-06-26 17:49:31');
INSERT INTO env_sensor_readings (id, zone_id, pm25, pm10, no2, co, o3, temperature, humidity, wind_speed, aqi, recorded_at) VALUES (128, 6, 14.12, 20.0, 23.63, 2.37, 49.28, 25.39, 71.44, 4.92, 30, '2026-06-26 16:49:31');
INSERT INTO env_ml_predictions (id, zone_id, inversion_height, predicted_aqi, risk_level, created_at) VALUES (128, 6, 413.99, 31.24, 'safe', '2026-06-26 16:49:31');
INSERT INTO env_sensor_readings (id, zone_id, pm25, pm10, no2, co, o3, temperature, humidity, wind_speed, aqi, recorded_at) VALUES (129, 6, 64.44, 91.71, 22.41, 0.38, 11.61, 33.72, 66.14, 8.09, 86, '2026-06-26 15:49:31');
INSERT INTO env_ml_predictions (id, zone_id, inversion_height, predicted_aqi, risk_level, created_at) VALUES (129, 6, 651.22, 79.38, 'warning', '2026-06-26 15:49:31');
INSERT INTO env_sensor_readings (id, zone_id, pm25, pm10, no2, co, o3, temperature, humidity, wind_speed, aqi, recorded_at) VALUES (130, 6, 49.11, 66.64, 13.81, 1.43, 38.94, 29.37, 56.09, 12.22, 71, '2026-06-26 14:49:31');
INSERT INTO env_ml_predictions (id, zone_id, inversion_height, predicted_aqi, risk_level, created_at) VALUES (130, 6, 791.2, 74.54, 'warning', '2026-06-26 14:49:31');
INSERT INTO env_sensor_readings (id, zone_id, pm25, pm10, no2, co, o3, temperature, humidity, wind_speed, aqi, recorded_at) VALUES (131, 6, 113.41, 140.65, 25.87, 0.28, 35.92, 27.11, 76.02, 9.8, 149, '2026-06-26 13:49:31');
INSERT INTO env_ml_predictions (id, zone_id, inversion_height, predicted_aqi, risk_level, created_at) VALUES (131, 6, 743.73, 137.2, 'warning', '2026-06-26 13:49:31');
INSERT INTO env_alerts (id, zone_id, alert_type, severity, message, value, threshold, created_at) VALUES (51, 6, 'High PM2.5 Concentration', 'high', 'Kualitas udara tidak sehat terdeteksi dengan skor AQI 149', 113.41, 55.0, '2026-06-26 13:49:31');
INSERT INTO env_sensor_readings (id, zone_id, pm25, pm10, no2, co, o3, temperature, humidity, wind_speed, aqi, recorded_at) VALUES (132, 6, 34.33, 43.74, 21.02, 1.17, 43.04, 32.14, 83.45, 1.66, 50, '2026-06-26 12:49:31');
INSERT INTO env_ml_predictions (id, zone_id, inversion_height, predicted_aqi, risk_level, created_at) VALUES (132, 6, 402.1, 54.08, 'warning', '2026-06-26 12:49:31');
INSERT INTO env_sensor_readings (id, zone_id, pm25, pm10, no2, co, o3, temperature, humidity, wind_speed, aqi, recorded_at) VALUES (133, 6, 36.05, 55.04, 23.55, 1.49, 28.36, 32.49, 69.49, 11.16, 54, '2026-06-26 11:49:31');
INSERT INTO env_ml_predictions (id, zone_id, inversion_height, predicted_aqi, risk_level, created_at) VALUES (133, 6, 288.91, 57.6, 'warning', '2026-06-26 11:49:31');
INSERT INTO env_sensor_readings (id, zone_id, pm25, pm10, no2, co, o3, temperature, humidity, wind_speed, aqi, recorded_at) VALUES (134, 6, 78.7, 115.35, 44.75, 1.74, 57.73, 29.44, 68.12, 12.77, 111, '2026-06-26 10:49:31');
INSERT INTO env_ml_predictions (id, zone_id, inversion_height, predicted_aqi, risk_level, created_at) VALUES (134, 6, 754.81, 121.81, 'warning', '2026-06-26 10:49:31');
INSERT INTO env_sensor_readings (id, zone_id, pm25, pm10, no2, co, o3, temperature, humidity, wind_speed, aqi, recorded_at) VALUES (135, 6, 99.64, 147.98, 27.71, 1.16, 50.78, 33.16, 70.14, 1.36, 135, '2026-06-26 09:49:31');
INSERT INTO env_ml_predictions (id, zone_id, inversion_height, predicted_aqi, risk_level, created_at) VALUES (135, 6, 379.46, 136.95, 'warning', '2026-06-26 09:49:31');
INSERT INTO env_alerts (id, zone_id, alert_type, severity, message, value, threshold, created_at) VALUES (52, 6, 'High PM2.5 Concentration', 'high', 'Kualitas udara tidak sehat terdeteksi dengan skor AQI 135', 99.64, 55.0, '2026-06-26 09:49:31');
INSERT INTO env_sensor_readings (id, zone_id, pm25, pm10, no2, co, o3, temperature, humidity, wind_speed, aqi, recorded_at) VALUES (136, 6, 105.23, 157.37, 20.76, 0.44, 54.38, 30.5, 56.02, 6.0, 139, '2026-06-26 08:49:31');
INSERT INTO env_ml_predictions (id, zone_id, inversion_height, predicted_aqi, risk_level, created_at) VALUES (136, 6, 201.76, 151.39, 'danger', '2026-06-26 08:49:31');
INSERT INTO env_alerts (id, zone_id, alert_type, severity, message, value, threshold, created_at) VALUES (53, 6, 'High PM2.5 Concentration', 'high', 'Kualitas udara tidak sehat terdeteksi dengan skor AQI 139', 105.23, 55.0, '2026-06-26 08:49:31');
INSERT INTO env_sensor_readings (id, zone_id, pm25, pm10, no2, co, o3, temperature, humidity, wind_speed, aqi, recorded_at) VALUES (137, 6, 113.91, 181.44, 7.72, 1.14, 50.02, 25.88, 55.76, 9.08, 154, '2026-06-26 07:49:31');
INSERT INTO env_ml_predictions (id, zone_id, inversion_height, predicted_aqi, risk_level, created_at) VALUES (137, 6, 472.65, 143.23, 'warning', '2026-06-26 07:49:31');
INSERT INTO env_alerts (id, zone_id, alert_type, severity, message, value, threshold, created_at) VALUES (54, 6, 'High PM2.5 Concentration', 'high', 'Kualitas udara tidak sehat terdeteksi dengan skor AQI 154', 113.91, 55.0, '2026-06-26 07:49:31');
INSERT INTO env_sensor_readings (id, zone_id, pm25, pm10, no2, co, o3, temperature, humidity, wind_speed, aqi, recorded_at) VALUES (138, 6, 105.77, 163.22, 42.04, 1.19, 33.96, 24.71, 84.54, 10.53, 143, '2026-06-26 06:49:31');
INSERT INTO env_ml_predictions (id, zone_id, inversion_height, predicted_aqi, risk_level, created_at) VALUES (138, 6, 208.96, 152.98, 'danger', '2026-06-26 06:49:31');
INSERT INTO env_alerts (id, zone_id, alert_type, severity, message, value, threshold, created_at) VALUES (55, 6, 'High PM2.5 Concentration', 'high', 'Kualitas udara tidak sehat terdeteksi dengan skor AQI 143', 105.77, 55.0, '2026-06-26 06:49:31');
INSERT INTO env_sensor_readings (id, zone_id, pm25, pm10, no2, co, o3, temperature, humidity, wind_speed, aqi, recorded_at) VALUES (139, 6, 101.54, 131.59, 11.55, 0.24, 59.06, 28.65, 57.03, 5.15, 133, '2026-06-26 05:49:31');
INSERT INTO env_ml_predictions (id, zone_id, inversion_height, predicted_aqi, risk_level, created_at) VALUES (139, 6, 667.89, 131.38, 'warning', '2026-06-26 05:49:31');
INSERT INTO env_alerts (id, zone_id, alert_type, severity, message, value, threshold, created_at) VALUES (56, 6, 'High PM2.5 Concentration', 'high', 'Kualitas udara tidak sehat terdeteksi dengan skor AQI 133', 101.54, 55.0, '2026-06-26 05:49:31');
INSERT INTO env_sensor_readings (id, zone_id, pm25, pm10, no2, co, o3, temperature, humidity, wind_speed, aqi, recorded_at) VALUES (140, 6, 76.68, 105.42, 11.46, 0.41, 49.95, 32.49, 87.49, 8.59, 102, '2026-06-26 04:49:31');
INSERT INTO env_ml_predictions (id, zone_id, inversion_height, predicted_aqi, risk_level, created_at) VALUES (140, 6, 340.24, 102.12, 'warning', '2026-06-26 04:49:31');
INSERT INTO env_sensor_readings (id, zone_id, pm25, pm10, no2, co, o3, temperature, humidity, wind_speed, aqi, recorded_at) VALUES (141, 6, 101.0, 133.27, 40.06, 1.41, 54.07, 26.75, 71.45, 5.33, 138, '2026-06-26 03:49:31');
INSERT INTO env_ml_predictions (id, zone_id, inversion_height, predicted_aqi, risk_level, created_at) VALUES (141, 6, 596.74, 156.0, 'danger', '2026-06-26 03:49:31');
INSERT INTO env_alerts (id, zone_id, alert_type, severity, message, value, threshold, created_at) VALUES (57, 6, 'High PM2.5 Concentration', 'high', 'Kualitas udara tidak sehat terdeteksi dengan skor AQI 138', 101.0, 55.0, '2026-06-26 03:49:31');
INSERT INTO env_sensor_readings (id, zone_id, pm25, pm10, no2, co, o3, temperature, humidity, wind_speed, aqi, recorded_at) VALUES (142, 6, 21.14, 26.06, 15.32, 1.05, 18.55, 31.03, 55.5, 6.19, 33, '2026-06-26 02:49:31');
INSERT INTO env_ml_predictions (id, zone_id, inversion_height, predicted_aqi, risk_level, created_at) VALUES (142, 6, 798.11, 35.53, 'safe', '2026-06-26 02:49:31');
INSERT INTO env_sensor_readings (id, zone_id, pm25, pm10, no2, co, o3, temperature, humidity, wind_speed, aqi, recorded_at) VALUES (143, 6, 33.51, 48.84, 8.01, 0.87, 45.08, 31.3, 72.28, 6.82, 48, '2026-06-26 01:49:31');
INSERT INTO env_ml_predictions (id, zone_id, inversion_height, predicted_aqi, risk_level, created_at) VALUES (143, 6, 711.89, 48.07, 'safe', '2026-06-26 01:49:31');
INSERT INTO env_sensor_readings (id, zone_id, pm25, pm10, no2, co, o3, temperature, humidity, wind_speed, aqi, recorded_at) VALUES (144, 6, 83.24, 122.79, 27.8, 0.41, 16.85, 28.1, 82.72, 8.63, 110, '2026-06-26 00:49:31');
INSERT INTO env_ml_predictions (id, zone_id, inversion_height, predicted_aqi, risk_level, created_at) VALUES (144, 6, 497.6, 109.07, 'warning', '2026-06-26 00:49:31');
INSERT INTO env_sensor_readings (id, zone_id, pm25, pm10, no2, co, o3, temperature, humidity, wind_speed, aqi, recorded_at) VALUES (145, 7, 77.73, 115.4, 27.68, 0.74, 50.78, 28.82, 81.59, 12.49, 105, '2026-06-26 23:49:31');
INSERT INTO env_ml_predictions (id, zone_id, inversion_height, predicted_aqi, risk_level, created_at) VALUES (145, 7, 576.09, 105.55, 'warning', '2026-06-26 23:49:31');
INSERT INTO env_sensor_readings (id, zone_id, pm25, pm10, no2, co, o3, temperature, humidity, wind_speed, aqi, recorded_at) VALUES (146, 7, 63.47, 77.86, 7.16, 1.79, 55.34, 29.39, 62.78, 7.83, 91, '2026-06-26 22:49:31');
INSERT INTO env_ml_predictions (id, zone_id, inversion_height, predicted_aqi, risk_level, created_at) VALUES (146, 7, 682.1, 87.35, 'warning', '2026-06-26 22:49:31');
INSERT INTO env_sensor_readings (id, zone_id, pm25, pm10, no2, co, o3, temperature, humidity, wind_speed, aqi, recorded_at) VALUES (147, 7, 42.92, 64.2, 11.91, 0.22, 10.36, 24.35, 89.95, 5.28, 57, '2026-06-26 21:49:31');
INSERT INTO env_ml_predictions (id, zone_id, inversion_height, predicted_aqi, risk_level, created_at) VALUES (147, 7, 331.36, 53.5, 'warning', '2026-06-26 21:49:31');
INSERT INTO env_sensor_readings (id, zone_id, pm25, pm10, no2, co, o3, temperature, humidity, wind_speed, aqi, recorded_at) VALUES (148, 7, 68.92, 86.58, 19.23, 0.75, 18.75, 28.26, 82.39, 9.3, 93, '2026-06-26 20:49:31');
INSERT INTO env_ml_predictions (id, zone_id, inversion_height, predicted_aqi, risk_level, created_at) VALUES (148, 7, 361.24, 106.18, 'warning', '2026-06-26 20:49:31');
INSERT INTO env_sensor_readings (id, zone_id, pm25, pm10, no2, co, o3, temperature, humidity, wind_speed, aqi, recorded_at) VALUES (149, 7, 56.1, 72.73, 25.28, 1.23, 44.86, 27.63, 62.35, 4.69, 79, '2026-06-26 19:49:31');
INSERT INTO env_ml_predictions (id, zone_id, inversion_height, predicted_aqi, risk_level, created_at) VALUES (149, 7, 580.25, 80.31, 'warning', '2026-06-26 19:49:31');
INSERT INTO env_sensor_readings (id, zone_id, pm25, pm10, no2, co, o3, temperature, humidity, wind_speed, aqi, recorded_at) VALUES (150, 7, 67.17, 101.19, 37.21, 2.08, 11.39, 28.05, 84.34, 14.12, 98, '2026-06-26 18:49:31');
INSERT INTO env_ml_predictions (id, zone_id, inversion_height, predicted_aqi, risk_level, created_at) VALUES (150, 7, 700.38, 96.79, 'warning', '2026-06-26 18:49:31');
INSERT INTO env_sensor_readings (id, zone_id, pm25, pm10, no2, co, o3, temperature, humidity, wind_speed, aqi, recorded_at) VALUES (151, 7, 92.14, 143.04, 38.51, 2.18, 18.49, 26.46, 72.06, 1.22, 131, '2026-06-26 17:49:31');
INSERT INTO env_ml_predictions (id, zone_id, inversion_height, predicted_aqi, risk_level, created_at) VALUES (151, 7, 288.44, 138.03, 'warning', '2026-06-26 17:49:31');
INSERT INTO env_alerts (id, zone_id, alert_type, severity, message, value, threshold, created_at) VALUES (58, 7, 'High PM2.5 Concentration', 'high', 'Kualitas udara tidak sehat terdeteksi dengan skor AQI 131', 92.14, 55.0, '2026-06-26 17:49:31');
INSERT INTO env_sensor_readings (id, zone_id, pm25, pm10, no2, co, o3, temperature, humidity, wind_speed, aqi, recorded_at) VALUES (152, 7, 97.57, 124.47, 12.55, 1.52, 29.46, 31.8, 71.21, 13.74, 134, '2026-06-26 16:49:31');
INSERT INTO env_ml_predictions (id, zone_id, inversion_height, predicted_aqi, risk_level, created_at) VALUES (152, 7, 216.14, 152.65, 'danger', '2026-06-26 16:49:31');
INSERT INTO env_alerts (id, zone_id, alert_type, severity, message, value, threshold, created_at) VALUES (59, 7, 'High PM2.5 Concentration', 'high', 'Kualitas udara tidak sehat terdeteksi dengan skor AQI 134', 97.57, 55.0, '2026-06-26 16:49:31');
INSERT INTO env_sensor_readings (id, zone_id, pm25, pm10, no2, co, o3, temperature, humidity, wind_speed, aqi, recorded_at) VALUES (153, 7, 47.55, 58.45, 21.13, 1.38, 48.38, 24.95, 81.11, 8.59, 69, '2026-06-26 15:49:31');
INSERT INTO env_ml_predictions (id, zone_id, inversion_height, predicted_aqi, risk_level, created_at) VALUES (153, 7, 375.79, 63.49, 'warning', '2026-06-26 15:49:31');
INSERT INTO env_sensor_readings (id, zone_id, pm25, pm10, no2, co, o3, temperature, humidity, wind_speed, aqi, recorded_at) VALUES (154, 7, 79.82, 123.07, 39.95, 1.13, 45.93, 29.59, 70.71, 10.03, 109, '2026-06-26 14:49:31');
INSERT INTO env_ml_predictions (id, zone_id, inversion_height, predicted_aqi, risk_level, created_at) VALUES (154, 7, 262.57, 101.91, 'warning', '2026-06-26 14:49:31');
INSERT INTO env_sensor_readings (id, zone_id, pm25, pm10, no2, co, o3, temperature, humidity, wind_speed, aqi, recorded_at) VALUES (155, 7, 73.07, 91.67, 40.83, 0.52, 19.75, 25.86, 61.13, 7.19, 98, '2026-06-26 13:49:31');
INSERT INTO env_ml_predictions (id, zone_id, inversion_height, predicted_aqi, risk_level, created_at) VALUES (155, 7, 721.09, 104.88, 'warning', '2026-06-26 13:49:31');
INSERT INTO env_sensor_readings (id, zone_id, pm25, pm10, no2, co, o3, temperature, humidity, wind_speed, aqi, recorded_at) VALUES (156, 7, 104.52, 133.59, 40.2, 1.26, 22.84, 25.47, 71.75, 3.89, 142, '2026-06-26 12:49:31');
INSERT INTO env_ml_predictions (id, zone_id, inversion_height, predicted_aqi, risk_level, created_at) VALUES (156, 7, 337.1, 129.65, 'warning', '2026-06-26 12:49:31');
INSERT INTO env_alerts (id, zone_id, alert_type, severity, message, value, threshold, created_at) VALUES (60, 7, 'High PM2.5 Concentration', 'high', 'Kualitas udara tidak sehat terdeteksi dengan skor AQI 142', 104.52, 55.0, '2026-06-26 12:49:31');
INSERT INTO env_sensor_readings (id, zone_id, pm25, pm10, no2, co, o3, temperature, humidity, wind_speed, aqi, recorded_at) VALUES (157, 7, 48.31, 64.17, 43.15, 0.26, 10.53, 29.16, 82.12, 9.83, 64, '2026-06-26 11:49:31');
INSERT INTO env_ml_predictions (id, zone_id, inversion_height, predicted_aqi, risk_level, created_at) VALUES (157, 7, 475.62, 63.75, 'warning', '2026-06-26 11:49:31');
INSERT INTO env_sensor_readings (id, zone_id, pm25, pm10, no2, co, o3, temperature, humidity, wind_speed, aqi, recorded_at) VALUES (158, 7, 111.5, 134.07, 39.78, 1.14, 40.93, 24.58, 72.84, 8.01, 151, '2026-06-26 10:49:31');
INSERT INTO env_ml_predictions (id, zone_id, inversion_height, predicted_aqi, risk_level, created_at) VALUES (158, 7, 266.35, 141.16, 'warning', '2026-06-26 10:49:31');
INSERT INTO env_alerts (id, zone_id, alert_type, severity, message, value, threshold, created_at) VALUES (61, 7, 'High PM2.5 Concentration', 'high', 'Kualitas udara tidak sehat terdeteksi dengan skor AQI 151', 111.5, 55.0, '2026-06-26 10:49:31');
INSERT INTO env_sensor_readings (id, zone_id, pm25, pm10, no2, co, o3, temperature, humidity, wind_speed, aqi, recorded_at) VALUES (159, 7, 69.6, 89.54, 42.12, 2.34, 25.43, 31.93, 82.79, 11.88, 102, '2026-06-26 09:49:31');
INSERT INTO env_ml_predictions (id, zone_id, inversion_height, predicted_aqi, risk_level, created_at) VALUES (159, 7, 733.58, 107.96, 'warning', '2026-06-26 09:49:31');
INSERT INTO env_sensor_readings (id, zone_id, pm25, pm10, no2, co, o3, temperature, humidity, wind_speed, aqi, recorded_at) VALUES (160, 7, 128.12, 183.4, 40.25, 0.69, 16.75, 25.01, 66.12, 1.59, 170, '2026-06-26 08:49:31');
INSERT INTO env_ml_predictions (id, zone_id, inversion_height, predicted_aqi, risk_level, created_at) VALUES (160, 7, 400.58, 179.53, 'danger', '2026-06-26 08:49:31');
INSERT INTO env_alerts (id, zone_id, alert_type, severity, message, value, threshold, created_at) VALUES (62, 7, 'High PM2.5 Concentration', 'critical', 'Kualitas udara tidak sehat terdeteksi dengan skor AQI 170', 128.12, 55.0, '2026-06-26 08:49:31');
INSERT INTO env_sensor_readings (id, zone_id, pm25, pm10, no2, co, o3, temperature, humidity, wind_speed, aqi, recorded_at) VALUES (161, 7, 78.62, 96.05, 26.13, 1.75, 59.62, 24.25, 74.36, 13.68, 111, '2026-06-26 07:49:31');
INSERT INTO env_ml_predictions (id, zone_id, inversion_height, predicted_aqi, risk_level, created_at) VALUES (161, 7, 216.53, 125.23, 'warning', '2026-06-26 07:49:31');
INSERT INTO env_sensor_readings (id, zone_id, pm25, pm10, no2, co, o3, temperature, humidity, wind_speed, aqi, recorded_at) VALUES (162, 7, 50.09, 73.27, 41.52, 0.59, 24.93, 28.42, 59.78, 6.44, 68, '2026-06-26 06:49:31');
INSERT INTO env_ml_predictions (id, zone_id, inversion_height, predicted_aqi, risk_level, created_at) VALUES (162, 7, 754.75, 63.54, 'warning', '2026-06-26 06:49:31');
INSERT INTO env_sensor_readings (id, zone_id, pm25, pm10, no2, co, o3, temperature, humidity, wind_speed, aqi, recorded_at) VALUES (163, 7, 146.73, 234.75, 44.87, 1.16, 10.07, 31.98, 63.47, 13.99, 197, '2026-06-26 05:49:31');
INSERT INTO env_ml_predictions (id, zone_id, inversion_height, predicted_aqi, risk_level, created_at) VALUES (163, 7, 494.02, 226.49, 'danger', '2026-06-26 05:49:31');
INSERT INTO env_alerts (id, zone_id, alert_type, severity, message, value, threshold, created_at) VALUES (63, 7, 'High PM2.5 Concentration', 'critical', 'Kualitas udara tidak sehat terdeteksi dengan skor AQI 197', 146.73, 55.0, '2026-06-26 05:49:31');
INSERT INTO env_sensor_readings (id, zone_id, pm25, pm10, no2, co, o3, temperature, humidity, wind_speed, aqi, recorded_at) VALUES (164, 7, 79.49, 112.17, 14.82, 2.15, 49.76, 31.21, 77.53, 12.49, 114, '2026-06-26 04:49:31');
INSERT INTO env_ml_predictions (id, zone_id, inversion_height, predicted_aqi, risk_level, created_at) VALUES (164, 7, 692.5, 106.97, 'warning', '2026-06-26 04:49:31');
INSERT INTO env_sensor_readings (id, zone_id, pm25, pm10, no2, co, o3, temperature, humidity, wind_speed, aqi, recorded_at) VALUES (165, 7, 140.03, 210.37, 44.55, 1.19, 51.79, 29.56, 70.87, 5.73, 188, '2026-06-26 03:49:31');
INSERT INTO env_ml_predictions (id, zone_id, inversion_height, predicted_aqi, risk_level, created_at) VALUES (165, 7, 625.71, 198.29, 'danger', '2026-06-26 03:49:31');
INSERT INTO env_alerts (id, zone_id, alert_type, severity, message, value, threshold, created_at) VALUES (64, 7, 'High PM2.5 Concentration', 'critical', 'Kualitas udara tidak sehat terdeteksi dengan skor AQI 188', 140.03, 55.0, '2026-06-26 03:49:31');
INSERT INTO env_sensor_readings (id, zone_id, pm25, pm10, no2, co, o3, temperature, humidity, wind_speed, aqi, recorded_at) VALUES (166, 7, 119.86, 165.16, 30.42, 0.36, 39.69, 33.49, 63.33, 14.46, 158, '2026-06-26 02:49:31');
INSERT INTO env_ml_predictions (id, zone_id, inversion_height, predicted_aqi, risk_level, created_at) VALUES (166, 7, 212.04, 142.56, 'warning', '2026-06-26 02:49:31');
INSERT INTO env_alerts (id, zone_id, alert_type, severity, message, value, threshold, created_at) VALUES (65, 7, 'High PM2.5 Concentration', 'high', 'Kualitas udara tidak sehat terdeteksi dengan skor AQI 158', 119.86, 55.0, '2026-06-26 02:49:31');
INSERT INTO env_sensor_readings (id, zone_id, pm25, pm10, no2, co, o3, temperature, humidity, wind_speed, aqi, recorded_at) VALUES (167, 7, 130.28, 185.21, 27.1, 0.54, 47.57, 26.97, 55.75, 4.77, 172, '2026-06-26 01:49:31');
INSERT INTO env_ml_predictions (id, zone_id, inversion_height, predicted_aqi, risk_level, created_at) VALUES (167, 7, 349.65, 172.84, 'danger', '2026-06-26 01:49:31');
INSERT INTO env_alerts (id, zone_id, alert_type, severity, message, value, threshold, created_at) VALUES (66, 7, 'High PM2.5 Concentration', 'critical', 'Kualitas udara tidak sehat terdeteksi dengan skor AQI 172', 130.28, 55.0, '2026-06-26 01:49:31');
INSERT INTO env_sensor_readings (id, zone_id, pm25, pm10, no2, co, o3, temperature, humidity, wind_speed, aqi, recorded_at) VALUES (168, 7, 99.28, 139.56, 19.39, 1.29, 39.78, 32.6, 62.85, 6.37, 136, '2026-06-26 00:49:31');
INSERT INTO env_ml_predictions (id, zone_id, inversion_height, predicted_aqi, risk_level, created_at) VALUES (168, 7, 708.48, 144.8, 'warning', '2026-06-26 00:49:31');
INSERT INTO env_alerts (id, zone_id, alert_type, severity, message, value, threshold, created_at) VALUES (67, 7, 'High PM2.5 Concentration', 'high', 'Kualitas udara tidak sehat terdeteksi dengan skor AQI 136', 99.28, 55.0, '2026-06-26 00:49:31');
INSERT INTO env_sensor_readings (id, zone_id, pm25, pm10, no2, co, o3, temperature, humidity, wind_speed, aqi, recorded_at) VALUES (169, 8, 56.87, 89.81, 17.92, 1.78, 43.75, 28.31, 89.61, 1.12, 83, '2026-06-26 23:49:31');
INSERT INTO env_ml_predictions (id, zone_id, inversion_height, predicted_aqi, risk_level, created_at) VALUES (169, 8, 685.54, 77.37, 'warning', '2026-06-26 23:49:31');
INSERT INTO env_sensor_readings (id, zone_id, pm25, pm10, no2, co, o3, temperature, humidity, wind_speed, aqi, recorded_at) VALUES (170, 8, 65.87, 86.08, 35.51, 2.14, 31.55, 32.27, 78.77, 4.03, 96, '2026-06-26 22:49:31');
INSERT INTO env_ml_predictions (id, zone_id, inversion_height, predicted_aqi, risk_level, created_at) VALUES (170, 8, 218.21, 109.44, 'warning', '2026-06-26 22:49:31');
INSERT INTO env_sensor_readings (id, zone_id, pm25, pm10, no2, co, o3, temperature, humidity, wind_speed, aqi, recorded_at) VALUES (171, 8, 60.34, 77.46, 17.6, 1.45, 16.46, 33.88, 57.74, 11.76, 86, '2026-06-26 21:49:31');
INSERT INTO env_ml_predictions (id, zone_id, inversion_height, predicted_aqi, risk_level, created_at) VALUES (171, 8, 219.59, 81.87, 'warning', '2026-06-26 21:49:31');
INSERT INTO env_sensor_readings (id, zone_id, pm25, pm10, no2, co, o3, temperature, humidity, wind_speed, aqi, recorded_at) VALUES (172, 8, 35.2, 43.65, 29.56, 0.81, 24.4, 25.43, 59.55, 6.91, 50, '2026-06-26 20:49:31');
INSERT INTO env_ml_predictions (id, zone_id, inversion_height, predicted_aqi, risk_level, created_at) VALUES (172, 8, 655.43, 48.29, 'safe', '2026-06-26 20:49:31');
INSERT INTO env_sensor_readings (id, zone_id, pm25, pm10, no2, co, o3, temperature, humidity, wind_speed, aqi, recorded_at) VALUES (173, 8, 114.58, 149.56, 12.67, 0.11, 43.41, 29.74, 85.05, 1.97, 150, '2026-06-26 19:49:31');
INSERT INTO env_ml_predictions (id, zone_id, inversion_height, predicted_aqi, risk_level, created_at) VALUES (173, 8, 489.35, 149.81, 'warning', '2026-06-26 19:49:31');
INSERT INTO env_alerts (id, zone_id, alert_type, severity, message, value, threshold, created_at) VALUES (68, 8, 'High PM2.5 Concentration', 'high', 'Kualitas udara tidak sehat terdeteksi dengan skor AQI 150', 114.58, 55.0, '2026-06-26 19:49:31');
INSERT INTO env_sensor_readings (id, zone_id, pm25, pm10, no2, co, o3, temperature, humidity, wind_speed, aqi, recorded_at) VALUES (174, 8, 12.33, 17.45, 15.76, 1.51, 17.34, 27.76, 62.82, 8.35, 24, '2026-06-26 18:49:31');
INSERT INTO env_ml_predictions (id, zone_id, inversion_height, predicted_aqi, risk_level, created_at) VALUES (174, 8, 791.59, 26.88, 'safe', '2026-06-26 18:49:31');
INSERT INTO env_sensor_readings (id, zone_id, pm25, pm10, no2, co, o3, temperature, humidity, wind_speed, aqi, recorded_at) VALUES (175, 8, 131.95, 203.7, 22.83, 1.34, 11.41, 25.58, 59.62, 3.57, 178, '2026-06-26 17:49:31');
INSERT INTO env_ml_predictions (id, zone_id, inversion_height, predicted_aqi, risk_level, created_at) VALUES (175, 8, 627.54, 170.18, 'danger', '2026-06-26 17:49:31');
INSERT INTO env_alerts (id, zone_id, alert_type, severity, message, value, threshold, created_at) VALUES (69, 8, 'High PM2.5 Concentration', 'critical', 'Kualitas udara tidak sehat terdeteksi dengan skor AQI 178', 131.95, 55.0, '2026-06-26 17:49:31');
INSERT INTO env_sensor_readings (id, zone_id, pm25, pm10, no2, co, o3, temperature, humidity, wind_speed, aqi, recorded_at) VALUES (176, 8, 11.62, 17.4, 21.83, 2.01, 26.64, 29.23, 87.89, 13.14, 25, '2026-06-26 16:49:31');
INSERT INTO env_ml_predictions (id, zone_id, inversion_height, predicted_aqi, risk_level, created_at) VALUES (176, 8, 417.89, 25.59, 'safe', '2026-06-26 16:49:31');
INSERT INTO env_sensor_readings (id, zone_id, pm25, pm10, no2, co, o3, temperature, humidity, wind_speed, aqi, recorded_at) VALUES (177, 8, 100.75, 122.42, 37.54, 2.24, 19.87, 27.13, 83.81, 10.84, 142, '2026-06-26 15:49:31');
INSERT INTO env_ml_predictions (id, zone_id, inversion_height, predicted_aqi, risk_level, created_at) VALUES (177, 8, 637.08, 160.78, 'danger', '2026-06-26 15:49:31');
INSERT INTO env_alerts (id, zone_id, alert_type, severity, message, value, threshold, created_at) VALUES (70, 8, 'High PM2.5 Concentration', 'high', 'Kualitas udara tidak sehat terdeteksi dengan skor AQI 142', 100.75, 55.0, '2026-06-26 15:49:31');
INSERT INTO env_sensor_readings (id, zone_id, pm25, pm10, no2, co, o3, temperature, humidity, wind_speed, aqi, recorded_at) VALUES (178, 8, 82.15, 109.03, 22.76, 1.32, 20.92, 31.35, 59.2, 9.08, 113, '2026-06-26 14:49:31');
INSERT INTO env_ml_predictions (id, zone_id, inversion_height, predicted_aqi, risk_level, created_at) VALUES (178, 8, 462.3, 122.74, 'warning', '2026-06-26 14:49:31');
INSERT INTO env_sensor_readings (id, zone_id, pm25, pm10, no2, co, o3, temperature, humidity, wind_speed, aqi, recorded_at) VALUES (179, 8, 100.45, 158.13, 36.38, 0.86, 36.53, 28.63, 82.68, 5.88, 135, '2026-06-26 13:49:31');
INSERT INTO env_ml_predictions (id, zone_id, inversion_height, predicted_aqi, risk_level, created_at) VALUES (179, 8, 697.86, 137.31, 'warning', '2026-06-26 13:49:31');
INSERT INTO env_alerts (id, zone_id, alert_type, severity, message, value, threshold, created_at) VALUES (71, 8, 'High PM2.5 Concentration', 'high', 'Kualitas udara tidak sehat terdeteksi dengan skor AQI 135', 100.45, 55.0, '2026-06-26 13:49:31');
INSERT INTO env_sensor_readings (id, zone_id, pm25, pm10, no2, co, o3, temperature, humidity, wind_speed, aqi, recorded_at) VALUES (180, 8, 129.76, 188.13, 20.74, 2.13, 33.21, 30.09, 68.57, 13.13, 179, '2026-06-26 12:49:31');
INSERT INTO env_ml_predictions (id, zone_id, inversion_height, predicted_aqi, risk_level, created_at) VALUES (180, 8, 674.02, 186.48, 'danger', '2026-06-26 12:49:31');
INSERT INTO env_alerts (id, zone_id, alert_type, severity, message, value, threshold, created_at) VALUES (72, 8, 'High PM2.5 Concentration', 'critical', 'Kualitas udara tidak sehat terdeteksi dengan skor AQI 179', 129.76, 55.0, '2026-06-26 12:49:31');
INSERT INTO env_sensor_readings (id, zone_id, pm25, pm10, no2, co, o3, temperature, humidity, wind_speed, aqi, recorded_at) VALUES (181, 8, 53.65, 74.2, 30.23, 2.35, 54.37, 33.75, 56.69, 3.5, 81, '2026-06-26 11:49:31');
INSERT INTO env_ml_predictions (id, zone_id, inversion_height, predicted_aqi, risk_level, created_at) VALUES (181, 8, 737.58, 80.07, 'warning', '2026-06-26 11:49:31');
INSERT INTO env_sensor_readings (id, zone_id, pm25, pm10, no2, co, o3, temperature, humidity, wind_speed, aqi, recorded_at) VALUES (182, 8, 37.28, 46.19, 19.1, 0.49, 51.35, 24.43, 60.02, 11.17, 51, '2026-06-26 10:49:31');
INSERT INTO env_ml_predictions (id, zone_id, inversion_height, predicted_aqi, risk_level, created_at) VALUES (182, 8, 255.87, 47.52, 'safe', '2026-06-26 10:49:31');
INSERT INTO env_sensor_readings (id, zone_id, pm25, pm10, no2, co, o3, temperature, humidity, wind_speed, aqi, recorded_at) VALUES (183, 8, 106.06, 129.22, 31.53, 2.4, 25.84, 27.29, 89.15, 1.55, 150, '2026-06-26 09:49:31');
INSERT INTO env_ml_predictions (id, zone_id, inversion_height, predicted_aqi, risk_level, created_at) VALUES (183, 8, 465.98, 136.0, 'warning', '2026-06-26 09:49:31');
INSERT INTO env_alerts (id, zone_id, alert_type, severity, message, value, threshold, created_at) VALUES (73, 8, 'High PM2.5 Concentration', 'high', 'Kualitas udara tidak sehat terdeteksi dengan skor AQI 150', 106.06, 55.0, '2026-06-26 09:49:31');
INSERT INTO env_sensor_readings (id, zone_id, pm25, pm10, no2, co, o3, temperature, humidity, wind_speed, aqi, recorded_at) VALUES (184, 8, 138.79, 186.28, 20.64, 1.86, 59.71, 31.55, 63.02, 12.96, 190, '2026-06-26 08:49:31');
INSERT INTO env_ml_predictions (id, zone_id, inversion_height, predicted_aqi, risk_level, created_at) VALUES (184, 8, 653.67, 182.84, 'danger', '2026-06-26 08:49:31');
INSERT INTO env_alerts (id, zone_id, alert_type, severity, message, value, threshold, created_at) VALUES (74, 8, 'High PM2.5 Concentration', 'critical', 'Kualitas udara tidak sehat terdeteksi dengan skor AQI 190', 138.79, 55.0, '2026-06-26 08:49:31');
INSERT INTO env_sensor_readings (id, zone_id, pm25, pm10, no2, co, o3, temperature, humidity, wind_speed, aqi, recorded_at) VALUES (185, 8, 104.59, 132.57, 8.08, 1.17, 31.38, 32.14, 86.53, 4.61, 142, '2026-06-26 07:49:31');
INSERT INTO env_ml_predictions (id, zone_id, inversion_height, predicted_aqi, risk_level, created_at) VALUES (185, 8, 231.58, 150.59, 'danger', '2026-06-26 07:49:31');
INSERT INTO env_alerts (id, zone_id, alert_type, severity, message, value, threshold, created_at) VALUES (75, 8, 'High PM2.5 Concentration', 'high', 'Kualitas udara tidak sehat terdeteksi dengan skor AQI 142', 104.59, 55.0, '2026-06-26 07:49:31');
INSERT INTO env_sensor_readings (id, zone_id, pm25, pm10, no2, co, o3, temperature, humidity, wind_speed, aqi, recorded_at) VALUES (186, 8, 77.81, 120.36, 16.38, 1.34, 28.44, 26.23, 79.32, 12.98, 108, '2026-06-26 06:49:31');
INSERT INTO env_ml_predictions (id, zone_id, inversion_height, predicted_aqi, risk_level, created_at) VALUES (186, 8, 788.06, 115.27, 'warning', '2026-06-26 06:49:31');
INSERT INTO env_sensor_readings (id, zone_id, pm25, pm10, no2, co, o3, temperature, humidity, wind_speed, aqi, recorded_at) VALUES (187, 8, 83.99, 115.84, 13.81, 0.27, 14.54, 32.12, 55.22, 2.98, 111, '2026-06-26 05:49:31');
INSERT INTO env_ml_predictions (id, zone_id, inversion_height, predicted_aqi, risk_level, created_at) VALUES (187, 8, 399.72, 108.98, 'warning', '2026-06-26 05:49:31');
INSERT INTO env_sensor_readings (id, zone_id, pm25, pm10, no2, co, o3, temperature, humidity, wind_speed, aqi, recorded_at) VALUES (188, 8, 15.14, 20.22, 13.27, 2.29, 43.28, 27.41, 72.15, 1.29, 31, '2026-06-26 04:49:31');
INSERT INTO env_ml_predictions (id, zone_id, inversion_height, predicted_aqi, risk_level, created_at) VALUES (188, 8, 406.41, 33.78, 'safe', '2026-06-26 04:49:31');
INSERT INTO env_sensor_readings (id, zone_id, pm25, pm10, no2, co, o3, temperature, humidity, wind_speed, aqi, recorded_at) VALUES (189, 8, 127.47, 156.84, 41.1, 0.29, 33.43, 24.79, 69.67, 10.0, 167, '2026-06-26 03:49:31');
INSERT INTO env_ml_predictions (id, zone_id, inversion_height, predicted_aqi, risk_level, created_at) VALUES (189, 8, 467.63, 155.52, 'danger', '2026-06-26 03:49:31');
INSERT INTO env_alerts (id, zone_id, alert_type, severity, message, value, threshold, created_at) VALUES (76, 8, 'High PM2.5 Concentration', 'critical', 'Kualitas udara tidak sehat terdeteksi dengan skor AQI 167', 127.47, 55.0, '2026-06-26 03:49:31');
INSERT INTO env_sensor_readings (id, zone_id, pm25, pm10, no2, co, o3, temperature, humidity, wind_speed, aqi, recorded_at) VALUES (190, 8, 101.02, 151.23, 10.51, 0.74, 10.57, 27.22, 66.4, 4.24, 135, '2026-06-26 02:49:31');
INSERT INTO env_ml_predictions (id, zone_id, inversion_height, predicted_aqi, risk_level, created_at) VALUES (190, 8, 591.05, 128.01, 'warning', '2026-06-26 02:49:31');
INSERT INTO env_alerts (id, zone_id, alert_type, severity, message, value, threshold, created_at) VALUES (77, 8, 'High PM2.5 Concentration', 'high', 'Kualitas udara tidak sehat terdeteksi dengan skor AQI 135', 101.02, 55.0, '2026-06-26 02:49:31');
INSERT INTO env_sensor_readings (id, zone_id, pm25, pm10, no2, co, o3, temperature, humidity, wind_speed, aqi, recorded_at) VALUES (191, 8, 56.06, 72.99, 17.23, 0.57, 36.15, 33.34, 60.29, 13.87, 76, '2026-06-26 01:49:31');
INSERT INTO env_ml_predictions (id, zone_id, inversion_height, predicted_aqi, risk_level, created_at) VALUES (191, 8, 651.96, 79.8, 'warning', '2026-06-26 01:49:31');
INSERT INTO env_sensor_readings (id, zone_id, pm25, pm10, no2, co, o3, temperature, humidity, wind_speed, aqi, recorded_at) VALUES (192, 8, 135.74, 164.18, 14.48, 2.23, 38.86, 25.52, 59.64, 2.67, 188, '2026-06-26 00:49:31');
INSERT INTO env_ml_predictions (id, zone_id, inversion_height, predicted_aqi, risk_level, created_at) VALUES (192, 8, 773.7, 186.14, 'danger', '2026-06-26 00:49:31');
INSERT INTO env_alerts (id, zone_id, alert_type, severity, message, value, threshold, created_at) VALUES (78, 8, 'High PM2.5 Concentration', 'critical', 'Kualitas udara tidak sehat terdeteksi dengan skor AQI 188', 135.74, 55.0, '2026-06-26 00:49:31');
INSERT INTO env_sensor_readings (id, zone_id, pm25, pm10, no2, co, o3, temperature, humidity, wind_speed, aqi, recorded_at) VALUES (193, 9, 44.72, 65.87, 37.14, 2.0, 35.09, 29.78, 67.58, 13.48, 68, '2026-06-26 23:49:31');
INSERT INTO env_ml_predictions (id, zone_id, inversion_height, predicted_aqi, risk_level, created_at) VALUES (193, 9, 716.0, 66.97, 'warning', '2026-06-26 23:49:31');
INSERT INTO env_sensor_readings (id, zone_id, pm25, pm10, no2, co, o3, temperature, humidity, wind_speed, aqi, recorded_at) VALUES (194, 9, 112.45, 157.65, 18.19, 2.42, 51.4, 32.26, 65.5, 12.99, 158, '2026-06-26 22:49:31');
INSERT INTO env_ml_predictions (id, zone_id, inversion_height, predicted_aqi, risk_level, created_at) VALUES (194, 9, 343.61, 151.48, 'danger', '2026-06-26 22:49:31');
INSERT INTO env_alerts (id, zone_id, alert_type, severity, message, value, threshold, created_at) VALUES (79, 9, 'High PM2.5 Concentration', 'high', 'Kualitas udara tidak sehat terdeteksi dengan skor AQI 158', 112.45, 55.0, '2026-06-26 22:49:31');
INSERT INTO env_sensor_readings (id, zone_id, pm25, pm10, no2, co, o3, temperature, humidity, wind_speed, aqi, recorded_at) VALUES (195, 9, 27.52, 42.85, 42.63, 1.77, 53.43, 25.26, 79.71, 11.0, 45, '2026-06-26 21:49:31');
INSERT INTO env_ml_predictions (id, zone_id, inversion_height, predicted_aqi, risk_level, created_at) VALUES (195, 9, 496.28, 49.11, 'safe', '2026-06-26 21:49:31');
INSERT INTO env_sensor_readings (id, zone_id, pm25, pm10, no2, co, o3, temperature, humidity, wind_speed, aqi, recorded_at) VALUES (196, 9, 13.04, 16.19, 26.5, 2.37, 44.93, 30.16, 88.74, 3.98, 29, '2026-06-26 20:49:31');
INSERT INTO env_ml_predictions (id, zone_id, inversion_height, predicted_aqi, risk_level, created_at) VALUES (196, 9, 681.51, 31.24, 'safe', '2026-06-26 20:49:31');
INSERT INTO env_sensor_readings (id, zone_id, pm25, pm10, no2, co, o3, temperature, humidity, wind_speed, aqi, recorded_at) VALUES (197, 9, 66.46, 100.31, 10.86, 0.71, 49.02, 32.61, 84.88, 11.12, 90, '2026-06-26 19:49:31');
INSERT INTO env_ml_predictions (id, zone_id, inversion_height, predicted_aqi, risk_level, created_at) VALUES (197, 9, 659.9, 82.94, 'warning', '2026-06-26 19:49:31');
INSERT INTO env_sensor_readings (id, zone_id, pm25, pm10, no2, co, o3, temperature, humidity, wind_speed, aqi, recorded_at) VALUES (198, 9, 65.61, 80.11, 18.68, 0.64, 36.44, 32.76, 83.92, 12.58, 88, '2026-06-26 18:49:31');
INSERT INTO env_ml_predictions (id, zone_id, inversion_height, predicted_aqi, risk_level, created_at) VALUES (198, 9, 614.44, 92.0, 'warning', '2026-06-26 18:49:31');
INSERT INTO env_sensor_readings (id, zone_id, pm25, pm10, no2, co, o3, temperature, humidity, wind_speed, aqi, recorded_at) VALUES (199, 9, 112.14, 147.72, 22.97, 1.6, 57.92, 28.61, 80.99, 4.76, 154, '2026-06-26 17:49:31');
INSERT INTO env_ml_predictions (id, zone_id, inversion_height, predicted_aqi, risk_level, created_at) VALUES (199, 9, 738.89, 139.56, 'warning', '2026-06-26 17:49:31');
INSERT INTO env_alerts (id, zone_id, alert_type, severity, message, value, threshold, created_at) VALUES (80, 9, 'High PM2.5 Concentration', 'high', 'Kualitas udara tidak sehat terdeteksi dengan skor AQI 154', 112.14, 55.0, '2026-06-26 17:49:31');
INSERT INTO env_sensor_readings (id, zone_id, pm25, pm10, no2, co, o3, temperature, humidity, wind_speed, aqi, recorded_at) VALUES (200, 9, 115.7, 164.11, 23.85, 1.25, 33.67, 33.79, 62.27, 3.78, 157, '2026-06-26 16:49:31');
INSERT INTO env_ml_predictions (id, zone_id, inversion_height, predicted_aqi, risk_level, created_at) VALUES (200, 9, 548.73, 178.6, 'danger', '2026-06-26 16:49:31');
INSERT INTO env_alerts (id, zone_id, alert_type, severity, message, value, threshold, created_at) VALUES (81, 9, 'High PM2.5 Concentration', 'high', 'Kualitas udara tidak sehat terdeteksi dengan skor AQI 157', 115.7, 55.0, '2026-06-26 16:49:31');
INSERT INTO env_sensor_readings (id, zone_id, pm25, pm10, no2, co, o3, temperature, humidity, wind_speed, aqi, recorded_at) VALUES (201, 9, 70.2, 98.0, 23.4, 0.65, 34.58, 26.78, 71.73, 10.31, 95, '2026-06-26 15:49:31');
INSERT INTO env_ml_predictions (id, zone_id, inversion_height, predicted_aqi, risk_level, created_at) VALUES (201, 9, 637.74, 90.3, 'warning', '2026-06-26 15:49:31');
INSERT INTO env_sensor_readings (id, zone_id, pm25, pm10, no2, co, o3, temperature, humidity, wind_speed, aqi, recorded_at) VALUES (202, 9, 65.69, 90.5, 26.93, 2.29, 19.86, 32.33, 72.45, 13.8, 97, '2026-06-26 14:49:31');
INSERT INTO env_ml_predictions (id, zone_id, inversion_height, predicted_aqi, risk_level, created_at) VALUES (202, 9, 422.11, 93.42, 'warning', '2026-06-26 14:49:31');
INSERT INTO env_sensor_readings (id, zone_id, pm25, pm10, no2, co, o3, temperature, humidity, wind_speed, aqi, recorded_at) VALUES (203, 9, 137.92, 178.86, 23.04, 0.93, 54.9, 27.44, 80.16, 1.4, 184, '2026-06-26 13:49:31');
INSERT INTO env_ml_predictions (id, zone_id, inversion_height, predicted_aqi, risk_level, created_at) VALUES (203, 9, 272.74, 177.18, 'danger', '2026-06-26 13:49:31');
INSERT INTO env_alerts (id, zone_id, alert_type, severity, message, value, threshold, created_at) VALUES (82, 9, 'High PM2.5 Concentration', 'critical', 'Kualitas udara tidak sehat terdeteksi dengan skor AQI 184', 137.92, 55.0, '2026-06-26 13:49:31');
INSERT INTO env_sensor_readings (id, zone_id, pm25, pm10, no2, co, o3, temperature, humidity, wind_speed, aqi, recorded_at) VALUES (204, 9, 75.01, 109.54, 29.77, 2.17, 25.68, 30.24, 76.74, 10.95, 108, '2026-06-26 12:49:31');
INSERT INTO env_ml_predictions (id, zone_id, inversion_height, predicted_aqi, risk_level, created_at) VALUES (204, 9, 738.5, 120.67, 'warning', '2026-06-26 12:49:31');
INSERT INTO env_sensor_readings (id, zone_id, pm25, pm10, no2, co, o3, temperature, humidity, wind_speed, aqi, recorded_at) VALUES (205, 9, 111.41, 161.7, 7.64, 0.69, 50.32, 29.0, 78.49, 13.29, 148, '2026-06-26 11:49:31');
INSERT INTO env_ml_predictions (id, zone_id, inversion_height, predicted_aqi, risk_level, created_at) VALUES (205, 9, 342.43, 159.4, 'danger', '2026-06-26 11:49:31');
INSERT INTO env_alerts (id, zone_id, alert_type, severity, message, value, threshold, created_at) VALUES (83, 9, 'High PM2.5 Concentration', 'high', 'Kualitas udara tidak sehat terdeteksi dengan skor AQI 148', 111.41, 55.0, '2026-06-26 11:49:31');
INSERT INTO env_sensor_readings (id, zone_id, pm25, pm10, no2, co, o3, temperature, humidity, wind_speed, aqi, recorded_at) VALUES (206, 9, 36.55, 58.38, 30.36, 2.46, 39.01, 30.1, 61.12, 7.44, 60, '2026-06-26 10:49:31');
INSERT INTO env_ml_predictions (id, zone_id, inversion_height, predicted_aqi, risk_level, created_at) VALUES (206, 9, 249.08, 64.38, 'warning', '2026-06-26 10:49:31');
INSERT INTO env_sensor_readings (id, zone_id, pm25, pm10, no2, co, o3, temperature, humidity, wind_speed, aqi, recorded_at) VALUES (207, 9, 90.42, 140.58, 32.93, 0.24, 59.75, 33.13, 65.63, 15.0, 119, '2026-06-26 09:49:31');
INSERT INTO env_ml_predictions (id, zone_id, inversion_height, predicted_aqi, risk_level, created_at) VALUES (207, 9, 361.61, 113.91, 'warning', '2026-06-26 09:49:31');
INSERT INTO env_sensor_readings (id, zone_id, pm25, pm10, no2, co, o3, temperature, humidity, wind_speed, aqi, recorded_at) VALUES (208, 9, 115.69, 176.58, 41.28, 0.77, 36.22, 26.22, 55.26, 4.01, 154, '2026-06-26 08:49:31');
INSERT INTO env_ml_predictions (id, zone_id, inversion_height, predicted_aqi, risk_level, created_at) VALUES (208, 9, 210.1, 146.39, 'warning', '2026-06-26 08:49:31');
INSERT INTO env_alerts (id, zone_id, alert_type, severity, message, value, threshold, created_at) VALUES (84, 9, 'High PM2.5 Concentration', 'high', 'Kualitas udara tidak sehat terdeteksi dengan skor AQI 154', 115.69, 55.0, '2026-06-26 08:49:31');
INSERT INTO env_sensor_readings (id, zone_id, pm25, pm10, no2, co, o3, temperature, humidity, wind_speed, aqi, recorded_at) VALUES (209, 9, 19.84, 25.11, 10.93, 1.5, 44.38, 29.99, 72.8, 5.82, 33, '2026-06-26 07:49:31');
INSERT INTO env_ml_predictions (id, zone_id, inversion_height, predicted_aqi, risk_level, created_at) VALUES (209, 9, 253.26, 35.24, 'safe', '2026-06-26 07:49:31');
INSERT INTO env_sensor_readings (id, zone_id, pm25, pm10, no2, co, o3, temperature, humidity, wind_speed, aqi, recorded_at) VALUES (210, 9, 100.19, 146.12, 32.88, 0.38, 31.06, 33.39, 88.11, 3.69, 132, '2026-06-26 06:49:31');
INSERT INTO env_ml_predictions (id, zone_id, inversion_height, predicted_aqi, risk_level, created_at) VALUES (210, 9, 420.66, 138.25, 'warning', '2026-06-26 06:49:31');
INSERT INTO env_alerts (id, zone_id, alert_type, severity, message, value, threshold, created_at) VALUES (85, 9, 'High PM2.5 Concentration', 'high', 'Kualitas udara tidak sehat terdeteksi dengan skor AQI 132', 100.19, 55.0, '2026-06-26 06:49:31');
INSERT INTO env_sensor_readings (id, zone_id, pm25, pm10, no2, co, o3, temperature, humidity, wind_speed, aqi, recorded_at) VALUES (211, 9, 145.29, 181.18, 22.81, 0.12, 30.5, 26.81, 61.23, 8.08, 189, '2026-06-26 05:49:31');
INSERT INTO env_ml_predictions (id, zone_id, inversion_height, predicted_aqi, risk_level, created_at) VALUES (211, 9, 786.06, 203.15, 'danger', '2026-06-26 05:49:31');
INSERT INTO env_alerts (id, zone_id, alert_type, severity, message, value, threshold, created_at) VALUES (86, 9, 'High PM2.5 Concentration', 'critical', 'Kualitas udara tidak sehat terdeteksi dengan skor AQI 189', 145.29, 55.0, '2026-06-26 05:49:31');
INSERT INTO env_sensor_readings (id, zone_id, pm25, pm10, no2, co, o3, temperature, humidity, wind_speed, aqi, recorded_at) VALUES (212, 9, 95.41, 148.08, 41.12, 2.16, 13.27, 32.18, 68.21, 14.98, 135, '2026-06-26 04:49:31');
INSERT INTO env_ml_predictions (id, zone_id, inversion_height, predicted_aqi, risk_level, created_at) VALUES (212, 9, 677.82, 137.39, 'warning', '2026-06-26 04:49:31');
INSERT INTO env_alerts (id, zone_id, alert_type, severity, message, value, threshold, created_at) VALUES (87, 9, 'High PM2.5 Concentration', 'high', 'Kualitas udara tidak sehat terdeteksi dengan skor AQI 135', 95.41, 55.0, '2026-06-26 04:49:31');
INSERT INTO env_sensor_readings (id, zone_id, pm25, pm10, no2, co, o3, temperature, humidity, wind_speed, aqi, recorded_at) VALUES (213, 9, 141.46, 189.75, 34.01, 2.18, 32.59, 33.52, 71.67, 5.95, 195, '2026-06-26 03:49:31');
INSERT INTO env_ml_predictions (id, zone_id, inversion_height, predicted_aqi, risk_level, created_at) VALUES (213, 9, 512.82, 183.92, 'danger', '2026-06-26 03:49:31');
INSERT INTO env_alerts (id, zone_id, alert_type, severity, message, value, threshold, created_at) VALUES (88, 9, 'High PM2.5 Concentration', 'critical', 'Kualitas udara tidak sehat terdeteksi dengan skor AQI 195', 141.46, 55.0, '2026-06-26 03:49:31');
INSERT INTO env_sensor_readings (id, zone_id, pm25, pm10, no2, co, o3, temperature, humidity, wind_speed, aqi, recorded_at) VALUES (214, 9, 129.95, 163.21, 40.23, 0.16, 28.11, 31.29, 89.9, 11.99, 170, '2026-06-26 02:49:31');
INSERT INTO env_ml_predictions (id, zone_id, inversion_height, predicted_aqi, risk_level, created_at) VALUES (214, 9, 450.62, 179.15, 'danger', '2026-06-26 02:49:31');
INSERT INTO env_alerts (id, zone_id, alert_type, severity, message, value, threshold, created_at) VALUES (89, 9, 'High PM2.5 Concentration', 'critical', 'Kualitas udara tidak sehat terdeteksi dengan skor AQI 170', 129.95, 55.0, '2026-06-26 02:49:31');
INSERT INTO env_sensor_readings (id, zone_id, pm25, pm10, no2, co, o3, temperature, humidity, wind_speed, aqi, recorded_at) VALUES (215, 9, 138.9, 203.64, 16.1, 1.66, 56.33, 24.57, 64.98, 9.16, 189, '2026-06-26 01:49:31');
INSERT INTO env_ml_predictions (id, zone_id, inversion_height, predicted_aqi, risk_level, created_at) VALUES (215, 9, 448.38, 182.12, 'danger', '2026-06-26 01:49:31');
INSERT INTO env_alerts (id, zone_id, alert_type, severity, message, value, threshold, created_at) VALUES (90, 9, 'High PM2.5 Concentration', 'critical', 'Kualitas udara tidak sehat terdeteksi dengan skor AQI 189', 138.9, 55.0, '2026-06-26 01:49:31');
INSERT INTO env_sensor_readings (id, zone_id, pm25, pm10, no2, co, o3, temperature, humidity, wind_speed, aqi, recorded_at) VALUES (216, 9, 44.83, 63.72, 34.51, 1.7, 52.37, 28.72, 82.4, 2.62, 67, '2026-06-26 00:49:31');
INSERT INTO env_ml_predictions (id, zone_id, inversion_height, predicted_aqi, risk_level, created_at) VALUES (216, 9, 457.22, 73.48, 'warning', '2026-06-26 00:49:31');
INSERT INTO env_sensor_readings (id, zone_id, pm25, pm10, no2, co, o3, temperature, humidity, wind_speed, aqi, recorded_at) VALUES (217, 10, 60.08, 86.53, 9.72, 1.83, 31.09, 26.75, 55.77, 14.49, 87, '2026-06-26 23:49:31');
INSERT INTO env_ml_predictions (id, zone_id, inversion_height, predicted_aqi, risk_level, created_at) VALUES (217, 10, 265.46, 88.26, 'warning', '2026-06-26 23:49:31');
INSERT INTO env_sensor_readings (id, zone_id, pm25, pm10, no2, co, o3, temperature, humidity, wind_speed, aqi, recorded_at) VALUES (218, 10, 141.61, 222.37, 41.49, 1.6, 17.09, 30.15, 63.39, 10.24, 192, '2026-06-26 22:49:31');
INSERT INTO env_ml_predictions (id, zone_id, inversion_height, predicted_aqi, risk_level, created_at) VALUES (218, 10, 472.25, 201.18, 'danger', '2026-06-26 22:49:31');
INSERT INTO env_alerts (id, zone_id, alert_type, severity, message, value, threshold, created_at) VALUES (91, 10, 'High PM2.5 Concentration', 'critical', 'Kualitas udara tidak sehat terdeteksi dengan skor AQI 192', 141.61, 55.0, '2026-06-26 22:49:31');
INSERT INTO env_sensor_readings (id, zone_id, pm25, pm10, no2, co, o3, temperature, humidity, wind_speed, aqi, recorded_at) VALUES (219, 10, 45.54, 59.84, 28.0, 1.6, 45.15, 27.26, 56.99, 9.32, 67, '2026-06-26 21:49:31');
INSERT INTO env_ml_predictions (id, zone_id, inversion_height, predicted_aqi, risk_level, created_at) VALUES (219, 10, 587.72, 74.31, 'warning', '2026-06-26 21:49:31');
INSERT INTO env_sensor_readings (id, zone_id, pm25, pm10, no2, co, o3, temperature, humidity, wind_speed, aqi, recorded_at) VALUES (220, 10, 35.81, 48.16, 20.06, 0.88, 22.04, 30.03, 61.8, 4.29, 51, '2026-06-26 20:49:31');
INSERT INTO env_ml_predictions (id, zone_id, inversion_height, predicted_aqi, risk_level, created_at) VALUES (220, 10, 731.1, 57.83, 'warning', '2026-06-26 20:49:31');
INSERT INTO env_sensor_readings (id, zone_id, pm25, pm10, no2, co, o3, temperature, humidity, wind_speed, aqi, recorded_at) VALUES (221, 10, 52.26, 76.51, 17.59, 2.01, 31.89, 24.7, 58.22, 3.81, 78, '2026-06-26 19:49:31');
INSERT INTO env_ml_predictions (id, zone_id, inversion_height, predicted_aqi, risk_level, created_at) VALUES (221, 10, 489.2, 71.86, 'warning', '2026-06-26 19:49:31');
INSERT INTO env_sensor_readings (id, zone_id, pm25, pm10, no2, co, o3, temperature, humidity, wind_speed, aqi, recorded_at) VALUES (222, 10, 85.86, 110.81, 42.67, 1.58, 13.91, 31.65, 70.7, 2.42, 120, '2026-06-26 18:49:31');
INSERT INTO env_ml_predictions (id, zone_id, inversion_height, predicted_aqi, risk_level, created_at) VALUES (222, 10, 552.72, 115.79, 'warning', '2026-06-26 18:49:31');
INSERT INTO env_sensor_readings (id, zone_id, pm25, pm10, no2, co, o3, temperature, humidity, wind_speed, aqi, recorded_at) VALUES (223, 10, 93.8, 131.09, 32.65, 1.58, 59.26, 25.5, 57.97, 13.85, 130, '2026-06-26 17:49:31');
INSERT INTO env_ml_predictions (id, zone_id, inversion_height, predicted_aqi, risk_level, created_at) VALUES (223, 10, 604.22, 118.73, 'warning', '2026-06-26 17:49:31');
INSERT INTO env_alerts (id, zone_id, alert_type, severity, message, value, threshold, created_at) VALUES (92, 10, 'High PM2.5 Concentration', 'high', 'Kualitas udara tidak sehat terdeteksi dengan skor AQI 130', 93.8, 55.0, '2026-06-26 17:49:31');
INSERT INTO env_sensor_readings (id, zone_id, pm25, pm10, no2, co, o3, temperature, humidity, wind_speed, aqi, recorded_at) VALUES (224, 10, 133.6, 177.63, 15.64, 0.43, 24.62, 24.08, 63.4, 12.31, 176, '2026-06-26 16:49:31');
INSERT INTO env_ml_predictions (id, zone_id, inversion_height, predicted_aqi, risk_level, created_at) VALUES (224, 10, 679.16, 169.98, 'danger', '2026-06-26 16:49:31');
INSERT INTO env_alerts (id, zone_id, alert_type, severity, message, value, threshold, created_at) VALUES (93, 10, 'High PM2.5 Concentration', 'critical', 'Kualitas udara tidak sehat terdeteksi dengan skor AQI 176', 133.6, 55.0, '2026-06-26 16:49:31');
INSERT INTO env_sensor_readings (id, zone_id, pm25, pm10, no2, co, o3, temperature, humidity, wind_speed, aqi, recorded_at) VALUES (225, 10, 30.86, 48.26, 42.6, 0.82, 45.91, 29.97, 55.42, 4.85, 44, '2026-06-26 15:49:31');
INSERT INTO env_ml_predictions (id, zone_id, inversion_height, predicted_aqi, risk_level, created_at) VALUES (225, 10, 596.56, 47.99, 'safe', '2026-06-26 15:49:31');
INSERT INTO env_sensor_readings (id, zone_id, pm25, pm10, no2, co, o3, temperature, humidity, wind_speed, aqi, recorded_at) VALUES (226, 10, 134.42, 184.89, 33.68, 2.35, 15.88, 24.99, 60.58, 8.68, 186, '2026-06-26 14:49:31');
INSERT INTO env_ml_predictions (id, zone_id, inversion_height, predicted_aqi, risk_level, created_at) VALUES (226, 10, 770.03, 199.56, 'danger', '2026-06-26 14:49:31');
INSERT INTO env_alerts (id, zone_id, alert_type, severity, message, value, threshold, created_at) VALUES (94, 10, 'High PM2.5 Concentration', 'critical', 'Kualitas udara tidak sehat terdeteksi dengan skor AQI 186', 134.42, 55.0, '2026-06-26 14:49:31');
INSERT INTO env_sensor_readings (id, zone_id, pm25, pm10, no2, co, o3, temperature, humidity, wind_speed, aqi, recorded_at) VALUES (227, 10, 139.67, 189.73, 32.57, 0.34, 58.59, 24.23, 78.38, 8.34, 183, '2026-06-26 13:49:31');
INSERT INTO env_ml_predictions (id, zone_id, inversion_height, predicted_aqi, risk_level, created_at) VALUES (227, 10, 617.89, 188.04, 'danger', '2026-06-26 13:49:31');
INSERT INTO env_alerts (id, zone_id, alert_type, severity, message, value, threshold, created_at) VALUES (95, 10, 'High PM2.5 Concentration', 'critical', 'Kualitas udara tidak sehat terdeteksi dengan skor AQI 183', 139.67, 55.0, '2026-06-26 13:49:31');
INSERT INTO env_sensor_readings (id, zone_id, pm25, pm10, no2, co, o3, temperature, humidity, wind_speed, aqi, recorded_at) VALUES (228, 10, 90.19, 112.75, 16.0, 0.31, 28.38, 26.85, 88.42, 13.14, 119, '2026-06-26 12:49:31');
INSERT INTO env_ml_predictions (id, zone_id, inversion_height, predicted_aqi, risk_level, created_at) VALUES (228, 10, 733.34, 132.87, 'warning', '2026-06-26 12:49:31');
INSERT INTO env_sensor_readings (id, zone_id, pm25, pm10, no2, co, o3, temperature, humidity, wind_speed, aqi, recorded_at) VALUES (229, 10, 115.03, 173.94, 43.34, 1.12, 37.73, 31.22, 72.25, 3.04, 155, '2026-06-26 11:49:31');
INSERT INTO env_ml_predictions (id, zone_id, inversion_height, predicted_aqi, risk_level, created_at) VALUES (229, 10, 762.57, 169.58, 'danger', '2026-06-26 11:49:31');
INSERT INTO env_alerts (id, zone_id, alert_type, severity, message, value, threshold, created_at) VALUES (96, 10, 'High PM2.5 Concentration', 'high', 'Kualitas udara tidak sehat terdeteksi dengan skor AQI 155', 115.03, 55.0, '2026-06-26 11:49:31');
INSERT INTO env_sensor_readings (id, zone_id, pm25, pm10, no2, co, o3, temperature, humidity, wind_speed, aqi, recorded_at) VALUES (230, 10, 60.97, 89.16, 16.06, 0.8, 44.95, 33.17, 55.54, 6.12, 83, '2026-06-26 10:49:31');
INSERT INTO env_ml_predictions (id, zone_id, inversion_height, predicted_aqi, risk_level, created_at) VALUES (230, 10, 522.27, 76.35, 'warning', '2026-06-26 10:49:31');
INSERT INTO env_sensor_readings (id, zone_id, pm25, pm10, no2, co, o3, temperature, humidity, wind_speed, aqi, recorded_at) VALUES (231, 10, 104.34, 133.35, 19.55, 1.05, 36.8, 24.85, 57.85, 1.29, 141, '2026-06-26 09:49:31');
INSERT INTO env_ml_predictions (id, zone_id, inversion_height, predicted_aqi, risk_level, created_at) VALUES (231, 10, 370.42, 157.31, 'danger', '2026-06-26 09:49:31');
INSERT INTO env_alerts (id, zone_id, alert_type, severity, message, value, threshold, created_at) VALUES (97, 10, 'High PM2.5 Concentration', 'high', 'Kualitas udara tidak sehat terdeteksi dengan skor AQI 141', 104.34, 55.0, '2026-06-26 09:49:31');
INSERT INTO env_sensor_readings (id, zone_id, pm25, pm10, no2, co, o3, temperature, humidity, wind_speed, aqi, recorded_at) VALUES (232, 10, 50.97, 77.16, 44.79, 1.69, 40.8, 33.97, 79.09, 5.21, 75, '2026-06-26 08:49:31');
INSERT INTO env_ml_predictions (id, zone_id, inversion_height, predicted_aqi, risk_level, created_at) VALUES (232, 10, 765.52, 74.45, 'warning', '2026-06-26 08:49:31');
INSERT INTO env_sensor_readings (id, zone_id, pm25, pm10, no2, co, o3, temperature, humidity, wind_speed, aqi, recorded_at) VALUES (233, 10, 56.67, 76.04, 29.55, 2.05, 47.39, 33.22, 83.44, 5.11, 84, '2026-06-26 07:49:31');
INSERT INTO env_ml_predictions (id, zone_id, inversion_height, predicted_aqi, risk_level, created_at) VALUES (233, 10, 246.74, 79.1, 'warning', '2026-06-26 07:49:31');
INSERT INTO env_sensor_readings (id, zone_id, pm25, pm10, no2, co, o3, temperature, humidity, wind_speed, aqi, recorded_at) VALUES (234, 10, 149.75, 203.28, 32.29, 2.33, 32.99, 30.01, 85.03, 5.97, 206, '2026-06-26 06:49:31');
INSERT INTO env_ml_predictions (id, zone_id, inversion_height, predicted_aqi, risk_level, created_at) VALUES (234, 10, 712.25, 232.94, 'danger', '2026-06-26 06:49:31');
INSERT INTO env_alerts (id, zone_id, alert_type, severity, message, value, threshold, created_at) VALUES (98, 10, 'High PM2.5 Concentration', 'critical', 'Kualitas udara tidak sehat terdeteksi dengan skor AQI 206', 149.75, 55.0, '2026-06-26 06:49:31');
INSERT INTO env_sensor_readings (id, zone_id, pm25, pm10, no2, co, o3, temperature, humidity, wind_speed, aqi, recorded_at) VALUES (235, 10, 104.6, 131.81, 22.49, 0.56, 38.79, 30.53, 77.97, 1.22, 139, '2026-06-26 05:49:31');
INSERT INTO env_ml_predictions (id, zone_id, inversion_height, predicted_aqi, risk_level, created_at) VALUES (235, 10, 746.96, 128.71, 'warning', '2026-06-26 05:49:31');
INSERT INTO env_alerts (id, zone_id, alert_type, severity, message, value, threshold, created_at) VALUES (99, 10, 'High PM2.5 Concentration', 'high', 'Kualitas udara tidak sehat terdeteksi dengan skor AQI 139', 104.6, 55.0, '2026-06-26 05:49:31');
INSERT INTO env_sensor_readings (id, zone_id, pm25, pm10, no2, co, o3, temperature, humidity, wind_speed, aqi, recorded_at) VALUES (236, 10, 142.89, 198.51, 39.67, 1.52, 11.97, 30.82, 77.07, 3.02, 193, '2026-06-26 04:49:31');
INSERT INTO env_ml_predictions (id, zone_id, inversion_height, predicted_aqi, risk_level, created_at) VALUES (236, 10, 246.01, 193.51, 'danger', '2026-06-26 04:49:31');
INSERT INTO env_alerts (id, zone_id, alert_type, severity, message, value, threshold, created_at) VALUES (100, 10, 'High PM2.5 Concentration', 'critical', 'Kualitas udara tidak sehat terdeteksi dengan skor AQI 193', 142.89, 55.0, '2026-06-26 04:49:31');
INSERT INTO env_sensor_readings (id, zone_id, pm25, pm10, no2, co, o3, temperature, humidity, wind_speed, aqi, recorded_at) VALUES (237, 10, 120.94, 172.45, 23.8, 0.49, 56.89, 33.61, 86.0, 13.16, 160, '2026-06-26 03:49:31');
INSERT INTO env_ml_predictions (id, zone_id, inversion_height, predicted_aqi, risk_level, created_at) VALUES (237, 10, 261.15, 170.04, 'danger', '2026-06-26 03:49:31');
INSERT INTO env_alerts (id, zone_id, alert_type, severity, message, value, threshold, created_at) VALUES (101, 10, 'High PM2.5 Concentration', 'critical', 'Kualitas udara tidak sehat terdeteksi dengan skor AQI 160', 120.94, 55.0, '2026-06-26 03:49:31');
INSERT INTO env_sensor_readings (id, zone_id, pm25, pm10, no2, co, o3, temperature, humidity, wind_speed, aqi, recorded_at) VALUES (238, 10, 17.54, 26.04, 33.3, 0.4, 59.33, 24.69, 87.63, 5.77, 25, '2026-06-26 02:49:31');
INSERT INTO env_ml_predictions (id, zone_id, inversion_height, predicted_aqi, risk_level, created_at) VALUES (238, 10, 281.71, 23.76, 'safe', '2026-06-26 02:49:31');
INSERT INTO env_sensor_readings (id, zone_id, pm25, pm10, no2, co, o3, temperature, humidity, wind_speed, aqi, recorded_at) VALUES (239, 10, 59.12, 73.25, 8.94, 0.84, 54.94, 25.95, 66.91, 9.34, 81, '2026-06-26 01:49:31');
INSERT INTO env_ml_predictions (id, zone_id, inversion_height, predicted_aqi, risk_level, created_at) VALUES (239, 10, 234.92, 83.31, 'warning', '2026-06-26 01:49:31');
INSERT INTO env_sensor_readings (id, zone_id, pm25, pm10, no2, co, o3, temperature, humidity, wind_speed, aqi, recorded_at) VALUES (240, 10, 45.81, 59.12, 31.23, 0.32, 35.58, 24.88, 75.15, 7.37, 61, '2026-06-26 00:49:31');
INSERT INTO env_ml_predictions (id, zone_id, inversion_height, predicted_aqi, risk_level, created_at) VALUES (240, 10, 523.1, 58.06, 'warning', '2026-06-26 00:49:31');

-- TRUNCATE & INSERT SESSIONS & HEALTH EXPOSURES
TRUNCATE TABLE citizen_activity_sessions;
TRUNCATE TABLE citizen_health_exposures;
INSERT INTO citizen_activity_sessions (id, citizen_id, citizen_device_id, zone_id, activity_type, avg_heart_rate, max_heart_rate, started_at, ended_at, duration_minutes, status) VALUES (1, 232, 44, 6, 'running', 137, 178, '2026-06-26 16:08:31', '2026-06-26 16:49:31', 41, 'completed');
INSERT INTO citizen_health_exposures (id, citizen_id, session_id, zone_id, predicted_aqi, total_air_inhaled_liters, pm25_retained_micrograms, co_exposure_index, cumulative_toxic_load_score, temporary_lung_capacity_drop_percentage, recovery_time_hours, clinical_guidance_message) VALUES (1, 232, 1, 6, 30, 2050.0, 16.2215, 1.62, 8.92, 7.14, 0.9, 'Paparan polusi cukup tinggi selama beraktivitas. Disarankan istirahat di dalam ruangan tertutup atau gunakan masker N95.');
INSERT INTO citizen_activity_sessions (id, citizen_id, citizen_device_id, zone_id, activity_type, avg_heart_rate, max_heart_rate, started_at, ended_at, duration_minutes, status) VALUES (2, 138, 15, 3, 'rest', 73, 78, '2026-06-26 12:34:31', '2026-06-26 12:49:31', 15, 'completed');
INSERT INTO citizen_health_exposures (id, citizen_id, session_id, zone_id, predicted_aqi, total_air_inhaled_liters, pm25_retained_micrograms, co_exposure_index, cumulative_toxic_load_score, temporary_lung_capacity_drop_percentage, recovery_time_hours, clinical_guidance_message) VALUES (2, 138, 2, 3, 188, 112.5, 8.6079, 0.2, 3.74, 2.99, 0.4, 'Kondisi aman. Tetap jaga hidrasi tubuh Anda.');
INSERT INTO citizen_activity_sessions (id, citizen_id, citizen_device_id, zone_id, activity_type, avg_heart_rate, max_heart_rate, started_at, ended_at, duration_minutes, status) VALUES (3, 167, 39, 1, 'running', 139, 174, '2026-06-26 02:04:31', '2026-06-26 02:49:31', 45, 'completed');
INSERT INTO citizen_health_exposures (id, citizen_id, session_id, zone_id, predicted_aqi, total_air_inhaled_liters, pm25_retained_micrograms, co_exposure_index, cumulative_toxic_load_score, temporary_lung_capacity_drop_percentage, recovery_time_hours, clinical_guidance_message) VALUES (3, 167, 3, 1, 174, 2250.0, 177.6674, 0.77, 72.22, 15.0, 1.1, 'Paparan polusi cukup tinggi selama beraktivitas. Disarankan istirahat di dalam ruangan tertutup atau gunakan masker N95.');
INSERT INTO citizen_activity_sessions (id, citizen_id, citizen_device_id, zone_id, activity_type, avg_heart_rate, max_heart_rate, started_at, ended_at, duration_minutes, status) VALUES (4, 84, 126, 3, 'walking', 101, 121, '2026-06-26 10:20:31', '2026-06-26 11:49:31', 89, 'completed');
INSERT INTO citizen_health_exposures (id, citizen_id, session_id, zone_id, predicted_aqi, total_air_inhaled_liters, pm25_retained_micrograms, co_exposure_index, cumulative_toxic_load_score, temporary_lung_capacity_drop_percentage, recovery_time_hours, clinical_guidance_message) VALUES (4, 84, 4, 3, 90, 1780.0, 79.3025, 0.8, 32.92, 15.0, 2.0, 'Paparan polusi cukup tinggi selama beraktivitas. Disarankan istirahat di dalam ruangan tertutup atau gunakan masker N95.');
INSERT INTO citizen_activity_sessions (id, citizen_id, citizen_device_id, zone_id, activity_type, avg_heart_rate, max_heart_rate, started_at, ended_at, duration_minutes, status) VALUES (5, 25, 9, 6, 'running', 157, 176, '2026-06-26 19:04:31', '2026-06-26 19:49:31', 45, 'completed');
INSERT INTO citizen_health_exposures (id, citizen_id, session_id, zone_id, predicted_aqi, total_air_inhaled_liters, pm25_retained_micrograms, co_exposure_index, cumulative_toxic_load_score, temporary_lung_capacity_drop_percentage, recovery_time_hours, clinical_guidance_message) VALUES (5, 25, 5, 6, 129, 2250.0, 110.3677, 1.37, 46.2, 15.0, 1.4, 'Paparan polusi cukup tinggi selama beraktivitas. Disarankan istirahat di dalam ruangan tertutup atau gunakan masker N95.');
INSERT INTO citizen_activity_sessions (id, citizen_id, citizen_device_id, zone_id, activity_type, avg_heart_rate, max_heart_rate, started_at, ended_at, duration_minutes, status) VALUES (6, 66, 65, 8, 'walking', 108, 117, '2026-06-26 06:47:31', '2026-06-26 07:49:31', 62, 'completed');
INSERT INTO citizen_health_exposures (id, citizen_id, session_id, zone_id, predicted_aqi, total_air_inhaled_liters, pm25_retained_micrograms, co_exposure_index, cumulative_toxic_load_score, temporary_lung_capacity_drop_percentage, recovery_time_hours, clinical_guidance_message) VALUES (6, 66, 6, 8, 142, 1240.0, 70.1231, 1.21, 29.86, 15.0, 2.1, 'Paparan polusi cukup tinggi selama beraktivitas. Disarankan istirahat di dalam ruangan tertutup atau gunakan masker N95.');
INSERT INTO citizen_activity_sessions (id, citizen_id, citizen_device_id, zone_id, activity_type, avg_heart_rate, max_heart_rate, started_at, ended_at, duration_minutes, status) VALUES (7, 26, 5, 10, 'walking', 85, 113, '2026-06-26 13:30:31', '2026-06-26 13:49:31', 19, 'completed');
INSERT INTO citizen_health_exposures (id, citizen_id, session_id, zone_id, predicted_aqi, total_air_inhaled_liters, pm25_retained_micrograms, co_exposure_index, cumulative_toxic_load_score, temporary_lung_capacity_drop_percentage, recovery_time_hours, clinical_guidance_message) VALUES (7, 26, 7, 10, 183, 380.0, 36.2759, 0.11, 14.68, 11.74, 0.6, 'Paparan polusi cukup tinggi selama beraktivitas. Disarankan istirahat di dalam ruangan tertutup atau gunakan masker N95.');
INSERT INTO citizen_activity_sessions (id, citizen_id, citizen_device_id, zone_id, activity_type, avg_heart_rate, max_heart_rate, started_at, ended_at, duration_minutes, status) VALUES (8, 228, 72, 8, 'rest', 75, 84, '2026-06-26 20:04:31', '2026-06-26 20:49:31', 45, 'completed');
INSERT INTO citizen_health_exposures (id, citizen_id, session_id, zone_id, predicted_aqi, total_air_inhaled_liters, pm25_retained_micrograms, co_exposure_index, cumulative_toxic_load_score, temporary_lung_capacity_drop_percentage, recovery_time_hours, clinical_guidance_message) VALUES (8, 228, 8, 8, 50, 337.5, 6.0658, 0.61, 3.34, 2.67, 1.2, 'Kondisi aman. Tetap jaga hidrasi tubuh Anda.');
INSERT INTO citizen_activity_sessions (id, citizen_id, citizen_device_id, zone_id, activity_type, avg_heart_rate, max_heart_rate, started_at, ended_at, duration_minutes, status) VALUES (9, 204, 30, 6, 'walking', 109, 111, '2026-06-26 14:59:31', '2026-06-26 15:49:31', 50, 'completed');
INSERT INTO citizen_health_exposures (id, citizen_id, session_id, zone_id, predicted_aqi, total_air_inhaled_liters, pm25_retained_micrograms, co_exposure_index, cumulative_toxic_load_score, temporary_lung_capacity_drop_percentage, recovery_time_hours, clinical_guidance_message) VALUES (9, 204, 9, 6, 86, 1000.0, 33.9422, 0.32, 14.06, 11.25, 1.1, 'Paparan polusi cukup tinggi selama beraktivitas. Disarankan istirahat di dalam ruangan tertutup atau gunakan masker N95.');
INSERT INTO citizen_activity_sessions (id, citizen_id, citizen_device_id, zone_id, activity_type, avg_heart_rate, max_heart_rate, started_at, ended_at, duration_minutes, status) VALUES (10, 102, 102, 1, 'running', 134, 182, '2026-06-26 14:18:31', '2026-06-26 14:49:31', 31, 'completed');
INSERT INTO citizen_health_exposures (id, citizen_id, session_id, zone_id, predicted_aqi, total_air_inhaled_liters, pm25_retained_micrograms, co_exposure_index, cumulative_toxic_load_score, temporary_lung_capacity_drop_percentage, recovery_time_hours, clinical_guidance_message) VALUES (10, 102, 10, 1, 42, 1550.0, 22.033, 0.54, 9.62, 7.7, 0.7, 'Paparan polusi cukup tinggi selama beraktivitas. Disarankan istirahat di dalam ruangan tertutup atau gunakan masker N95.');
INSERT INTO citizen_activity_sessions (id, citizen_id, citizen_device_id, zone_id, activity_type, avg_heart_rate, max_heart_rate, started_at, ended_at, duration_minutes, status) VALUES (11, 76, 69, 4, 'walking', 92, 123, '2026-06-26 21:19:31', '2026-06-26 21:49:31', 30, 'completed');
INSERT INTO citizen_health_exposures (id, citizen_id, session_id, zone_id, predicted_aqi, total_air_inhaled_liters, pm25_retained_micrograms, co_exposure_index, cumulative_toxic_load_score, temporary_lung_capacity_drop_percentage, recovery_time_hours, clinical_guidance_message) VALUES (11, 76, 11, 4, 206, 600.0, 52.2643, 1.19, 22.69, 15.0, 0.8, 'Paparan polusi cukup tinggi selama beraktivitas. Disarankan istirahat di dalam ruangan tertutup atau gunakan masker N95.');
INSERT INTO citizen_activity_sessions (id, citizen_id, citizen_device_id, zone_id, activity_type, avg_heart_rate, max_heart_rate, started_at, ended_at, duration_minutes, status) VALUES (12, 70, 133, 6, 'walking', 108, 115, '2026-06-26 06:41:31', '2026-06-26 07:49:31', 68, 'completed');
INSERT INTO citizen_health_exposures (id, citizen_id, session_id, zone_id, predicted_aqi, total_air_inhaled_liters, pm25_retained_micrograms, co_exposure_index, cumulative_toxic_load_score, temporary_lung_capacity_drop_percentage, recovery_time_hours, clinical_guidance_message) VALUES (12, 70, 12, 6, 154, 1360.0, 95.1758, 1.29, 40.01, 15.0, 1.7, 'Paparan polusi cukup tinggi selama beraktivitas. Disarankan istirahat di dalam ruangan tertutup atau gunakan masker N95.');
INSERT INTO citizen_activity_sessions (id, citizen_id, citizen_device_id, zone_id, activity_type, avg_heart_rate, max_heart_rate, started_at, ended_at, duration_minutes, status) VALUES (13, 158, 25, 10, 'running', 151, 168, '2026-06-26 18:26:31', '2026-06-26 18:49:31', 23, 'completed');
INSERT INTO citizen_health_exposures (id, citizen_id, session_id, zone_id, predicted_aqi, total_air_inhaled_liters, pm25_retained_micrograms, co_exposure_index, cumulative_toxic_load_score, temporary_lung_capacity_drop_percentage, recovery_time_hours, clinical_guidance_message) VALUES (13, 158, 13, 10, 120, 1150.0, 66.1946, 0.61, 27.39, 15.0, 0.5, 'Paparan polusi cukup tinggi selama beraktivitas. Disarankan istirahat di dalam ruangan tertutup atau gunakan masker N95.');
INSERT INTO citizen_activity_sessions (id, citizen_id, citizen_device_id, zone_id, activity_type, avg_heart_rate, max_heart_rate, started_at, ended_at, duration_minutes, status) VALUES (14, 213, 61, 1, 'walking', 101, 121, '2026-06-26 06:00:31', '2026-06-26 06:49:31', 49, 'completed');
INSERT INTO citizen_health_exposures (id, citizen_id, session_id, zone_id, predicted_aqi, total_air_inhaled_liters, pm25_retained_micrograms, co_exposure_index, cumulative_toxic_load_score, temporary_lung_capacity_drop_percentage, recovery_time_hours, clinical_guidance_message) VALUES (14, 213, 14, 1, 119, 980.0, 44.5582, 0.49, 18.56, 14.85, 1.2, 'Paparan polusi cukup tinggi selama beraktivitas. Disarankan istirahat di dalam ruangan tertutup atau gunakan masker N95.');
INSERT INTO citizen_activity_sessions (id, citizen_id, citizen_device_id, zone_id, activity_type, avg_heart_rate, max_heart_rate, started_at, ended_at, duration_minutes, status) VALUES (15, 205, 130, 8, 'rest', 75, 79, '2026-06-26 13:33:31', '2026-06-26 13:49:31', 16, 'completed');
INSERT INTO citizen_health_exposures (id, citizen_id, session_id, zone_id, predicted_aqi, total_air_inhaled_liters, pm25_retained_micrograms, co_exposure_index, cumulative_toxic_load_score, temporary_lung_capacity_drop_percentage, recovery_time_hours, clinical_guidance_message) VALUES (15, 205, 15, 8, 135, 120.0, 6.2924, 0.23, 2.86, 2.29, 0.4, 'Kondisi aman. Tetap jaga hidrasi tubuh Anda.');
INSERT INTO citizen_activity_sessions (id, citizen_id, citizen_device_id, zone_id, activity_type, avg_heart_rate, max_heart_rate, started_at, ended_at, duration_minutes, status) VALUES (16, 71, 93, 1, 'walking', 87, 120, '2026-06-26 10:33:31', '2026-06-26 11:49:31', 76, 'completed');
INSERT INTO citizen_health_exposures (id, citizen_id, session_id, zone_id, predicted_aqi, total_air_inhaled_liters, pm25_retained_micrograms, co_exposure_index, cumulative_toxic_load_score, temporary_lung_capacity_drop_percentage, recovery_time_hours, clinical_guidance_message) VALUES (16, 71, 16, 1, 53, 1520.0, 30.7829, 0.94, 13.72, 10.98, 2.4, 'Paparan polusi cukup tinggi selama beraktivitas. Disarankan istirahat di dalam ruangan tertutup atau gunakan masker N95.');
INSERT INTO citizen_activity_sessions (id, citizen_id, citizen_device_id, zone_id, activity_type, avg_heart_rate, max_heart_rate, started_at, ended_at, duration_minutes, status) VALUES (17, 11, 98, 6, 'rest', 73, 76, '2026-06-26 16:34:31', '2026-06-26 16:49:31', 15, 'completed');
INSERT INTO citizen_health_exposures (id, citizen_id, session_id, zone_id, predicted_aqi, total_air_inhaled_liters, pm25_retained_micrograms, co_exposure_index, cumulative_toxic_load_score, temporary_lung_capacity_drop_percentage, recovery_time_hours, clinical_guidance_message) VALUES (17, 11, 17, 6, 30, 112.5, 1.0511, 0.59, 1.31, 1.05, 0.4, 'Kondisi aman. Tetap jaga hidrasi tubuh Anda.');
INSERT INTO citizen_activity_sessions (id, citizen_id, citizen_device_id, zone_id, activity_type, avg_heart_rate, max_heart_rate, started_at, ended_at, duration_minutes, status) VALUES (18, 130, 20, 4, 'running', 131, 170, '2026-06-26 10:02:31', '2026-06-26 10:49:31', 47, 'completed');
INSERT INTO citizen_health_exposures (id, citizen_id, session_id, zone_id, predicted_aqi, total_air_inhaled_liters, pm25_retained_micrograms, co_exposure_index, cumulative_toxic_load_score, temporary_lung_capacity_drop_percentage, recovery_time_hours, clinical_guidance_message) VALUES (18, 130, 18, 4, 48, 2350.0, 44.6795, 0.44, 18.53, 14.82, 1.2, 'Paparan polusi cukup tinggi selama beraktivitas. Disarankan istirahat di dalam ruangan tertutup atau gunakan masker N95.');
INSERT INTO citizen_activity_sessions (id, citizen_id, citizen_device_id, zone_id, activity_type, avg_heart_rate, max_heart_rate, started_at, ended_at, duration_minutes, status) VALUES (19, 248, 78, 5, 'walking', 92, 112, '2026-06-26 06:36:31', '2026-06-26 07:49:31', 73, 'completed');
INSERT INTO citizen_health_exposures (id, citizen_id, session_id, zone_id, predicted_aqi, total_air_inhaled_liters, pm25_retained_micrograms, co_exposure_index, cumulative_toxic_load_score, temporary_lung_capacity_drop_percentage, recovery_time_hours, clinical_guidance_message) VALUES (19, 248, 19, 5, 180, 1460.0, 133.6516, 0.41, 54.08, 15.0, 1.9, 'Paparan polusi cukup tinggi selama beraktivitas. Disarankan istirahat di dalam ruangan tertutup atau gunakan masker N95.');
INSERT INTO citizen_activity_sessions (id, citizen_id, citizen_device_id, zone_id, activity_type, avg_heart_rate, max_heart_rate, started_at, ended_at, duration_minutes, status) VALUES (20, 45, 98, 8, 'walking', 100, 125, '2026-06-26 10:26:31', '2026-06-26 11:49:31', 83, 'completed');
INSERT INTO citizen_health_exposures (id, citizen_id, session_id, zone_id, predicted_aqi, total_air_inhaled_liters, pm25_retained_micrograms, co_exposure_index, cumulative_toxic_load_score, temporary_lung_capacity_drop_percentage, recovery_time_hours, clinical_guidance_message) VALUES (20, 45, 20, 8, 81, 1660.0, 46.6612, 3.25, 23.54, 15.0, 2.7, 'Paparan polusi cukup tinggi selama beraktivitas. Disarankan istirahat di dalam ruangan tertutup atau gunakan masker N95.');
INSERT INTO citizen_activity_sessions (id, citizen_id, citizen_device_id, zone_id, activity_type, avg_heart_rate, max_heart_rate, started_at, ended_at, duration_minutes, status) VALUES (21, 2, 63, 7, 'running', 153, 174, '2026-06-26 23:26:31', '2026-06-26 23:49:31', 23, 'completed');
INSERT INTO citizen_health_exposures (id, citizen_id, session_id, zone_id, predicted_aqi, total_air_inhaled_liters, pm25_retained_micrograms, co_exposure_index, cumulative_toxic_load_score, temporary_lung_capacity_drop_percentage, recovery_time_hours, clinical_guidance_message) VALUES (21, 2, 21, 7, 105, 1150.0, 55.4502, 0.28, 22.6, 15.0, 0.5, 'Paparan polusi cukup tinggi selama beraktivitas. Disarankan istirahat di dalam ruangan tertutup atau gunakan masker N95.');
INSERT INTO citizen_activity_sessions (id, citizen_id, citizen_device_id, zone_id, activity_type, avg_heart_rate, max_heart_rate, started_at, ended_at, duration_minutes, status) VALUES (22, 238, 133, 1, 'rest', 64, 78, '2026-06-26 01:02:31', '2026-06-26 01:49:31', 47, 'completed');
INSERT INTO citizen_health_exposures (id, citizen_id, session_id, zone_id, predicted_aqi, total_air_inhaled_liters, pm25_retained_micrograms, co_exposure_index, cumulative_toxic_load_score, temporary_lung_capacity_drop_percentage, recovery_time_hours, clinical_guidance_message) VALUES (22, 238, 22, 1, 150, 352.5, 27.1593, 0.1, 11.01, 8.81, 1.3, 'Paparan polusi cukup tinggi selama beraktivitas. Disarankan istirahat di dalam ruangan tertutup atau gunakan masker N95.');
INSERT INTO citizen_activity_sessions (id, citizen_id, citizen_device_id, zone_id, activity_type, avg_heart_rate, max_heart_rate, started_at, ended_at, duration_minutes, status) VALUES (23, 230, 13, 6, 'walking', 90, 117, '2026-06-26 20:56:31', '2026-06-26 21:49:31', 53, 'completed');
INSERT INTO citizen_health_exposures (id, citizen_id, session_id, zone_id, predicted_aqi, total_air_inhaled_liters, pm25_retained_micrograms, co_exposure_index, cumulative_toxic_load_score, temporary_lung_capacity_drop_percentage, recovery_time_hours, clinical_guidance_message) VALUES (23, 230, 23, 6, 89, 1060.0, 43.0272, 1.17, 18.97, 15.0, 1.7, 'Paparan polusi cukup tinggi selama beraktivitas. Disarankan istirahat di dalam ruangan tertutup atau gunakan masker N95.');
INSERT INTO citizen_activity_sessions (id, citizen_id, citizen_device_id, zone_id, activity_type, avg_heart_rate, max_heart_rate, started_at, ended_at, duration_minutes, status) VALUES (24, 152, 12, 8, 'walking', 87, 115, '2026-06-26 18:58:31', '2026-06-26 19:49:31', 51, 'completed');
INSERT INTO citizen_health_exposures (id, citizen_id, session_id, zone_id, predicted_aqi, total_air_inhaled_liters, pm25_retained_micrograms, co_exposure_index, cumulative_toxic_load_score, temporary_lung_capacity_drop_percentage, recovery_time_hours, clinical_guidance_message) VALUES (24, 152, 24, 8, 150, 1020.0, 75.0828, 0.09, 30.17, 15.0, 1.2, 'Paparan polusi cukup tinggi selama beraktivitas. Disarankan istirahat di dalam ruangan tertutup atau gunakan masker N95.');
INSERT INTO citizen_activity_sessions (id, citizen_id, citizen_device_id, zone_id, activity_type, avg_heart_rate, max_heart_rate, started_at, ended_at, duration_minutes, status) VALUES (25, 43, 94, 7, 'rest', 74, 75, '2026-06-26 12:16:31', '2026-06-26 12:49:31', 33, 'completed');
INSERT INTO citizen_health_exposures (id, citizen_id, session_id, zone_id, predicted_aqi, total_air_inhaled_liters, pm25_retained_micrograms, co_exposure_index, cumulative_toxic_load_score, temporary_lung_capacity_drop_percentage, recovery_time_hours, clinical_guidance_message) VALUES (25, 43, 25, 7, 142, 247.5, 13.1245, 0.69, 6.28, 5.02, 0.7, 'Paparan polusi cukup tinggi selama beraktivitas. Disarankan istirahat di dalam ruangan tertutup atau gunakan masker N95.');
INSERT INTO citizen_activity_sessions (id, citizen_id, citizen_device_id, zone_id, activity_type, avg_heart_rate, max_heart_rate, started_at, ended_at, duration_minutes, status) VALUES (26, 135, 36, 5, 'rest', 70, 80, '2026-06-26 08:27:31', '2026-06-26 09:49:31', 82, 'completed');
INSERT INTO citizen_health_exposures (id, citizen_id, session_id, zone_id, predicted_aqi, total_air_inhaled_liters, pm25_retained_micrograms, co_exposure_index, cumulative_toxic_load_score, temporary_lung_capacity_drop_percentage, recovery_time_hours, clinical_guidance_message) VALUES (26, 135, 26, 5, 181, 615.0, 49.8394, 1.27, 21.84, 15.0, 2.3, 'Paparan polusi cukup tinggi selama beraktivitas. Disarankan istirahat di dalam ruangan tertutup atau gunakan masker N95.');
INSERT INTO citizen_activity_sessions (id, citizen_id, citizen_device_id, zone_id, activity_type, avg_heart_rate, max_heart_rate, started_at, ended_at, duration_minutes, status) VALUES (27, 90, 57, 3, 'walking', 104, 112, '2026-06-26 23:03:31', '2026-06-26 23:49:31', 46, 'completed');
INSERT INTO citizen_health_exposures (id, citizen_id, session_id, zone_id, predicted_aqi, total_air_inhaled_liters, pm25_retained_micrograms, co_exposure_index, cumulative_toxic_load_score, temporary_lung_capacity_drop_percentage, recovery_time_hours, clinical_guidance_message) VALUES (27, 90, 27, 3, 66, 920.0, 26.5375, 0.57, 11.47, 9.18, 1.1, 'Paparan polusi cukup tinggi selama beraktivitas. Disarankan istirahat di dalam ruangan tertutup atau gunakan masker N95.');
INSERT INTO citizen_activity_sessions (id, citizen_id, citizen_device_id, zone_id, activity_type, avg_heart_rate, max_heart_rate, started_at, ended_at, duration_minutes, status) VALUES (28, 118, 124, 6, 'walking', 96, 120, '2026-06-26 01:39:31', '2026-06-26 02:49:31', 70, 'completed');
INSERT INTO citizen_health_exposures (id, citizen_id, session_id, zone_id, predicted_aqi, total_air_inhaled_liters, pm25_retained_micrograms, co_exposure_index, cumulative_toxic_load_score, temporary_lung_capacity_drop_percentage, recovery_time_hours, clinical_guidance_message) VALUES (28, 118, 28, 6, 33, 1400.0, 19.2763, 1.23, 9.56, 7.65, 2.0, 'Paparan polusi cukup tinggi selama beraktivitas. Disarankan istirahat di dalam ruangan tertutup atau gunakan masker N95.');
INSERT INTO citizen_activity_sessions (id, citizen_id, citizen_device_id, zone_id, activity_type, avg_heart_rate, max_heart_rate, started_at, ended_at, duration_minutes, status) VALUES (29, 101, 59, 10, 'walking', 107, 116, '2026-06-26 20:14:31', '2026-06-26 20:49:31', 35, 'completed');
INSERT INTO citizen_health_exposures (id, citizen_id, session_id, zone_id, predicted_aqi, total_air_inhaled_liters, pm25_retained_micrograms, co_exposure_index, cumulative_toxic_load_score, temporary_lung_capacity_drop_percentage, recovery_time_hours, clinical_guidance_message) VALUES (29, 101, 29, 10, 51, 700.0, 13.0145, 0.51, 5.97, 4.78, 0.8, 'Kondisi aman. Tetap jaga hidrasi tubuh Anda.');
INSERT INTO citizen_activity_sessions (id, citizen_id, citizen_device_id, zone_id, activity_type, avg_heart_rate, max_heart_rate, started_at, ended_at, duration_minutes, status) VALUES (30, 101, 70, 7, 'running', 133, 183, '2026-06-26 01:56:31', '2026-06-26 02:49:31', 53, 'completed');
INSERT INTO citizen_health_exposures (id, citizen_id, session_id, zone_id, predicted_aqi, total_air_inhaled_liters, pm25_retained_micrograms, co_exposure_index, cumulative_toxic_load_score, temporary_lung_capacity_drop_percentage, recovery_time_hours, clinical_guidance_message) VALUES (30, 101, 30, 7, 158, 2650.0, 215.4584, 0.32, 86.66, 15.0, 1.7, 'Paparan polusi cukup tinggi selama beraktivitas. Disarankan istirahat di dalam ruangan tertutup atau gunakan masker N95.');
INSERT INTO citizen_activity_sessions (id, citizen_id, citizen_device_id, zone_id, activity_type, avg_heart_rate, max_heart_rate, started_at, ended_at, duration_minutes, status) VALUES (31, 117, 21, 4, 'running', 149, 165, '2026-06-26 21:22:31', '2026-06-26 22:49:31', 87, 'completed');
INSERT INTO citizen_health_exposures (id, citizen_id, session_id, zone_id, predicted_aqi, total_air_inhaled_liters, pm25_retained_micrograms, co_exposure_index, cumulative_toxic_load_score, temporary_lung_capacity_drop_percentage, recovery_time_hours, clinical_guidance_message) VALUES (31, 117, 31, 4, 54, 4350.0, 102.2737, 2.86, 45.2, 15.0, 2.7, 'Paparan polusi cukup tinggi selama beraktivitas. Disarankan istirahat di dalam ruangan tertutup atau gunakan masker N95.');
INSERT INTO citizen_activity_sessions (id, citizen_id, citizen_device_id, zone_id, activity_type, avg_heart_rate, max_heart_rate, started_at, ended_at, duration_minutes, status) VALUES (32, 64, 26, 2, 'rest', 73, 85, '2026-06-26 20:30:31', '2026-06-26 21:49:31', 79, 'completed');
INSERT INTO citizen_health_exposures (id, citizen_id, session_id, zone_id, predicted_aqi, total_air_inhaled_liters, pm25_retained_micrograms, co_exposure_index, cumulative_toxic_load_score, temporary_lung_capacity_drop_percentage, recovery_time_hours, clinical_guidance_message) VALUES (32, 64, 32, 2, 191, 592.5, 44.374, 2.3, 21.2, 15.0, 2.2, 'Paparan polusi cukup tinggi selama beraktivitas. Disarankan istirahat di dalam ruangan tertutup atau gunakan masker N95.');
INSERT INTO citizen_activity_sessions (id, citizen_id, citizen_device_id, zone_id, activity_type, avg_heart_rate, max_heart_rate, started_at, ended_at, duration_minutes, status) VALUES (33, 129, 58, 4, 'running', 143, 177, '2026-06-25 23:21:31', '2026-06-26 00:49:31', 88, 'completed');
INSERT INTO citizen_health_exposures (id, citizen_id, session_id, zone_id, predicted_aqi, total_air_inhaled_liters, pm25_retained_micrograms, co_exposure_index, cumulative_toxic_load_score, temporary_lung_capacity_drop_percentage, recovery_time_hours, clinical_guidance_message) VALUES (33, 129, 33, 4, 32, 4400.0, 52.1604, 0.85, 22.14, 15.0, 2.5, 'Paparan polusi cukup tinggi selama beraktivitas. Disarankan istirahat di dalam ruangan tertutup atau gunakan masker N95.');
INSERT INTO citizen_activity_sessions (id, citizen_id, citizen_device_id, zone_id, activity_type, avg_heart_rate, max_heart_rate, started_at, ended_at, duration_minutes, status) VALUES (34, 83, 129, 4, 'running', 137, 165, '2026-06-26 15:31:31', '2026-06-26 15:49:31', 18, 'completed');
INSERT INTO citizen_health_exposures (id, citizen_id, session_id, zone_id, predicted_aqi, total_air_inhaled_liters, pm25_retained_micrograms, co_exposure_index, cumulative_toxic_load_score, temporary_lung_capacity_drop_percentage, recovery_time_hours, clinical_guidance_message) VALUES (34, 83, 34, 4, 134, 900.0, 55.2186, 0.58, 22.96, 15.0, 0.5, 'Paparan polusi cukup tinggi selama beraktivitas. Disarankan istirahat di dalam ruangan tertutup atau gunakan masker N95.');
INSERT INTO citizen_activity_sessions (id, citizen_id, citizen_device_id, zone_id, activity_type, avg_heart_rate, max_heart_rate, started_at, ended_at, duration_minutes, status) VALUES (35, 244, 127, 1, 'rest', 69, 82, '2026-06-26 20:21:31', '2026-06-26 20:49:31', 28, 'completed');
INSERT INTO citizen_health_exposures (id, citizen_id, session_id, zone_id, predicted_aqi, total_air_inhaled_liters, pm25_retained_micrograms, co_exposure_index, cumulative_toxic_load_score, temporary_lung_capacity_drop_percentage, recovery_time_hours, clinical_guidance_message) VALUES (35, 244, 35, 1, 122, 210.0, 12.319, 0.4, 5.53, 4.42, 0.9, 'Kondisi aman. Tetap jaga hidrasi tubuh Anda.');
INSERT INTO citizen_activity_sessions (id, citizen_id, citizen_device_id, zone_id, activity_type, avg_heart_rate, max_heart_rate, started_at, ended_at, duration_minutes, status) VALUES (36, 227, 30, 2, 'rest', 62, 83, '2026-06-26 19:32:31', '2026-06-26 20:49:31', 77, 'completed');
INSERT INTO citizen_health_exposures (id, citizen_id, session_id, zone_id, predicted_aqi, total_air_inhaled_liters, pm25_retained_micrograms, co_exposure_index, cumulative_toxic_load_score, temporary_lung_capacity_drop_percentage, recovery_time_hours, clinical_guidance_message) VALUES (36, 227, 36, 2, 69, 577.5, 19.4544, 1.39, 9.87, 7.9, 2.2, 'Paparan polusi cukup tinggi selama beraktivitas. Disarankan istirahat di dalam ruangan tertutup atau gunakan masker N95.');
INSERT INTO citizen_activity_sessions (id, citizen_id, citizen_device_id, zone_id, activity_type, avg_heart_rate, max_heart_rate, started_at, ended_at, duration_minutes, status) VALUES (37, 4, 138, 3, 'walking', 98, 118, '2026-06-26 03:22:31', '2026-06-26 04:49:31', 87, 'completed');
INSERT INTO citizen_health_exposures (id, citizen_id, session_id, zone_id, predicted_aqi, total_air_inhaled_liters, pm25_retained_micrograms, co_exposure_index, cumulative_toxic_load_score, temporary_lung_capacity_drop_percentage, recovery_time_hours, clinical_guidance_message) VALUES (37, 4, 37, 3, 186, 1740.0, 121.8547, 2.78, 52.91, 15.0, 1.8, 'Paparan polusi cukup tinggi selama beraktivitas. Disarankan istirahat di dalam ruangan tertutup atau gunakan masker N95.');
INSERT INTO citizen_activity_sessions (id, citizen_id, citizen_device_id, zone_id, activity_type, avg_heart_rate, max_heart_rate, started_at, ended_at, duration_minutes, status) VALUES (38, 189, 124, 5, 'running', 160, 167, '2026-06-26 14:31:31', '2026-06-26 15:49:31', 78, 'completed');
INSERT INTO citizen_health_exposures (id, citizen_id, session_id, zone_id, predicted_aqi, total_air_inhaled_liters, pm25_retained_micrograms, co_exposure_index, cumulative_toxic_load_score, temporary_lung_capacity_drop_percentage, recovery_time_hours, clinical_guidance_message) VALUES (38, 189, 38, 5, 189, 3900.0, 330.2248, 0.91, 133.45, 15.0, 2.6, 'Paparan polusi cukup tinggi selama beraktivitas. Disarankan istirahat di dalam ruangan tertutup atau gunakan masker N95.');
INSERT INTO citizen_activity_sessions (id, citizen_id, citizen_device_id, zone_id, activity_type, avg_heart_rate, max_heart_rate, started_at, ended_at, duration_minutes, status) VALUES (39, 68, 135, 6, 'running', 133, 168, '2026-06-26 10:34:31', '2026-06-26 11:49:31', 75, 'completed');
INSERT INTO citizen_health_exposures (id, citizen_id, session_id, zone_id, predicted_aqi, total_air_inhaled_liters, pm25_retained_micrograms, co_exposure_index, cumulative_toxic_load_score, temporary_lung_capacity_drop_percentage, recovery_time_hours, clinical_guidance_message) VALUES (39, 68, 39, 6, 54, 3750.0, 76.2762, 1.86, 33.3, 15.0, 1.6, 'Paparan polusi cukup tinggi selama beraktivitas. Disarankan istirahat di dalam ruangan tertutup atau gunakan masker N95.');
INSERT INTO citizen_activity_sessions (id, citizen_id, citizen_device_id, zone_id, activity_type, avg_heart_rate, max_heart_rate, started_at, ended_at, duration_minutes, status) VALUES (40, 208, 65, 5, 'rest', 65, 80, '2026-06-26 18:18:31', '2026-06-26 18:49:31', 31, 'completed');
INSERT INTO citizen_health_exposures (id, citizen_id, session_id, zone_id, predicted_aqi, total_air_inhaled_liters, pm25_retained_micrograms, co_exposure_index, cumulative_toxic_load_score, temporary_lung_capacity_drop_percentage, recovery_time_hours, clinical_guidance_message) VALUES (40, 208, 40, 5, 80, 232.5, 8.4703, 0.79, 4.57, 3.66, 0.8, 'Kondisi aman. Tetap jaga hidrasi tubuh Anda.');
INSERT INTO citizen_activity_sessions (id, citizen_id, citizen_device_id, zone_id, activity_type, avg_heart_rate, max_heart_rate, started_at, ended_at, duration_minutes, status) VALUES (41, 61, 139, 7, 'rest', 60, 85, '2026-06-26 14:32:31', '2026-06-26 15:49:31', 77, 'completed');
INSERT INTO citizen_health_exposures (id, citizen_id, session_id, zone_id, predicted_aqi, total_air_inhaled_liters, pm25_retained_micrograms, co_exposure_index, cumulative_toxic_load_score, temporary_lung_capacity_drop_percentage, recovery_time_hours, clinical_guidance_message) VALUES (41, 61, 41, 7, 69, 577.5, 17.2888, 1.77, 9.57, 7.66, 1.6, 'Paparan polusi cukup tinggi selama beraktivitas. Disarankan istirahat di dalam ruangan tertutup atau gunakan masker N95.');
INSERT INTO citizen_activity_sessions (id, citizen_id, citizen_device_id, zone_id, activity_type, avg_heart_rate, max_heart_rate, started_at, ended_at, duration_minutes, status) VALUES (42, 208, 36, 9, 'running', 138, 171, '2026-06-26 19:32:31', '2026-06-26 20:49:31', 77, 'completed');
INSERT INTO citizen_health_exposures (id, citizen_id, session_id, zone_id, predicted_aqi, total_air_inhaled_liters, pm25_retained_micrograms, co_exposure_index, cumulative_toxic_load_score, temporary_lung_capacity_drop_percentage, recovery_time_hours, clinical_guidance_message) VALUES (42, 208, 42, 9, 29, 3850.0, 31.3786, 3.04, 17.11, 13.69, 1.8, 'Paparan polusi cukup tinggi selama beraktivitas. Disarankan istirahat di dalam ruangan tertutup atau gunakan masker N95.');
INSERT INTO citizen_activity_sessions (id, citizen_id, citizen_device_id, zone_id, activity_type, avg_heart_rate, max_heart_rate, started_at, ended_at, duration_minutes, status) VALUES (43, 89, 100, 2, 'walking', 100, 112, '2026-06-26 15:26:31', '2026-06-26 15:49:31', 23, 'completed');
INSERT INTO citizen_health_exposures (id, citizen_id, session_id, zone_id, predicted_aqi, total_air_inhaled_liters, pm25_retained_micrograms, co_exposure_index, cumulative_toxic_load_score, temporary_lung_capacity_drop_percentage, recovery_time_hours, clinical_guidance_message) VALUES (43, 89, 43, 2, 178, 460.0, 32.316, 0.89, 14.26, 11.41, 0.5, 'Paparan polusi cukup tinggi selama beraktivitas. Disarankan istirahat di dalam ruangan tertutup atau gunakan masker N95.');
INSERT INTO citizen_activity_sessions (id, citizen_id, citizen_device_id, zone_id, activity_type, avg_heart_rate, max_heart_rate, started_at, ended_at, duration_minutes, status) VALUES (44, 114, 68, 10, 'rest', 62, 79, '2026-06-26 06:22:31', '2026-06-26 06:49:31', 27, 'completed');
INSERT INTO citizen_health_exposures (id, citizen_id, session_id, zone_id, predicted_aqi, total_air_inhaled_liters, pm25_retained_micrograms, co_exposure_index, cumulative_toxic_load_score, temporary_lung_capacity_drop_percentage, recovery_time_hours, clinical_guidance_message) VALUES (44, 114, 44, 10, 206, 202.5, 20.0467, 1.05, 9.59, 7.67, 0.7, 'Paparan polusi cukup tinggi selama beraktivitas. Disarankan istirahat di dalam ruangan tertutup atau gunakan masker N95.');
INSERT INTO citizen_activity_sessions (id, citizen_id, citizen_device_id, zone_id, activity_type, avg_heart_rate, max_heart_rate, started_at, ended_at, duration_minutes, status) VALUES (45, 25, 21, 3, 'running', 154, 179, '2026-06-26 15:34:31', '2026-06-26 15:49:31', 15, 'completed');
INSERT INTO citizen_health_exposures (id, citizen_id, session_id, zone_id, predicted_aqi, total_air_inhaled_liters, pm25_retained_micrograms, co_exposure_index, cumulative_toxic_load_score, temporary_lung_capacity_drop_percentage, recovery_time_hours, clinical_guidance_message) VALUES (45, 25, 45, 3, 177, 750.0, 66.4396, 0.2, 26.88, 15.0, 0.3, 'Paparan polusi cukup tinggi selama beraktivitas. Disarankan istirahat di dalam ruangan tertutup atau gunakan masker N95.');
INSERT INTO citizen_activity_sessions (id, citizen_id, citizen_device_id, zone_id, activity_type, avg_heart_rate, max_heart_rate, started_at, ended_at, duration_minutes, status) VALUES (46, 115, 140, 5, 'running', 146, 185, '2026-06-26 18:20:31', '2026-06-26 19:49:31', 89, 'completed');
INSERT INTO citizen_health_exposures (id, citizen_id, session_id, zone_id, predicted_aqi, total_air_inhaled_liters, pm25_retained_micrograms, co_exposure_index, cumulative_toxic_load_score, temporary_lung_capacity_drop_percentage, recovery_time_hours, clinical_guidance_message) VALUES (46, 115, 46, 5, 112, 4450.0, 196.4523, 2.25, 81.96, 15.0, 2.6, 'Paparan polusi cukup tinggi selama beraktivitas. Disarankan istirahat di dalam ruangan tertutup atau gunakan masker N95.');
INSERT INTO citizen_activity_sessions (id, citizen_id, citizen_device_id, zone_id, activity_type, avg_heart_rate, max_heart_rate, started_at, ended_at, duration_minutes, status) VALUES (47, 33, 59, 2, 'rest', 71, 77, '2026-06-26 17:43:31', '2026-06-26 18:49:31', 66, 'completed');
INSERT INTO citizen_health_exposures (id, citizen_id, session_id, zone_id, predicted_aqi, total_air_inhaled_liters, pm25_retained_micrograms, co_exposure_index, cumulative_toxic_load_score, temporary_lung_capacity_drop_percentage, recovery_time_hours, clinical_guidance_message) VALUES (47, 33, 47, 2, 120, 495.0, 21.0951, 2.06, 11.53, 9.22, 1.4, 'Paparan polusi cukup tinggi selama beraktivitas. Disarankan istirahat di dalam ruangan tertutup atau gunakan masker N95.');
INSERT INTO citizen_activity_sessions (id, citizen_id, citizen_device_id, zone_id, activity_type, avg_heart_rate, max_heart_rate, started_at, ended_at, duration_minutes, status) VALUES (48, 199, 11, 1, 'rest', 62, 79, '2026-06-26 17:44:31', '2026-06-26 18:49:31', 65, 'completed');
INSERT INTO citizen_health_exposures (id, citizen_id, session_id, zone_id, predicted_aqi, total_air_inhaled_liters, pm25_retained_micrograms, co_exposure_index, cumulative_toxic_load_score, temporary_lung_capacity_drop_percentage, recovery_time_hours, clinical_guidance_message) VALUES (48, 199, 48, 1, 57, 487.5, 11.9742, 1.88, 7.61, 6.09, 2.1, 'Paparan polusi cukup tinggi selama beraktivitas. Disarankan istirahat di dalam ruangan tertutup atau gunakan masker N95.');
INSERT INTO citizen_activity_sessions (id, citizen_id, citizen_device_id, zone_id, activity_type, avg_heart_rate, max_heart_rate, started_at, ended_at, duration_minutes, status) VALUES (49, 155, 94, 8, 'rest', 66, 76, '2026-06-26 18:21:31', '2026-06-26 19:49:31', 88, 'completed');
INSERT INTO citizen_health_exposures (id, citizen_id, session_id, zone_id, predicted_aqi, total_air_inhaled_liters, pm25_retained_micrograms, co_exposure_index, cumulative_toxic_load_score, temporary_lung_capacity_drop_percentage, recovery_time_hours, clinical_guidance_message) VALUES (49, 155, 49, 8, 150, 660.0, 44.9456, 0.16, 18.22, 14.58, 2.7, 'Paparan polusi cukup tinggi selama beraktivitas. Disarankan istirahat di dalam ruangan tertutup atau gunakan masker N95.');
INSERT INTO citizen_activity_sessions (id, citizen_id, citizen_device_id, zone_id, activity_type, avg_heart_rate, max_heart_rate, started_at, ended_at, duration_minutes, status) VALUES (50, 213, 132, 10, 'running', 159, 165, '2026-06-26 06:33:31', '2026-06-26 07:49:31', 76, 'completed');
INSERT INTO citizen_health_exposures (id, citizen_id, session_id, zone_id, predicted_aqi, total_air_inhaled_liters, pm25_retained_micrograms, co_exposure_index, cumulative_toxic_load_score, temporary_lung_capacity_drop_percentage, recovery_time_hours, clinical_guidance_message) VALUES (50, 213, 50, 10, 84, 3800.0, 147.8122, 2.6, 63.02, 15.0, 2.1, 'Paparan polusi cukup tinggi selama beraktivitas. Disarankan istirahat di dalam ruangan tertutup atau gunakan masker N95.');
INSERT INTO citizen_activity_sessions (id, citizen_id, citizen_device_id, zone_id, activity_type, avg_heart_rate, max_heart_rate, started_at, ended_at, duration_minutes, status) VALUES (51, 99, 78, 3, 'rest', 74, 77, '2026-06-26 19:30:31', '2026-06-26 20:49:31', 79, 'completed');
INSERT INTO citizen_health_exposures (id, citizen_id, session_id, zone_id, predicted_aqi, total_air_inhaled_liters, pm25_retained_micrograms, co_exposure_index, cumulative_toxic_load_score, temporary_lung_capacity_drop_percentage, recovery_time_hours, clinical_guidance_message) VALUES (51, 99, 51, 3, 120, 592.5, 34.3014, 0.92, 15.1, 12.08, 1.9, 'Paparan polusi cukup tinggi selama beraktivitas. Disarankan istirahat di dalam ruangan tertutup atau gunakan masker N95.');
INSERT INTO citizen_activity_sessions (id, citizen_id, citizen_device_id, zone_id, activity_type, avg_heart_rate, max_heart_rate, started_at, ended_at, duration_minutes, status) VALUES (52, 41, 137, 9, 'running', 155, 177, '2026-06-26 04:52:31', '2026-06-26 05:49:31', 57, 'completed');
INSERT INTO citizen_health_exposures (id, citizen_id, session_id, zone_id, predicted_aqi, total_air_inhaled_liters, pm25_retained_micrograms, co_exposure_index, cumulative_toxic_load_score, temporary_lung_capacity_drop_percentage, recovery_time_hours, clinical_guidance_message) VALUES (52, 41, 52, 9, 189, 2850.0, 279.6749, 0.11, 112.03, 15.0, 1.6, 'Paparan polusi cukup tinggi selama beraktivitas. Disarankan istirahat di dalam ruangan tertutup atau gunakan masker N95.');
INSERT INTO citizen_activity_sessions (id, citizen_id, citizen_device_id, zone_id, activity_type, avg_heart_rate, max_heart_rate, started_at, ended_at, duration_minutes, status) VALUES (53, 173, 99, 5, 'running', 136, 181, '2026-06-26 12:26:31', '2026-06-26 13:49:31', 83, 'completed');
INSERT INTO citizen_health_exposures (id, citizen_id, session_id, zone_id, predicted_aqi, total_air_inhaled_liters, pm25_retained_micrograms, co_exposure_index, cumulative_toxic_load_score, temporary_lung_capacity_drop_percentage, recovery_time_hours, clinical_guidance_message) VALUES (53, 173, 53, 5, 104, 4150.0, 213.2813, 0.83, 86.56, 15.0, 2.6, 'Paparan polusi cukup tinggi selama beraktivitas. Disarankan istirahat di dalam ruangan tertutup atau gunakan masker N95.');
INSERT INTO citizen_activity_sessions (id, citizen_id, citizen_device_id, zone_id, activity_type, avg_heart_rate, max_heart_rate, started_at, ended_at, duration_minutes, status) VALUES (54, 243, 2, 2, 'running', 141, 173, '2026-06-26 14:59:31', '2026-06-26 15:49:31', 50, 'completed');
INSERT INTO citizen_health_exposures (id, citizen_id, session_id, zone_id, predicted_aqi, total_air_inhaled_liters, pm25_retained_micrograms, co_exposure_index, cumulative_toxic_load_score, temporary_lung_capacity_drop_percentage, recovery_time_hours, clinical_guidance_message) VALUES (54, 243, 54, 2, 178, 2500.0, 173.6852, 1.93, 72.37, 15.0, 1.2, 'Paparan polusi cukup tinggi selama beraktivitas. Disarankan istirahat di dalam ruangan tertutup atau gunakan masker N95.');
INSERT INTO citizen_activity_sessions (id, citizen_id, citizen_device_id, zone_id, activity_type, avg_heart_rate, max_heart_rate, started_at, ended_at, duration_minutes, status) VALUES (55, 193, 138, 3, 'running', 142, 171, '2026-06-26 11:26:31', '2026-06-26 11:49:31', 23, 'completed');
INSERT INTO citizen_health_exposures (id, citizen_id, session_id, zone_id, predicted_aqi, total_air_inhaled_liters, pm25_retained_micrograms, co_exposure_index, cumulative_toxic_load_score, temporary_lung_capacity_drop_percentage, recovery_time_hours, clinical_guidance_message) VALUES (55, 193, 55, 3, 90, 1150.0, 41.4171, 0.21, 16.88, 13.5, 0.5, 'Paparan polusi cukup tinggi selama beraktivitas. Disarankan istirahat di dalam ruangan tertutup atau gunakan masker N95.');
INSERT INTO citizen_activity_sessions (id, citizen_id, citizen_device_id, zone_id, activity_type, avg_heart_rate, max_heart_rate, started_at, ended_at, duration_minutes, status) VALUES (56, 35, 108, 3, 'walking', 107, 117, '2026-06-26 10:29:31', '2026-06-26 11:49:31', 80, 'completed');
INSERT INTO citizen_health_exposures (id, citizen_id, session_id, zone_id, predicted_aqi, total_air_inhaled_liters, pm25_retained_micrograms, co_exposure_index, cumulative_toxic_load_score, temporary_lung_capacity_drop_percentage, recovery_time_hours, clinical_guidance_message) VALUES (56, 35, 56, 3, 90, 1600.0, 55.0575, 0.72, 23.1, 15.0, 1.9, 'Paparan polusi cukup tinggi selama beraktivitas. Disarankan istirahat di dalam ruangan tertutup atau gunakan masker N95.');
INSERT INTO citizen_activity_sessions (id, citizen_id, citizen_device_id, zone_id, activity_type, avg_heart_rate, max_heart_rate, started_at, ended_at, duration_minutes, status) VALUES (57, 29, 131, 6, 'running', 155, 165, '2026-06-26 09:38:31', '2026-06-26 10:49:31', 71, 'completed');
INSERT INTO citizen_health_exposures (id, citizen_id, session_id, zone_id, predicted_aqi, total_air_inhaled_liters, pm25_retained_micrograms, co_exposure_index, cumulative_toxic_load_score, temporary_lung_capacity_drop_percentage, recovery_time_hours, clinical_guidance_message) VALUES (57, 29, 57, 6, 111, 3550.0, 151.848, 2.06, 63.83, 15.0, 2.0, 'Paparan polusi cukup tinggi selama beraktivitas. Disarankan istirahat di dalam ruangan tertutup atau gunakan masker N95.');
INSERT INTO citizen_activity_sessions (id, citizen_id, citizen_device_id, zone_id, activity_type, avg_heart_rate, max_heart_rate, started_at, ended_at, duration_minutes, status) VALUES (58, 124, 58, 3, 'walking', 98, 119, '2026-06-26 21:45:31', '2026-06-26 22:49:31', 64, 'completed');
INSERT INTO citizen_health_exposures (id, citizen_id, session_id, zone_id, predicted_aqi, total_air_inhaled_liters, pm25_retained_micrograms, co_exposure_index, cumulative_toxic_load_score, temporary_lung_capacity_drop_percentage, recovery_time_hours, clinical_guidance_message) VALUES (58, 124, 58, 3, 84, 1280.0, 42.5957, 2.26, 20.43, 15.0, 1.3, 'Paparan polusi cukup tinggi selama beraktivitas. Disarankan istirahat di dalam ruangan tertutup atau gunakan masker N95.');
INSERT INTO citizen_activity_sessions (id, citizen_id, citizen_device_id, zone_id, activity_type, avg_heart_rate, max_heart_rate, started_at, ended_at, duration_minutes, status) VALUES (59, 132, 26, 9, 'walking', 87, 111, '2026-06-26 11:09:31', '2026-06-26 11:49:31', 40, 'completed');
INSERT INTO citizen_health_exposures (id, citizen_id, session_id, zone_id, predicted_aqi, total_air_inhaled_liters, pm25_retained_micrograms, co_exposure_index, cumulative_toxic_load_score, temporary_lung_capacity_drop_percentage, recovery_time_hours, clinical_guidance_message) VALUES (59, 132, 59, 9, 148, 800.0, 53.1386, 0.46, 21.95, 15.0, 1.1, 'Paparan polusi cukup tinggi selama beraktivitas. Disarankan istirahat di dalam ruangan tertutup atau gunakan masker N95.');
INSERT INTO citizen_activity_sessions (id, citizen_id, citizen_device_id, zone_id, activity_type, avg_heart_rate, max_heart_rate, started_at, ended_at, duration_minutes, status) VALUES (60, 69, 145, 4, 'running', 144, 169, '2026-06-26 01:39:31', '2026-06-26 02:49:31', 70, 'completed');
INSERT INTO citizen_health_exposures (id, citizen_id, session_id, zone_id, predicted_aqi, total_air_inhaled_liters, pm25_retained_micrograms, co_exposure_index, cumulative_toxic_load_score, temporary_lung_capacity_drop_percentage, recovery_time_hours, clinical_guidance_message) VALUES (60, 69, 60, 4, 40, 3500.0, 67.25, 0.32, 27.38, 15.0, 1.8, 'Paparan polusi cukup tinggi selama beraktivitas. Disarankan istirahat di dalam ruangan tertutup atau gunakan masker N95.');
INSERT INTO citizen_activity_sessions (id, citizen_id, citizen_device_id, zone_id, activity_type, avg_heart_rate, max_heart_rate, started_at, ended_at, duration_minutes, status) VALUES (61, 164, 39, 1, 'walking', 99, 124, '2026-06-26 02:25:31', '2026-06-26 03:49:31', 84, 'completed');
INSERT INTO citizen_health_exposures (id, citizen_id, session_id, zone_id, predicted_aqi, total_air_inhaled_liters, pm25_retained_micrograms, co_exposure_index, cumulative_toxic_load_score, temporary_lung_capacity_drop_percentage, recovery_time_hours, clinical_guidance_message) VALUES (61, 164, 61, 1, 69, 1680.0, 40.322, 3.05, 20.7, 15.0, 2.5, 'Paparan polusi cukup tinggi selama beraktivitas. Disarankan istirahat di dalam ruangan tertutup atau gunakan masker N95.');
INSERT INTO citizen_activity_sessions (id, citizen_id, citizen_device_id, zone_id, activity_type, avg_heart_rate, max_heart_rate, started_at, ended_at, duration_minutes, status) VALUES (62, 73, 137, 9, 'walking', 90, 121, '2026-06-26 17:34:31', '2026-06-26 17:49:31', 15, 'completed');
INSERT INTO citizen_health_exposures (id, citizen_id, session_id, zone_id, predicted_aqi, total_air_inhaled_liters, pm25_retained_micrograms, co_exposure_index, cumulative_toxic_load_score, temporary_lung_capacity_drop_percentage, recovery_time_hours, clinical_guidance_message) VALUES (62, 73, 62, 9, 154, 300.0, 18.7184, 0.4, 8.09, 6.47, 0.4, 'Paparan polusi cukup tinggi selama beraktivitas. Disarankan istirahat di dalam ruangan tertutup atau gunakan masker N95.');
INSERT INTO citizen_activity_sessions (id, citizen_id, citizen_device_id, zone_id, activity_type, avg_heart_rate, max_heart_rate, started_at, ended_at, duration_minutes, status) VALUES (63, 92, 66, 4, 'walking', 102, 121, '2026-06-26 21:08:31', '2026-06-26 21:49:31', 41, 'completed');
INSERT INTO citizen_health_exposures (id, citizen_id, session_id, zone_id, predicted_aqi, total_air_inhaled_liters, pm25_retained_micrograms, co_exposure_index, cumulative_toxic_load_score, temporary_lung_capacity_drop_percentage, recovery_time_hours, clinical_guidance_message) VALUES (63, 92, 63, 4, 206, 820.0, 82.1507, 1.62, 35.29, 15.0, 0.8, 'Paparan polusi cukup tinggi selama beraktivitas. Disarankan istirahat di dalam ruangan tertutup atau gunakan masker N95.');
INSERT INTO citizen_activity_sessions (id, citizen_id, citizen_device_id, zone_id, activity_type, avg_heart_rate, max_heart_rate, started_at, ended_at, duration_minutes, status) VALUES (64, 22, 36, 3, 'running', 145, 166, '2026-06-26 08:26:31', '2026-06-26 08:49:31', 23, 'completed');
INSERT INTO citizen_health_exposures (id, citizen_id, session_id, zone_id, predicted_aqi, total_air_inhaled_liters, pm25_retained_micrograms, co_exposure_index, cumulative_toxic_load_score, temporary_lung_capacity_drop_percentage, recovery_time_hours, clinical_guidance_message) VALUES (64, 22, 64, 3, 147, 1150.0, 73.4979, 0.7, 30.45, 15.0, 0.6, 'Paparan polusi cukup tinggi selama beraktivitas. Disarankan istirahat di dalam ruangan tertutup atau gunakan masker N95.');
INSERT INTO citizen_activity_sessions (id, citizen_id, citizen_device_id, zone_id, activity_type, avg_heart_rate, max_heart_rate, started_at, ended_at, duration_minutes, status) VALUES (65, 45, 85, 6, 'walking', 100, 113, '2026-06-26 04:29:31', '2026-06-26 04:49:31', 20, 'completed');
INSERT INTO citizen_health_exposures (id, citizen_id, session_id, zone_id, predicted_aqi, total_air_inhaled_liters, pm25_retained_micrograms, co_exposure_index, cumulative_toxic_load_score, temporary_lung_capacity_drop_percentage, recovery_time_hours, clinical_guidance_message) VALUES (65, 45, 65, 6, 102, 400.0, 17.269, 0.14, 7.12, 5.7, 0.4, 'Paparan polusi cukup tinggi selama beraktivitas. Disarankan istirahat di dalam ruangan tertutup atau gunakan masker N95.');
INSERT INTO citizen_activity_sessions (id, citizen_id, citizen_device_id, zone_id, activity_type, avg_heart_rate, max_heart_rate, started_at, ended_at, duration_minutes, status) VALUES (66, 160, 134, 8, 'running', 153, 172, '2026-06-26 14:13:31', '2026-06-26 14:49:31', 36, 'completed');
INSERT INTO citizen_health_exposures (id, citizen_id, session_id, zone_id, predicted_aqi, total_air_inhaled_liters, pm25_retained_micrograms, co_exposure_index, cumulative_toxic_load_score, temporary_lung_capacity_drop_percentage, recovery_time_hours, clinical_guidance_message) VALUES (66, 160, 66, 8, 113, 1800.0, 92.9962, 0.79, 38.38, 15.0, 1.0, 'Paparan polusi cukup tinggi selama beraktivitas. Disarankan istirahat di dalam ruangan tertutup atau gunakan masker N95.');
INSERT INTO citizen_activity_sessions (id, citizen_id, citizen_device_id, zone_id, activity_type, avg_heart_rate, max_heart_rate, started_at, ended_at, duration_minutes, status) VALUES (67, 33, 47, 6, 'rest', 60, 85, '2026-06-26 13:25:31', '2026-06-26 14:49:31', 84, 'completed');
INSERT INTO citizen_health_exposures (id, citizen_id, session_id, zone_id, predicted_aqi, total_air_inhaled_liters, pm25_retained_micrograms, co_exposure_index, cumulative_toxic_load_score, temporary_lung_capacity_drop_percentage, recovery_time_hours, clinical_guidance_message) VALUES (67, 33, 67, 6, 71, 630.0, 16.8779, 2.0, 9.75, 7.8, 2.1, 'Paparan polusi cukup tinggi selama beraktivitas. Disarankan istirahat di dalam ruangan tertutup atau gunakan masker N95.');
INSERT INTO citizen_activity_sessions (id, citizen_id, citizen_device_id, zone_id, activity_type, avg_heart_rate, max_heart_rate, started_at, ended_at, duration_minutes, status) VALUES (68, 47, 108, 6, 'running', 155, 169, '2026-06-26 12:45:31', '2026-06-26 13:49:31', 64, 'completed');
INSERT INTO citizen_health_exposures (id, citizen_id, session_id, zone_id, predicted_aqi, total_air_inhaled_liters, pm25_retained_micrograms, co_exposure_index, cumulative_toxic_load_score, temporary_lung_capacity_drop_percentage, recovery_time_hours, clinical_guidance_message) VALUES (68, 47, 68, 6, 149, 3200.0, 235.1257, 0.3, 94.5, 15.0, 2.1, 'Paparan polusi cukup tinggi selama beraktivitas. Disarankan istirahat di dalam ruangan tertutup atau gunakan masker N95.');
INSERT INTO citizen_activity_sessions (id, citizen_id, citizen_device_id, zone_id, activity_type, avg_heart_rate, max_heart_rate, started_at, ended_at, duration_minutes, status) VALUES (69, 27, 29, 2, 'walking', 105, 114, '2026-06-26 10:28:31', '2026-06-26 10:49:31', 21, 'completed');
INSERT INTO citizen_health_exposures (id, citizen_id, session_id, zone_id, predicted_aqi, total_air_inhaled_liters, pm25_retained_micrograms, co_exposure_index, cumulative_toxic_load_score, temporary_lung_capacity_drop_percentage, recovery_time_hours, clinical_guidance_message) VALUES (69, 27, 69, 2, 48, 420.0, 8.1545, 0.75, 4.39, 3.51, 0.6, 'Kondisi aman. Tetap jaga hidrasi tubuh Anda.');
INSERT INTO citizen_activity_sessions (id, citizen_id, citizen_device_id, zone_id, activity_type, avg_heart_rate, max_heart_rate, started_at, ended_at, duration_minutes, status) VALUES (70, 206, 44, 2, 'walking', 98, 116, '2026-06-26 06:19:31', '2026-06-26 07:49:31', 90, 'completed');
INSERT INTO citizen_health_exposures (id, citizen_id, session_id, zone_id, predicted_aqi, total_air_inhaled_liters, pm25_retained_micrograms, co_exposure_index, cumulative_toxic_load_score, temporary_lung_capacity_drop_percentage, recovery_time_hours, clinical_guidance_message) VALUES (70, 206, 70, 2, 111, 1800.0, 80.1111, 1.58, 34.41, 15.0, 2.8, 'Paparan polusi cukup tinggi selama beraktivitas. Disarankan istirahat di dalam ruangan tertutup atau gunakan masker N95.');
INSERT INTO citizen_activity_sessions (id, citizen_id, citizen_device_id, zone_id, activity_type, avg_heart_rate, max_heart_rate, started_at, ended_at, duration_minutes, status) VALUES (71, 127, 65, 3, 'running', 146, 167, '2026-06-26 12:40:31', '2026-06-26 13:49:31', 69, 'completed');
INSERT INTO citizen_health_exposures (id, citizen_id, session_id, zone_id, predicted_aqi, total_air_inhaled_liters, pm25_retained_micrograms, co_exposure_index, cumulative_toxic_load_score, temporary_lung_capacity_drop_percentage, recovery_time_hours, clinical_guidance_message) VALUES (71, 127, 71, 3, 54, 3450.0, 61.1642, 2.08, 27.59, 15.0, 1.5, 'Paparan polusi cukup tinggi selama beraktivitas. Disarankan istirahat di dalam ruangan tertutup atau gunakan masker N95.');
INSERT INTO citizen_activity_sessions (id, citizen_id, citizen_device_id, zone_id, activity_type, avg_heart_rate, max_heart_rate, started_at, ended_at, duration_minutes, status) VALUES (72, 113, 22, 9, 'running', 130, 165, '2026-06-26 09:07:31', '2026-06-26 09:49:31', 42, 'completed');
INSERT INTO citizen_health_exposures (id, citizen_id, session_id, zone_id, predicted_aqi, total_air_inhaled_liters, pm25_retained_micrograms, co_exposure_index, cumulative_toxic_load_score, temporary_lung_capacity_drop_percentage, recovery_time_hours, clinical_guidance_message) VALUES (72, 113, 72, 9, 119, 2100.0, 125.3224, 0.17, 50.38, 15.0, 1.2, 'Paparan polusi cukup tinggi selama beraktivitas. Disarankan istirahat di dalam ruangan tertutup atau gunakan masker N95.');
INSERT INTO citizen_activity_sessions (id, citizen_id, citizen_device_id, zone_id, activity_type, avg_heart_rate, max_heart_rate, started_at, ended_at, duration_minutes, status) VALUES (73, 146, 62, 8, 'walking', 104, 125, '2026-06-26 13:05:31', '2026-06-26 13:49:31', 44, 'completed');
INSERT INTO citizen_health_exposures (id, citizen_id, session_id, zone_id, predicted_aqi, total_air_inhaled_liters, pm25_retained_micrograms, co_exposure_index, cumulative_toxic_load_score, temporary_lung_capacity_drop_percentage, recovery_time_hours, clinical_guidance_message) VALUES (73, 146, 73, 8, 135, 880.0, 46.9196, 0.63, 19.71, 15.0, 1.4, 'Paparan polusi cukup tinggi selama beraktivitas. Disarankan istirahat di dalam ruangan tertutup atau gunakan masker N95.');
INSERT INTO citizen_activity_sessions (id, citizen_id, citizen_device_id, zone_id, activity_type, avg_heart_rate, max_heart_rate, started_at, ended_at, duration_minutes, status) VALUES (74, 98, 56, 5, 'rest', 72, 79, '2026-06-26 20:23:31', '2026-06-26 21:49:31', 86, 'completed');
INSERT INTO citizen_health_exposures (id, citizen_id, session_id, zone_id, predicted_aqi, total_air_inhaled_liters, pm25_retained_micrograms, co_exposure_index, cumulative_toxic_load_score, temporary_lung_capacity_drop_percentage, recovery_time_hours, clinical_guidance_message) VALUES (74, 98, 74, 5, 182, 645.0, 45.4465, 2.74, 22.29, 15.0, 2.8, 'Paparan polusi cukup tinggi selama beraktivitas. Disarankan istirahat di dalam ruangan tertutup atau gunakan masker N95.');
INSERT INTO citizen_activity_sessions (id, citizen_id, citizen_device_id, zone_id, activity_type, avg_heart_rate, max_heart_rate, started_at, ended_at, duration_minutes, status) VALUES (75, 136, 43, 7, 'running', 141, 169, '2026-06-26 15:14:31', '2026-06-26 15:49:31', 35, 'completed');
INSERT INTO citizen_health_exposures (id, citizen_id, session_id, zone_id, predicted_aqi, total_air_inhaled_liters, pm25_retained_micrograms, co_exposure_index, cumulative_toxic_load_score, temporary_lung_capacity_drop_percentage, recovery_time_hours, clinical_guidance_message) VALUES (75, 136, 75, 7, 69, 1750.0, 51.5648, 0.8, 21.83, 15.0, 0.8, 'Paparan polusi cukup tinggi selama beraktivitas. Disarankan istirahat di dalam ruangan tertutup atau gunakan masker N95.');
INSERT INTO citizen_activity_sessions (id, citizen_id, citizen_device_id, zone_id, activity_type, avg_heart_rate, max_heart_rate, started_at, ended_at, duration_minutes, status) VALUES (76, 213, 83, 9, 'rest', 67, 78, '2026-06-26 06:48:31', '2026-06-26 07:49:31', 61, 'completed');
INSERT INTO citizen_health_exposures (id, citizen_id, session_id, zone_id, predicted_aqi, total_air_inhaled_liters, pm25_retained_micrograms, co_exposure_index, cumulative_toxic_load_score, temporary_lung_capacity_drop_percentage, recovery_time_hours, clinical_guidance_message) VALUES (76, 213, 76, 9, 33, 457.5, 5.7424, 1.52, 4.58, 3.66, 1.9, 'Kondisi aman. Tetap jaga hidrasi tubuh Anda.');
INSERT INTO citizen_activity_sessions (id, citizen_id, citizen_device_id, zone_id, activity_type, avg_heart_rate, max_heart_rate, started_at, ended_at, duration_minutes, status) VALUES (77, 143, 113, 2, 'rest', 65, 75, '2026-06-26 19:48:31', '2026-06-26 20:49:31', 61, 'completed');
INSERT INTO citizen_health_exposures (id, citizen_id, session_id, zone_id, predicted_aqi, total_air_inhaled_liters, pm25_retained_micrograms, co_exposure_index, cumulative_toxic_load_score, temporary_lung_capacity_drop_percentage, recovery_time_hours, clinical_guidance_message) VALUES (77, 143, 77, 2, 69, 457.5, 14.1779, 1.1, 7.32, 5.86, 1.4, 'Paparan polusi cukup tinggi selama beraktivitas. Disarankan istirahat di dalam ruangan tertutup atau gunakan masker N95.');
INSERT INTO citizen_activity_sessions (id, citizen_id, citizen_device_id, zone_id, activity_type, avg_heart_rate, max_heart_rate, started_at, ended_at, duration_minutes, status) VALUES (78, 189, 89, 9, 'walking', 97, 118, '2026-06-26 01:43:31', '2026-06-26 02:49:31', 66, 'completed');
INSERT INTO citizen_health_exposures (id, citizen_id, session_id, zone_id, predicted_aqi, total_air_inhaled_liters, pm25_retained_micrograms, co_exposure_index, cumulative_toxic_load_score, temporary_lung_capacity_drop_percentage, recovery_time_hours, clinical_guidance_message) VALUES (78, 189, 78, 9, 170, 1320.0, 90.6732, 0.18, 36.54, 15.0, 1.9, 'Paparan polusi cukup tinggi selama beraktivitas. Disarankan istirahat di dalam ruangan tertutup atau gunakan masker N95.');
INSERT INTO citizen_activity_sessions (id, citizen_id, citizen_device_id, zone_id, activity_type, avg_heart_rate, max_heart_rate, started_at, ended_at, duration_minutes, status) VALUES (79, 233, 48, 7, 'running', 155, 166, '2026-06-26 02:08:31', '2026-06-26 02:49:31', 41, 'completed');
INSERT INTO citizen_health_exposures (id, citizen_id, session_id, zone_id, predicted_aqi, total_air_inhaled_liters, pm25_retained_micrograms, co_exposure_index, cumulative_toxic_load_score, temporary_lung_capacity_drop_percentage, recovery_time_hours, clinical_guidance_message) VALUES (79, 233, 79, 7, 158, 2050.0, 155.662, 0.25, 62.64, 15.0, 1.3, 'Paparan polusi cukup tinggi selama beraktivitas. Disarankan istirahat di dalam ruangan tertutup atau gunakan masker N95.');
INSERT INTO citizen_activity_sessions (id, citizen_id, citizen_device_id, zone_id, activity_type, avg_heart_rate, max_heart_rate, started_at, ended_at, duration_minutes, status) VALUES (80, 29, 39, 8, 'walking', 90, 110, '2026-06-26 07:17:31', '2026-06-26 07:49:31', 32, 'completed');
INSERT INTO citizen_health_exposures (id, citizen_id, session_id, zone_id, predicted_aqi, total_air_inhaled_liters, pm25_retained_micrograms, co_exposure_index, cumulative_toxic_load_score, temporary_lung_capacity_drop_percentage, recovery_time_hours, clinical_guidance_message) VALUES (80, 29, 80, 8, 142, 640.0, 36.7456, 0.62, 15.63, 12.5, 0.7, 'Paparan polusi cukup tinggi selama beraktivitas. Disarankan istirahat di dalam ruangan tertutup atau gunakan masker N95.');
INSERT INTO citizen_activity_sessions (id, citizen_id, citizen_device_id, zone_id, activity_type, avg_heart_rate, max_heart_rate, started_at, ended_at, duration_minutes, status) VALUES (81, 41, 81, 10, 'rest', 75, 85, '2026-06-26 06:06:31', '2026-06-26 06:49:31', 43, 'completed');
INSERT INTO citizen_health_exposures (id, citizen_id, session_id, zone_id, predicted_aqi, total_air_inhaled_liters, pm25_retained_micrograms, co_exposure_index, cumulative_toxic_load_score, temporary_lung_capacity_drop_percentage, recovery_time_hours, clinical_guidance_message) VALUES (81, 41, 81, 10, 206, 322.5, 29.4505, 1.67, 14.29, 11.43, 0.9, 'Paparan polusi cukup tinggi selama beraktivitas. Disarankan istirahat di dalam ruangan tertutup atau gunakan masker N95.');
INSERT INTO citizen_activity_sessions (id, citizen_id, citizen_device_id, zone_id, activity_type, avg_heart_rate, max_heart_rate, started_at, ended_at, duration_minutes, status) VALUES (82, 121, 67, 4, 'rest', 71, 81, '2026-06-26 10:07:31', '2026-06-26 10:49:31', 42, 'completed');
INSERT INTO citizen_health_exposures (id, citizen_id, session_id, zone_id, predicted_aqi, total_air_inhaled_liters, pm25_retained_micrograms, co_exposure_index, cumulative_toxic_load_score, temporary_lung_capacity_drop_percentage, recovery_time_hours, clinical_guidance_message) VALUES (82, 121, 82, 4, 48, 315.0, 7.0048, 0.39, 3.39, 2.71, 0.9, 'Kondisi aman. Tetap jaga hidrasi tubuh Anda.');
INSERT INTO citizen_activity_sessions (id, citizen_id, citizen_device_id, zone_id, activity_type, avg_heart_rate, max_heart_rate, started_at, ended_at, duration_minutes, status) VALUES (83, 94, 2, 6, 'walking', 87, 119, '2026-06-26 00:27:31', '2026-06-26 00:49:31', 22, 'completed');
INSERT INTO citizen_health_exposures (id, citizen_id, session_id, zone_id, predicted_aqi, total_air_inhaled_liters, pm25_retained_micrograms, co_exposure_index, cumulative_toxic_load_score, temporary_lung_capacity_drop_percentage, recovery_time_hours, clinical_guidance_message) VALUES (83, 94, 83, 6, 110, 440.0, 20.5968, 0.15, 8.46, 6.77, 0.6, 'Paparan polusi cukup tinggi selama beraktivitas. Disarankan istirahat di dalam ruangan tertutup atau gunakan masker N95.');
INSERT INTO citizen_activity_sessions (id, citizen_id, citizen_device_id, zone_id, activity_type, avg_heart_rate, max_heart_rate, started_at, ended_at, duration_minutes, status) VALUES (84, 193, 124, 8, 'rest', 60, 84, '2026-06-26 16:13:31', '2026-06-26 16:49:31', 36, 'completed');
INSERT INTO citizen_health_exposures (id, citizen_id, session_id, zone_id, predicted_aqi, total_air_inhaled_liters, pm25_retained_micrograms, co_exposure_index, cumulative_toxic_load_score, temporary_lung_capacity_drop_percentage, recovery_time_hours, clinical_guidance_message) VALUES (84, 193, 84, 8, 25, 270.0, 1.5964, 1.21, 2.45, 1.96, 1.0, 'Kondisi aman. Tetap jaga hidrasi tubuh Anda.');
INSERT INTO citizen_activity_sessions (id, citizen_id, citizen_device_id, zone_id, activity_type, avg_heart_rate, max_heart_rate, started_at, ended_at, duration_minutes, status) VALUES (85, 40, 138, 10, 'walking', 86, 118, '2026-06-26 15:22:31', '2026-06-26 15:49:31', 27, 'completed');
INSERT INTO citizen_health_exposures (id, citizen_id, session_id, zone_id, predicted_aqi, total_air_inhaled_liters, pm25_retained_micrograms, co_exposure_index, cumulative_toxic_load_score, temporary_lung_capacity_drop_percentage, recovery_time_hours, clinical_guidance_message) VALUES (85, 40, 85, 10, 44, 540.0, 8.9069, 0.37, 4.12, 3.3, 0.7, 'Kondisi aman. Tetap jaga hidrasi tubuh Anda.');
INSERT INTO citizen_activity_sessions (id, citizen_id, citizen_device_id, zone_id, activity_type, avg_heart_rate, max_heart_rate, started_at, ended_at, duration_minutes, status) VALUES (86, 8, 91, 7, 'walking', 94, 113, '2026-06-26 18:20:31', '2026-06-26 18:49:31', 29, 'completed');
INSERT INTO citizen_health_exposures (id, citizen_id, session_id, zone_id, predicted_aqi, total_air_inhaled_liters, pm25_retained_micrograms, co_exposure_index, cumulative_toxic_load_score, temporary_lung_capacity_drop_percentage, recovery_time_hours, clinical_guidance_message) VALUES (86, 8, 86, 7, 98, 580.0, 26.3722, 1.01, 12.06, 9.65, 0.6, 'Paparan polusi cukup tinggi selama beraktivitas. Disarankan istirahat di dalam ruangan tertutup atau gunakan masker N95.');
INSERT INTO citizen_activity_sessions (id, citizen_id, citizen_device_id, zone_id, activity_type, avg_heart_rate, max_heart_rate, started_at, ended_at, duration_minutes, status) VALUES (87, 17, 111, 4, 'walking', 105, 122, '2026-06-26 14:30:31', '2026-06-26 14:49:31', 19, 'completed');
INSERT INTO citizen_health_exposures (id, citizen_id, session_id, zone_id, predicted_aqi, total_air_inhaled_liters, pm25_retained_micrograms, co_exposure_index, cumulative_toxic_load_score, temporary_lung_capacity_drop_percentage, recovery_time_hours, clinical_guidance_message) VALUES (87, 17, 87, 4, 129, 380.0, 19.4482, 0.19, 8.06, 6.45, 0.4, 'Paparan polusi cukup tinggi selama beraktivitas. Disarankan istirahat di dalam ruangan tertutup atau gunakan masker N95.');
INSERT INTO citizen_activity_sessions (id, citizen_id, citizen_device_id, zone_id, activity_type, avg_heart_rate, max_heart_rate, started_at, ended_at, duration_minutes, status) VALUES (88, 96, 56, 5, 'running', 157, 180, '2026-06-26 06:40:31', '2026-06-26 07:49:31', 69, 'completed');
INSERT INTO citizen_health_exposures (id, citizen_id, session_id, zone_id, predicted_aqi, total_air_inhaled_liters, pm25_retained_micrograms, co_exposure_index, cumulative_toxic_load_score, temporary_lung_capacity_drop_percentage, recovery_time_hours, clinical_guidance_message) VALUES (88, 96, 88, 5, 180, 3450.0, 306.1567, 0.39, 123.05, 15.0, 1.5, 'Paparan polusi cukup tinggi selama beraktivitas. Disarankan istirahat di dalam ruangan tertutup atau gunakan masker N95.');
INSERT INTO citizen_activity_sessions (id, citizen_id, citizen_device_id, zone_id, activity_type, avg_heart_rate, max_heart_rate, started_at, ended_at, duration_minutes, status) VALUES (89, 149, 143, 2, 'rest', 73, 79, '2026-06-26 18:10:31', '2026-06-26 18:49:31', 39, 'completed');
INSERT INTO citizen_health_exposures (id, citizen_id, session_id, zone_id, predicted_aqi, total_air_inhaled_liters, pm25_retained_micrograms, co_exposure_index, cumulative_toxic_load_score, temporary_lung_capacity_drop_percentage, recovery_time_hours, clinical_guidance_message) VALUES (89, 149, 89, 2, 120, 292.5, 16.214, 1.22, 8.32, 6.66, 0.8, 'Paparan polusi cukup tinggi selama beraktivitas. Disarankan istirahat di dalam ruangan tertutup atau gunakan masker N95.');
INSERT INTO citizen_activity_sessions (id, citizen_id, citizen_device_id, zone_id, activity_type, avg_heart_rate, max_heart_rate, started_at, ended_at, duration_minutes, status) VALUES (90, 167, 107, 2, 'running', 150, 170, '2026-06-26 01:34:31', '2026-06-26 01:49:31', 15, 'completed');
INSERT INTO citizen_health_exposures (id, citizen_id, session_id, zone_id, predicted_aqi, total_air_inhaled_liters, pm25_retained_micrograms, co_exposure_index, cumulative_toxic_load_score, temporary_lung_capacity_drop_percentage, recovery_time_hours, clinical_guidance_message) VALUES (90, 167, 90, 2, 136, 750.0, 45.895, 0.62, 19.29, 15.0, 0.4, 'Paparan polusi cukup tinggi selama beraktivitas. Disarankan istirahat di dalam ruangan tertutup atau gunakan masker N95.');
INSERT INTO citizen_activity_sessions (id, citizen_id, citizen_device_id, zone_id, activity_type, avg_heart_rate, max_heart_rate, started_at, ended_at, duration_minutes, status) VALUES (91, 94, 67, 7, 'running', 134, 173, '2026-06-26 21:40:31', '2026-06-26 22:49:31', 69, 'completed');
INSERT INTO citizen_health_exposures (id, citizen_id, session_id, zone_id, predicted_aqi, total_air_inhaled_liters, pm25_retained_micrograms, co_exposure_index, cumulative_toxic_load_score, temporary_lung_capacity_drop_percentage, recovery_time_hours, clinical_guidance_message) VALUES (91, 94, 91, 7, 91, 3450.0, 126.1208, 2.06, 53.54, 15.0, 1.9, 'Paparan polusi cukup tinggi selama beraktivitas. Disarankan istirahat di dalam ruangan tertutup atau gunakan masker N95.');
INSERT INTO citizen_activity_sessions (id, citizen_id, citizen_device_id, zone_id, activity_type, avg_heart_rate, max_heart_rate, started_at, ended_at, duration_minutes, status) VALUES (92, 233, 24, 3, 'running', 154, 185, '2026-06-26 03:31:31', '2026-06-26 03:49:31', 18, 'completed');
INSERT INTO citizen_health_exposures (id, citizen_id, session_id, zone_id, predicted_aqi, total_air_inhaled_liters, pm25_retained_micrograms, co_exposure_index, cumulative_toxic_load_score, temporary_lung_capacity_drop_percentage, recovery_time_hours, clinical_guidance_message) VALUES (92, 233, 92, 3, 64, 900.0, 27.707, 0.28, 11.5, 9.2, 0.5, 'Paparan polusi cukup tinggi selama beraktivitas. Disarankan istirahat di dalam ruangan tertutup atau gunakan masker N95.');
INSERT INTO citizen_activity_sessions (id, citizen_id, citizen_device_id, zone_id, activity_type, avg_heart_rate, max_heart_rate, started_at, ended_at, duration_minutes, status) VALUES (93, 11, 88, 2, 'running', 134, 182, '2026-06-26 15:29:31', '2026-06-26 16:49:31', 80, 'completed');
INSERT INTO citizen_health_exposures (id, citizen_id, session_id, zone_id, predicted_aqi, total_air_inhaled_liters, pm25_retained_micrograms, co_exposure_index, cumulative_toxic_load_score, temporary_lung_capacity_drop_percentage, recovery_time_hours, clinical_guidance_message) VALUES (93, 11, 93, 2, 61, 4000.0, 107.5348, 2.12, 46.19, 15.0, 1.6, 'Paparan polusi cukup tinggi selama beraktivitas. Disarankan istirahat di dalam ruangan tertutup atau gunakan masker N95.');
INSERT INTO citizen_activity_sessions (id, citizen_id, citizen_device_id, zone_id, activity_type, avg_heart_rate, max_heart_rate, started_at, ended_at, duration_minutes, status) VALUES (94, 147, 128, 9, 'running', 155, 173, '2026-06-26 03:19:31', '2026-06-26 03:49:31', 30, 'completed');
INSERT INTO citizen_health_exposures (id, citizen_id, session_id, zone_id, predicted_aqi, total_air_inhaled_liters, pm25_retained_micrograms, co_exposure_index, cumulative_toxic_load_score, temporary_lung_capacity_drop_percentage, recovery_time_hours, clinical_guidance_message) VALUES (94, 147, 94, 9, 195, 1500.0, 113.0088, 1.09, 46.84, 15.0, 0.9, 'Paparan polusi cukup tinggi selama beraktivitas. Disarankan istirahat di dalam ruangan tertutup atau gunakan masker N95.');
INSERT INTO citizen_activity_sessions (id, citizen_id, citizen_device_id, zone_id, activity_type, avg_heart_rate, max_heart_rate, started_at, ended_at, duration_minutes, status) VALUES (95, 69, 122, 7, 'running', 136, 180, '2026-06-26 22:33:31', '2026-06-26 23:49:31', 76, 'completed');
INSERT INTO citizen_health_exposures (id, citizen_id, session_id, zone_id, predicted_aqi, total_air_inhaled_liters, pm25_retained_micrograms, co_exposure_index, cumulative_toxic_load_score, temporary_lung_capacity_drop_percentage, recovery_time_hours, clinical_guidance_message) VALUES (95, 69, 95, 7, 105, 3800.0, 174.475, 0.94, 71.2, 15.0, 2.0, 'Paparan polusi cukup tinggi selama beraktivitas. Disarankan istirahat di dalam ruangan tertutup atau gunakan masker N95.');
INSERT INTO citizen_activity_sessions (id, citizen_id, citizen_device_id, zone_id, activity_type, avg_heart_rate, max_heart_rate, started_at, ended_at, duration_minutes, status) VALUES (96, 69, 21, 6, 'rest', 65, 75, '2026-06-26 17:09:31', '2026-06-26 17:49:31', 40, 'completed');
INSERT INTO citizen_health_exposures (id, citizen_id, session_id, zone_id, predicted_aqi, total_air_inhaled_liters, pm25_retained_micrograms, co_exposure_index, cumulative_toxic_load_score, temporary_lung_capacity_drop_percentage, recovery_time_hours, clinical_guidance_message) VALUES (96, 69, 96, 6, 33, 300.0, 3.8446, 0.56, 2.38, 1.9, 1.3, 'Kondisi aman. Tetap jaga hidrasi tubuh Anda.');
INSERT INTO citizen_activity_sessions (id, citizen_id, citizen_device_id, zone_id, activity_type, avg_heart_rate, max_heart_rate, started_at, ended_at, duration_minutes, status) VALUES (97, 166, 62, 8, 'walking', 108, 112, '2026-06-26 14:05:31', '2026-06-26 14:49:31', 44, 'completed');
INSERT INTO citizen_health_exposures (id, citizen_id, session_id, zone_id, predicted_aqi, total_air_inhaled_liters, pm25_retained_micrograms, co_exposure_index, cumulative_toxic_load_score, temporary_lung_capacity_drop_percentage, recovery_time_hours, clinical_guidance_message) VALUES (97, 166, 97, 8, 113, 880.0, 43.5841, 0.97, 18.89, 15.0, 1.4, 'Paparan polusi cukup tinggi selama beraktivitas. Disarankan istirahat di dalam ruangan tertutup atau gunakan masker N95.');
INSERT INTO citizen_activity_sessions (id, citizen_id, citizen_device_id, zone_id, activity_type, avg_heart_rate, max_heart_rate, started_at, ended_at, duration_minutes, status) VALUES (98, 182, 113, 6, 'walking', 99, 125, '2026-06-26 21:16:31', '2026-06-26 21:49:31', 33, 'completed');
INSERT INTO citizen_health_exposures (id, citizen_id, session_id, zone_id, predicted_aqi, total_air_inhaled_liters, pm25_retained_micrograms, co_exposure_index, cumulative_toxic_load_score, temporary_lung_capacity_drop_percentage, recovery_time_hours, clinical_guidance_message) VALUES (98, 182, 98, 6, 89, 660.0, 23.5827, 0.73, 10.53, 8.42, 1.0, 'Paparan polusi cukup tinggi selama beraktivitas. Disarankan istirahat di dalam ruangan tertutup atau gunakan masker N95.');
INSERT INTO citizen_activity_sessions (id, citizen_id, citizen_device_id, zone_id, activity_type, avg_heart_rate, max_heart_rate, started_at, ended_at, duration_minutes, status) VALUES (99, 238, 111, 5, 'walking', 95, 110, '2026-06-26 16:52:31', '2026-06-26 17:49:31', 57, 'completed');
INSERT INTO citizen_health_exposures (id, citizen_id, session_id, zone_id, predicted_aqi, total_air_inhaled_liters, pm25_retained_micrograms, co_exposure_index, cumulative_toxic_load_score, temporary_lung_capacity_drop_percentage, recovery_time_hours, clinical_guidance_message) VALUES (99, 238, 99, 5, 64, 1140.0, 30.476, 0.88, 13.51, 10.81, 1.4, 'Paparan polusi cukup tinggi selama beraktivitas. Disarankan istirahat di dalam ruangan tertutup atau gunakan masker N95.');
INSERT INTO citizen_activity_sessions (id, citizen_id, citizen_device_id, zone_id, activity_type, avg_heart_rate, max_heart_rate, started_at, ended_at, duration_minutes, status) VALUES (100, 24, 85, 1, 'rest', 74, 77, '2026-06-26 07:42:31', '2026-06-26 08:49:31', 67, 'completed');
INSERT INTO citizen_health_exposures (id, citizen_id, session_id, zone_id, predicted_aqi, total_air_inhaled_liters, pm25_retained_micrograms, co_exposure_index, cumulative_toxic_load_score, temporary_lung_capacity_drop_percentage, recovery_time_hours, clinical_guidance_message) VALUES (100, 24, 100, 1, 127, 502.5, 24.3616, 2.46, 13.43, 10.74, 1.9, 'Paparan polusi cukup tinggi selama beraktivitas. Disarankan istirahat di dalam ruangan tertutup atau gunakan masker N95.');
INSERT INTO citizen_activity_sessions (id, citizen_id, citizen_device_id, zone_id, activity_type, avg_heart_rate, max_heart_rate, started_at, ended_at, duration_minutes, status) VALUES (101, 169, 7, 9, 'walking', 85, 115, '2026-06-26 18:20:31', '2026-06-26 19:49:31', 89, 'completed');
INSERT INTO citizen_health_exposures (id, citizen_id, session_id, zone_id, predicted_aqi, total_air_inhaled_liters, pm25_retained_micrograms, co_exposure_index, cumulative_toxic_load_score, temporary_lung_capacity_drop_percentage, recovery_time_hours, clinical_guidance_message) VALUES (101, 169, 101, 9, 90, 1780.0, 70.8903, 1.05, 29.93, 15.0, 2.5, 'Paparan polusi cukup tinggi selama beraktivitas. Disarankan istirahat di dalam ruangan tertutup atau gunakan masker N95.');
INSERT INTO citizen_activity_sessions (id, citizen_id, citizen_device_id, zone_id, activity_type, avg_heart_rate, max_heart_rate, started_at, ended_at, duration_minutes, status) VALUES (102, 18, 6, 1, 'rest', 60, 84, '2026-06-26 09:03:31', '2026-06-26 09:49:31', 46, 'completed');
INSERT INTO citizen_health_exposures (id, citizen_id, session_id, zone_id, predicted_aqi, total_air_inhaled_liters, pm25_retained_micrograms, co_exposure_index, cumulative_toxic_load_score, temporary_lung_capacity_drop_percentage, recovery_time_hours, clinical_guidance_message) VALUES (102, 18, 102, 1, 111, 345.0, 16.0351, 1.53, 8.71, 6.97, 1.3, 'Paparan polusi cukup tinggi selama beraktivitas. Disarankan istirahat di dalam ruangan tertutup atau gunakan masker N95.');
INSERT INTO citizen_activity_sessions (id, citizen_id, citizen_device_id, zone_id, activity_type, avg_heart_rate, max_heart_rate, started_at, ended_at, duration_minutes, status) VALUES (103, 198, 118, 4, 'rest', 72, 84, '2026-06-26 01:25:31', '2026-06-26 02:49:31', 84, 'completed');
INSERT INTO citizen_health_exposures (id, citizen_id, session_id, zone_id, predicted_aqi, total_air_inhaled_liters, pm25_retained_micrograms, co_exposure_index, cumulative_toxic_load_score, temporary_lung_capacity_drop_percentage, recovery_time_hours, clinical_guidance_message) VALUES (103, 198, 103, 4, 40, 630.0, 9.7525, 0.38, 4.47, 3.58, 2.3, 'Kondisi aman. Tetap jaga hidrasi tubuh Anda.');
INSERT INTO citizen_activity_sessions (id, citizen_id, citizen_device_id, zone_id, activity_type, avg_heart_rate, max_heart_rate, started_at, ended_at, duration_minutes, status) VALUES (104, 25, 131, 10, 'rest', 66, 75, '2026-06-26 02:12:31', '2026-06-26 02:49:31', 37, 'completed');
INSERT INTO citizen_health_exposures (id, citizen_id, session_id, zone_id, predicted_aqi, total_air_inhaled_liters, pm25_retained_micrograms, co_exposure_index, cumulative_toxic_load_score, temporary_lung_capacity_drop_percentage, recovery_time_hours, clinical_guidance_message) VALUES (104, 25, 104, 10, 25, 277.5, 2.6975, 0.25, 1.45, 1.16, 0.9, 'Kondisi aman. Tetap jaga hidrasi tubuh Anda.');
INSERT INTO citizen_activity_sessions (id, citizen_id, citizen_device_id, zone_id, activity_type, avg_heart_rate, max_heart_rate, started_at, ended_at, duration_minutes, status) VALUES (105, 200, 132, 10, 'rest', 61, 79, '2026-06-26 07:40:31', '2026-06-26 08:49:31', 69, 'completed');
INSERT INTO citizen_health_exposures (id, citizen_id, session_id, zone_id, predicted_aqi, total_air_inhaled_liters, pm25_retained_micrograms, co_exposure_index, cumulative_toxic_load_score, temporary_lung_capacity_drop_percentage, recovery_time_hours, clinical_guidance_message) VALUES (105, 200, 105, 10, 75, 517.5, 13.864, 1.94, 8.46, 6.77, 1.8, 'Paparan polusi cukup tinggi selama beraktivitas. Disarankan istirahat di dalam ruangan tertutup atau gunakan masker N95.');
INSERT INTO citizen_activity_sessions (id, citizen_id, citizen_device_id, zone_id, activity_type, avg_heart_rate, max_heart_rate, started_at, ended_at, duration_minutes, status) VALUES (106, 249, 6, 6, 'running', 160, 169, '2026-06-26 03:34:31', '2026-06-26 03:49:31', 15, 'completed');
INSERT INTO citizen_health_exposures (id, citizen_id, session_id, zone_id, predicted_aqi, total_air_inhaled_liters, pm25_retained_micrograms, co_exposure_index, cumulative_toxic_load_score, temporary_lung_capacity_drop_percentage, recovery_time_hours, clinical_guidance_message) VALUES (106, 249, 106, 6, 138, 750.0, 48.4099, 0.35, 19.89, 15.0, 0.4, 'Paparan polusi cukup tinggi selama beraktivitas. Disarankan istirahat di dalam ruangan tertutup atau gunakan masker N95.');
INSERT INTO citizen_activity_sessions (id, citizen_id, citizen_device_id, zone_id, activity_type, avg_heart_rate, max_heart_rate, started_at, ended_at, duration_minutes, status) VALUES (107, 207, 3, 6, 'walking', 91, 114, '2026-06-26 07:06:31', '2026-06-26 07:49:31', 43, 'completed');
INSERT INTO citizen_health_exposures (id, citizen_id, session_id, zone_id, predicted_aqi, total_air_inhaled_liters, pm25_retained_micrograms, co_exposure_index, cumulative_toxic_load_score, temporary_lung_capacity_drop_percentage, recovery_time_hours, clinical_guidance_message) VALUES (107, 207, 107, 6, 154, 860.0, 68.3777, 0.82, 28.58, 15.0, 1.4, 'Paparan polusi cukup tinggi selama beraktivitas. Disarankan istirahat di dalam ruangan tertutup atau gunakan masker N95.');
INSERT INTO citizen_activity_sessions (id, citizen_id, citizen_device_id, zone_id, activity_type, avg_heart_rate, max_heart_rate, started_at, ended_at, duration_minutes, status) VALUES (108, 153, 137, 3, 'running', 135, 166, '2026-06-26 19:23:31', '2026-06-26 20:49:31', 86, 'completed');
INSERT INTO citizen_health_exposures (id, citizen_id, session_id, zone_id, predicted_aqi, total_air_inhaled_liters, pm25_retained_micrograms, co_exposure_index, cumulative_toxic_load_score, temporary_lung_capacity_drop_percentage, recovery_time_hours, clinical_guidance_message) VALUES (108, 153, 108, 3, 120, 4300.0, 212.7178, 1.0, 86.59, 15.0, 2.4, 'Paparan polusi cukup tinggi selama beraktivitas. Disarankan istirahat di dalam ruangan tertutup atau gunakan masker N95.');
INSERT INTO citizen_activity_sessions (id, citizen_id, citizen_device_id, zone_id, activity_type, avg_heart_rate, max_heart_rate, started_at, ended_at, duration_minutes, status) VALUES (109, 167, 1, 1, 'rest', 67, 77, '2026-06-26 06:30:31', '2026-06-26 07:49:31', 79, 'completed');
INSERT INTO citizen_health_exposures (id, citizen_id, session_id, zone_id, predicted_aqi, total_air_inhaled_liters, pm25_retained_micrograms, co_exposure_index, cumulative_toxic_load_score, temporary_lung_capacity_drop_percentage, recovery_time_hours, clinical_guidance_message) VALUES (109, 167, 109, 1, 73, 592.5, 18.7892, 2.61, 11.43, 9.14, 1.9, 'Paparan polusi cukup tinggi selama beraktivitas. Disarankan istirahat di dalam ruangan tertutup atau gunakan masker N95.');
INSERT INTO citizen_activity_sessions (id, citizen_id, citizen_device_id, zone_id, activity_type, avg_heart_rate, max_heart_rate, started_at, ended_at, duration_minutes, status) VALUES (110, 141, 104, 3, 'rest', 71, 84, '2026-06-25 23:20:31', '2026-06-26 00:49:31', 89, 'completed');
INSERT INTO citizen_health_exposures (id, citizen_id, session_id, zone_id, predicted_aqi, total_air_inhaled_liters, pm25_retained_micrograms, co_exposure_index, cumulative_toxic_load_score, temporary_lung_capacity_drop_percentage, recovery_time_hours, clinical_guidance_message) VALUES (110, 141, 110, 3, 53, 667.5, 12.5854, 1.05, 6.61, 5.29, 2.4, 'Paparan polusi cukup tinggi selama beraktivitas. Disarankan istirahat di dalam ruangan tertutup atau gunakan masker N95.');
INSERT INTO citizen_activity_sessions (id, citizen_id, citizen_device_id, zone_id, activity_type, avg_heart_rate, max_heart_rate, started_at, ended_at, duration_minutes, status) VALUES (111, 178, 27, 9, 'walking', 94, 118, '2026-06-26 05:24:31', '2026-06-26 05:49:31', 25, 'completed');
INSERT INTO citizen_health_exposures (id, citizen_id, session_id, zone_id, predicted_aqi, total_air_inhaled_liters, pm25_retained_micrograms, co_exposure_index, cumulative_toxic_load_score, temporary_lung_capacity_drop_percentage, recovery_time_hours, clinical_guidance_message) VALUES (111, 178, 111, 9, 189, 500.0, 38.5731, 0.05, 15.5, 12.4, 0.8, 'Paparan polusi cukup tinggi selama beraktivitas. Disarankan istirahat di dalam ruangan tertutup atau gunakan masker N95.');
INSERT INTO citizen_activity_sessions (id, citizen_id, citizen_device_id, zone_id, activity_type, avg_heart_rate, max_heart_rate, started_at, ended_at, duration_minutes, status) VALUES (112, 88, 109, 1, 'running', 145, 171, '2026-06-26 12:18:31', '2026-06-26 12:49:31', 31, 'completed');
INSERT INTO citizen_health_exposures (id, citizen_id, session_id, zone_id, predicted_aqi, total_air_inhaled_liters, pm25_retained_micrograms, co_exposure_index, cumulative_toxic_load_score, temporary_lung_capacity_drop_percentage, recovery_time_hours, clinical_guidance_message) VALUES (112, 88, 112, 1, 189, 1550.0, 150.7265, 0.68, 61.31, 15.0, 1.0, 'Paparan polusi cukup tinggi selama beraktivitas. Disarankan istirahat di dalam ruangan tertutup atau gunakan masker N95.');
INSERT INTO citizen_activity_sessions (id, citizen_id, citizen_device_id, zone_id, activity_type, avg_heart_rate, max_heart_rate, started_at, ended_at, duration_minutes, status) VALUES (113, 163, 88, 2, 'running', 143, 166, '2026-06-26 23:17:31', '2026-06-26 23:49:31', 32, 'completed');
INSERT INTO citizen_health_exposures (id, citizen_id, session_id, zone_id, predicted_aqi, total_air_inhaled_liters, pm25_retained_micrograms, co_exposure_index, cumulative_toxic_load_score, temporary_lung_capacity_drop_percentage, recovery_time_hours, clinical_guidance_message) VALUES (113, 163, 113, 2, 191, 1600.0, 130.8251, 1.24, 54.19, 15.0, 1.1, 'Paparan polusi cukup tinggi selama beraktivitas. Disarankan istirahat di dalam ruangan tertutup atau gunakan masker N95.');
INSERT INTO citizen_activity_sessions (id, citizen_id, citizen_device_id, zone_id, activity_type, avg_heart_rate, max_heart_rate, started_at, ended_at, duration_minutes, status) VALUES (114, 180, 137, 10, 'rest', 66, 76, '2026-06-26 07:38:31', '2026-06-26 08:49:31', 71, 'completed');
INSERT INTO citizen_health_exposures (id, citizen_id, session_id, zone_id, predicted_aqi, total_air_inhaled_liters, pm25_retained_micrograms, co_exposure_index, cumulative_toxic_load_score, temporary_lung_capacity_drop_percentage, recovery_time_hours, clinical_guidance_message) VALUES (114, 180, 114, 10, 75, 532.5, 13.913, 2.0, 8.57, 6.86, 2.4, 'Paparan polusi cukup tinggi selama beraktivitas. Disarankan istirahat di dalam ruangan tertutup atau gunakan masker N95.');
INSERT INTO citizen_activity_sessions (id, citizen_id, citizen_device_id, zone_id, activity_type, avg_heart_rate, max_heart_rate, started_at, ended_at, duration_minutes, status) VALUES (115, 209, 63, 1, 'running', 139, 182, '2026-06-26 14:04:31', '2026-06-26 14:49:31', 45, 'completed');
INSERT INTO citizen_health_exposures (id, citizen_id, session_id, zone_id, predicted_aqi, total_air_inhaled_liters, pm25_retained_micrograms, co_exposure_index, cumulative_toxic_load_score, temporary_lung_capacity_drop_percentage, recovery_time_hours, clinical_guidance_message) VALUES (115, 209, 115, 1, 42, 2250.0, 43.7706, 0.79, 18.69, 14.95, 1.1, 'Paparan polusi cukup tinggi selama beraktivitas. Disarankan istirahat di dalam ruangan tertutup atau gunakan masker N95.');
INSERT INTO citizen_activity_sessions (id, citizen_id, citizen_device_id, zone_id, activity_type, avg_heart_rate, max_heart_rate, started_at, ended_at, duration_minutes, status) VALUES (116, 91, 68, 3, 'walking', 85, 116, '2026-06-26 18:24:31', '2026-06-26 18:49:31', 25, 'completed');
INSERT INTO citizen_health_exposures (id, citizen_id, session_id, zone_id, predicted_aqi, total_air_inhaled_liters, pm25_retained_micrograms, co_exposure_index, cumulative_toxic_load_score, temporary_lung_capacity_drop_percentage, recovery_time_hours, clinical_guidance_message) VALUES (116, 91, 116, 3, 153, 500.0, 30.8965, 0.62, 13.29, 10.63, 0.7, 'Paparan polusi cukup tinggi selama beraktivitas. Disarankan istirahat di dalam ruangan tertutup atau gunakan masker N95.');
INSERT INTO citizen_activity_sessions (id, citizen_id, citizen_device_id, zone_id, activity_type, avg_heart_rate, max_heart_rate, started_at, ended_at, duration_minutes, status) VALUES (117, 141, 20, 7, 'running', 159, 173, '2026-06-26 11:17:31', '2026-06-26 11:49:31', 32, 'completed');
INSERT INTO citizen_health_exposures (id, citizen_id, session_id, zone_id, predicted_aqi, total_air_inhaled_liters, pm25_retained_micrograms, co_exposure_index, cumulative_toxic_load_score, temporary_lung_capacity_drop_percentage, recovery_time_hours, clinical_guidance_message) VALUES (117, 141, 117, 7, 64, 1600.0, 48.8951, 0.14, 19.77, 15.0, 0.7, 'Paparan polusi cukup tinggi selama beraktivitas. Disarankan istirahat di dalam ruangan tertutup atau gunakan masker N95.');
INSERT INTO citizen_activity_sessions (id, citizen_id, citizen_device_id, zone_id, activity_type, avg_heart_rate, max_heart_rate, started_at, ended_at, duration_minutes, status) VALUES (118, 247, 44, 5, 'running', 149, 168, '2026-06-26 05:18:31', '2026-06-26 05:49:31', 31, 'completed');
INSERT INTO citizen_health_exposures (id, citizen_id, session_id, zone_id, predicted_aqi, total_air_inhaled_liters, pm25_retained_micrograms, co_exposure_index, cumulative_toxic_load_score, temporary_lung_capacity_drop_percentage, recovery_time_hours, clinical_guidance_message) VALUES (118, 247, 118, 5, 86, 1550.0, 46.7167, 1.0, 20.19, 15.0, 0.8, 'Paparan polusi cukup tinggi selama beraktivitas. Disarankan istirahat di dalam ruangan tertutup atau gunakan masker N95.');
INSERT INTO citizen_activity_sessions (id, citizen_id, citizen_device_id, zone_id, activity_type, avg_heart_rate, max_heart_rate, started_at, ended_at, duration_minutes, status) VALUES (119, 196, 7, 10, 'running', 140, 176, '2026-06-26 10:28:31', '2026-06-26 10:49:31', 21, 'completed');
INSERT INTO citizen_health_exposures (id, citizen_id, session_id, zone_id, predicted_aqi, total_air_inhaled_liters, pm25_retained_micrograms, co_exposure_index, cumulative_toxic_load_score, temporary_lung_capacity_drop_percentage, recovery_time_hours, clinical_guidance_message) VALUES (119, 196, 119, 10, 83, 1050.0, 43.3329, 0.28, 17.75, 14.2, 0.7, 'Paparan polusi cukup tinggi selama beraktivitas. Disarankan istirahat di dalam ruangan tertutup atau gunakan masker N95.');
INSERT INTO citizen_activity_sessions (id, citizen_id, citizen_device_id, zone_id, activity_type, avg_heart_rate, max_heart_rate, started_at, ended_at, duration_minutes, status) VALUES (120, 129, 120, 6, 'walking', 95, 124, '2026-06-26 03:00:31', '2026-06-26 03:49:31', 49, 'completed');
INSERT INTO citizen_health_exposures (id, citizen_id, session_id, zone_id, predicted_aqi, total_air_inhaled_liters, pm25_retained_micrograms, co_exposure_index, cumulative_toxic_load_score, temporary_lung_capacity_drop_percentage, recovery_time_hours, clinical_guidance_message) VALUES (120, 129, 120, 6, 138, 980.0, 59.4127, 1.15, 25.49, 15.0, 1.3, 'Paparan polusi cukup tinggi selama beraktivitas. Disarankan istirahat di dalam ruangan tertutup atau gunakan masker N95.');
INSERT INTO citizen_activity_sessions (id, citizen_id, citizen_device_id, zone_id, activity_type, avg_heart_rate, max_heart_rate, started_at, ended_at, duration_minutes, status) VALUES (121, 166, 137, 10, 'walking', 105, 121, '2026-06-26 08:24:31', '2026-06-26 08:49:31', 25, 'completed');
INSERT INTO citizen_health_exposures (id, citizen_id, session_id, zone_id, predicted_aqi, total_air_inhaled_liters, pm25_retained_micrograms, co_exposure_index, cumulative_toxic_load_score, temporary_lung_capacity_drop_percentage, recovery_time_hours, clinical_guidance_message) VALUES (121, 166, 121, 10, 75, 500.0, 16.8389, 0.7, 7.79, 6.23, 0.7, 'Paparan polusi cukup tinggi selama beraktivitas. Disarankan istirahat di dalam ruangan tertutup atau gunakan masker N95.');
INSERT INTO citizen_activity_sessions (id, citizen_id, citizen_device_id, zone_id, activity_type, avg_heart_rate, max_heart_rate, started_at, ended_at, duration_minutes, status) VALUES (122, 208, 43, 3, 'walking', 94, 111, '2026-06-26 12:18:31', '2026-06-26 12:49:31', 31, 'completed');
INSERT INTO citizen_health_exposures (id, citizen_id, session_id, zone_id, predicted_aqi, total_air_inhaled_liters, pm25_retained_micrograms, co_exposure_index, cumulative_toxic_load_score, temporary_lung_capacity_drop_percentage, recovery_time_hours, clinical_guidance_message) VALUES (122, 208, 122, 3, 188, 620.0, 57.668, 0.42, 23.7, 15.0, 0.7, 'Paparan polusi cukup tinggi selama beraktivitas. Disarankan istirahat di dalam ruangan tertutup atau gunakan masker N95.');
INSERT INTO citizen_activity_sessions (id, citizen_id, citizen_device_id, zone_id, activity_type, avg_heart_rate, max_heart_rate, started_at, ended_at, duration_minutes, status) VALUES (123, 172, 52, 5, 'walking', 94, 123, '2026-06-26 16:17:31', '2026-06-26 16:49:31', 32, 'completed');
INSERT INTO citizen_health_exposures (id, citizen_id, session_id, zone_id, predicted_aqi, total_air_inhaled_liters, pm25_retained_micrograms, co_exposure_index, cumulative_toxic_load_score, temporary_lung_capacity_drop_percentage, recovery_time_hours, clinical_guidance_message) VALUES (123, 172, 123, 5, 200, 640.0, 53.8136, 1.02, 23.06, 15.0, 1.1, 'Paparan polusi cukup tinggi selama beraktivitas. Disarankan istirahat di dalam ruangan tertutup atau gunakan masker N95.');
INSERT INTO citizen_activity_sessions (id, citizen_id, citizen_device_id, zone_id, activity_type, avg_heart_rate, max_heart_rate, started_at, ended_at, duration_minutes, status) VALUES (124, 82, 101, 6, 'walking', 107, 114, '2026-06-26 19:12:31', '2026-06-26 19:49:31', 37, 'completed');
INSERT INTO citizen_health_exposures (id, citizen_id, session_id, zone_id, predicted_aqi, total_air_inhaled_liters, pm25_retained_micrograms, co_exposure_index, cumulative_toxic_load_score, temporary_lung_capacity_drop_percentage, recovery_time_hours, clinical_guidance_message) VALUES (124, 82, 124, 6, 129, 740.0, 38.8662, 1.13, 17.24, 13.79, 0.9, 'Paparan polusi cukup tinggi selama beraktivitas. Disarankan istirahat di dalam ruangan tertutup atau gunakan masker N95.');
INSERT INTO citizen_activity_sessions (id, citizen_id, citizen_device_id, zone_id, activity_type, avg_heart_rate, max_heart_rate, started_at, ended_at, duration_minutes, status) VALUES (125, 84, 58, 7, 'walking', 90, 123, '2026-06-26 18:03:31', '2026-06-26 18:49:31', 46, 'completed');
INSERT INTO citizen_health_exposures (id, citizen_id, session_id, zone_id, predicted_aqi, total_air_inhaled_liters, pm25_retained_micrograms, co_exposure_index, cumulative_toxic_load_score, temporary_lung_capacity_drop_percentage, recovery_time_hours, clinical_guidance_message) VALUES (125, 84, 125, 7, 98, 920.0, 37.1915, 1.59, 17.26, 13.81, 1.2, 'Paparan polusi cukup tinggi selama beraktivitas. Disarankan istirahat di dalam ruangan tertutup atau gunakan masker N95.');
INSERT INTO citizen_activity_sessions (id, citizen_id, citizen_device_id, zone_id, activity_type, avg_heart_rate, max_heart_rate, started_at, ended_at, duration_minutes, status) VALUES (126, 209, 103, 3, 'running', 150, 184, '2026-06-26 20:19:31', '2026-06-26 20:49:31', 30, 'completed');
INSERT INTO citizen_health_exposures (id, citizen_id, session_id, zone_id, predicted_aqi, total_air_inhaled_liters, pm25_retained_micrograms, co_exposure_index, cumulative_toxic_load_score, temporary_lung_capacity_drop_percentage, recovery_time_hours, clinical_guidance_message) VALUES (126, 209, 126, 3, 120, 1500.0, 89.29, 0.35, 36.24, 15.0, 0.9, 'Paparan polusi cukup tinggi selama beraktivitas. Disarankan istirahat di dalam ruangan tertutup atau gunakan masker N95.');
INSERT INTO citizen_activity_sessions (id, citizen_id, citizen_device_id, zone_id, activity_type, avg_heart_rate, max_heart_rate, started_at, ended_at, duration_minutes, status) VALUES (127, 139, 97, 2, 'rest', 62, 78, '2026-06-26 13:09:31', '2026-06-26 13:49:31', 40, 'completed');
INSERT INTO citizen_health_exposures (id, citizen_id, session_id, zone_id, predicted_aqi, total_air_inhaled_liters, pm25_retained_micrograms, co_exposure_index, cumulative_toxic_load_score, temporary_lung_capacity_drop_percentage, recovery_time_hours, clinical_guidance_message) VALUES (127, 139, 127, 2, 166, 300.0, 20.2054, 0.68, 9.1, 7.28, 0.8, 'Paparan polusi cukup tinggi selama beraktivitas. Disarankan istirahat di dalam ruangan tertutup atau gunakan masker N95.');
INSERT INTO citizen_activity_sessions (id, citizen_id, citizen_device_id, zone_id, activity_type, avg_heart_rate, max_heart_rate, started_at, ended_at, duration_minutes, status) VALUES (128, 67, 148, 2, 'running', 133, 165, '2026-06-26 14:35:31', '2026-06-26 15:49:31', 74, 'completed');
INSERT INTO citizen_health_exposures (id, citizen_id, session_id, zone_id, predicted_aqi, total_air_inhaled_liters, pm25_retained_micrograms, co_exposure_index, cumulative_toxic_load_score, temporary_lung_capacity_drop_percentage, recovery_time_hours, clinical_guidance_message) VALUES (128, 67, 128, 2, 178, 3700.0, 255.5016, 2.86, 106.49, 15.0, 1.5, 'Paparan polusi cukup tinggi selama beraktivitas. Disarankan istirahat di dalam ruangan tertutup atau gunakan masker N95.');
INSERT INTO citizen_activity_sessions (id, citizen_id, citizen_device_id, zone_id, activity_type, avg_heart_rate, max_heart_rate, started_at, ended_at, duration_minutes, status) VALUES (129, 126, 124, 8, 'walking', 107, 114, '2026-06-26 15:22:31', '2026-06-26 16:49:31', 87, 'completed');
INSERT INTO citizen_health_exposures (id, citizen_id, session_id, zone_id, predicted_aqi, total_air_inhaled_liters, pm25_retained_micrograms, co_exposure_index, cumulative_toxic_load_score, temporary_lung_capacity_drop_percentage, recovery_time_hours, clinical_guidance_message) VALUES (129, 126, 129, 8, 25, 1740.0, 11.1434, 2.91, 8.82, 7.06, 2.0, 'Paparan polusi cukup tinggi selama beraktivitas. Disarankan istirahat di dalam ruangan tertutup atau gunakan masker N95.');
INSERT INTO citizen_activity_sessions (id, citizen_id, citizen_device_id, zone_id, activity_type, avg_heart_rate, max_heart_rate, started_at, ended_at, duration_minutes, status) VALUES (130, 149, 24, 9, 'rest', 60, 78, '2026-06-26 04:14:31', '2026-06-26 04:49:31', 35, 'completed');
INSERT INTO citizen_health_exposures (id, citizen_id, session_id, zone_id, predicted_aqi, total_air_inhaled_liters, pm25_retained_micrograms, co_exposure_index, cumulative_toxic_load_score, temporary_lung_capacity_drop_percentage, recovery_time_hours, clinical_guidance_message) VALUES (130, 149, 130, 9, 135, 262.5, 13.7444, 1.26, 7.39, 5.91, 0.9, 'Paparan polusi cukup tinggi selama beraktivitas. Disarankan istirahat di dalam ruangan tertutup atau gunakan masker N95.');
INSERT INTO citizen_activity_sessions (id, citizen_id, citizen_device_id, zone_id, activity_type, avg_heart_rate, max_heart_rate, started_at, ended_at, duration_minutes, status) VALUES (131, 23, 41, 9, 'running', 142, 169, '2026-06-26 05:35:31', '2026-06-26 06:49:31', 74, 'completed');
INSERT INTO citizen_health_exposures (id, citizen_id, session_id, zone_id, predicted_aqi, total_air_inhaled_liters, pm25_retained_micrograms, co_exposure_index, cumulative_toxic_load_score, temporary_lung_capacity_drop_percentage, recovery_time_hours, clinical_guidance_message) VALUES (131, 23, 131, 9, 132, 3700.0, 204.8614, 0.47, 82.65, 15.0, 1.8, 'Paparan polusi cukup tinggi selama beraktivitas. Disarankan istirahat di dalam ruangan tertutup atau gunakan masker N95.');
INSERT INTO citizen_activity_sessions (id, citizen_id, citizen_device_id, zone_id, activity_type, avg_heart_rate, max_heart_rate, started_at, ended_at, duration_minutes, status) VALUES (132, 217, 95, 2, 'running', 136, 173, '2026-06-26 00:00:31', '2026-06-26 00:49:31', 49, 'completed');
INSERT INTO citizen_health_exposures (id, citizen_id, session_id, zone_id, predicted_aqi, total_air_inhaled_liters, pm25_retained_micrograms, co_exposure_index, cumulative_toxic_load_score, temporary_lung_capacity_drop_percentage, recovery_time_hours, clinical_guidance_message) VALUES (132, 217, 132, 2, 204, 2450.0, 182.2628, 1.9, 75.76, 15.0, 1.1, 'Paparan polusi cukup tinggi selama beraktivitas. Disarankan istirahat di dalam ruangan tertutup atau gunakan masker N95.');
INSERT INTO citizen_activity_sessions (id, citizen_id, citizen_device_id, zone_id, activity_type, avg_heart_rate, max_heart_rate, started_at, ended_at, duration_minutes, status) VALUES (133, 11, 11, 2, 'rest', 61, 82, '2026-06-26 16:21:31', '2026-06-26 17:49:31', 88, 'completed');
INSERT INTO citizen_health_exposures (id, citizen_id, session_id, zone_id, predicted_aqi, total_air_inhaled_liters, pm25_retained_micrograms, co_exposure_index, cumulative_toxic_load_score, temporary_lung_capacity_drop_percentage, recovery_time_hours, clinical_guidance_message) VALUES (133, 11, 133, 2, 52, 660.0, 13.5204, 1.5, 7.66, 6.13, 1.9, 'Paparan polusi cukup tinggi selama beraktivitas. Disarankan istirahat di dalam ruangan tertutup atau gunakan masker N95.');
INSERT INTO citizen_activity_sessions (id, citizen_id, citizen_device_id, zone_id, activity_type, avg_heart_rate, max_heart_rate, started_at, ended_at, duration_minutes, status) VALUES (134, 169, 10, 8, 'rest', 73, 76, '2026-06-26 08:29:31', '2026-06-26 08:49:31', 20, 'completed');
INSERT INTO citizen_health_exposures (id, citizen_id, session_id, zone_id, predicted_aqi, total_air_inhaled_liters, pm25_retained_micrograms, co_exposure_index, cumulative_toxic_load_score, temporary_lung_capacity_drop_percentage, recovery_time_hours, clinical_guidance_message) VALUES (134, 169, 134, 8, 190, 150.0, 11.9696, 0.62, 5.72, 4.58, 0.5, 'Kondisi aman. Tetap jaga hidrasi tubuh Anda.');
INSERT INTO citizen_activity_sessions (id, citizen_id, citizen_device_id, zone_id, activity_type, avg_heart_rate, max_heart_rate, started_at, ended_at, duration_minutes, status) VALUES (135, 246, 23, 3, 'rest', 67, 81, '2026-06-26 08:32:31', '2026-06-26 08:49:31', 17, 'completed');
INSERT INTO citizen_health_exposures (id, citizen_id, session_id, zone_id, predicted_aqi, total_air_inhaled_liters, pm25_retained_micrograms, co_exposure_index, cumulative_toxic_load_score, temporary_lung_capacity_drop_percentage, recovery_time_hours, clinical_guidance_message) VALUES (135, 246, 135, 3, 147, 127.5, 6.8717, 0.52, 3.53, 2.82, 0.5, 'Kondisi aman. Tetap jaga hidrasi tubuh Anda.');
INSERT INTO citizen_activity_sessions (id, citizen_id, citizen_device_id, zone_id, activity_type, avg_heart_rate, max_heart_rate, started_at, ended_at, duration_minutes, status) VALUES (136, 51, 106, 5, 'rest', 73, 81, '2026-06-26 08:46:31', '2026-06-26 09:49:31', 63, 'completed');
INSERT INTO citizen_health_exposures (id, citizen_id, session_id, zone_id, predicted_aqi, total_air_inhaled_liters, pm25_retained_micrograms, co_exposure_index, cumulative_toxic_load_score, temporary_lung_capacity_drop_percentage, recovery_time_hours, clinical_guidance_message) VALUES (136, 51, 136, 5, 181, 472.5, 35.1545, 0.98, 15.53, 12.42, 1.3, 'Paparan polusi cukup tinggi selama beraktivitas. Disarankan istirahat di dalam ruangan tertutup atau gunakan masker N95.');
INSERT INTO citizen_activity_sessions (id, citizen_id, citizen_device_id, zone_id, activity_type, avg_heart_rate, max_heart_rate, started_at, ended_at, duration_minutes, status) VALUES (137, 160, 102, 5, 'running', 144, 185, '2026-06-26 05:34:31', '2026-06-26 05:49:31', 15, 'completed');
INSERT INTO citizen_health_exposures (id, citizen_id, session_id, zone_id, predicted_aqi, total_air_inhaled_liters, pm25_retained_micrograms, co_exposure_index, cumulative_toxic_load_score, temporary_lung_capacity_drop_percentage, recovery_time_hours, clinical_guidance_message) VALUES (137, 160, 137, 5, 86, 750.0, 24.5449, 0.48, 10.54, 8.43, 0.3, 'Paparan polusi cukup tinggi selama beraktivitas. Disarankan istirahat di dalam ruangan tertutup atau gunakan masker N95.');
INSERT INTO citizen_activity_sessions (id, citizen_id, citizen_device_id, zone_id, activity_type, avg_heart_rate, max_heart_rate, started_at, ended_at, duration_minutes, status) VALUES (138, 203, 109, 7, 'running', 144, 178, '2026-06-26 11:17:31', '2026-06-26 11:49:31', 32, 'completed');
INSERT INTO citizen_health_exposures (id, citizen_id, session_id, zone_id, predicted_aqi, total_air_inhaled_liters, pm25_retained_micrograms, co_exposure_index, cumulative_toxic_load_score, temporary_lung_capacity_drop_percentage, recovery_time_hours, clinical_guidance_message) VALUES (138, 203, 138, 7, 64, 1600.0, 44.12, 0.14, 17.86, 14.29, 0.7, 'Paparan polusi cukup tinggi selama beraktivitas. Disarankan istirahat di dalam ruangan tertutup atau gunakan masker N95.');
INSERT INTO citizen_activity_sessions (id, citizen_id, citizen_device_id, zone_id, activity_type, avg_heart_rate, max_heart_rate, started_at, ended_at, duration_minutes, status) VALUES (139, 183, 130, 5, 'rest', 75, 85, '2026-06-26 12:38:31', '2026-06-26 13:49:31', 71, 'completed');
INSERT INTO citizen_health_exposures (id, citizen_id, session_id, zone_id, predicted_aqi, total_air_inhaled_liters, pm25_retained_micrograms, co_exposure_index, cumulative_toxic_load_score, temporary_lung_capacity_drop_percentage, recovery_time_hours, clinical_guidance_message) VALUES (139, 183, 139, 5, 104, 532.5, 28.3839, 0.71, 12.42, 9.94, 1.6, 'Paparan polusi cukup tinggi selama beraktivitas. Disarankan istirahat di dalam ruangan tertutup atau gunakan masker N95.');
INSERT INTO citizen_activity_sessions (id, citizen_id, citizen_device_id, zone_id, activity_type, avg_heart_rate, max_heart_rate, started_at, ended_at, duration_minutes, status) VALUES (140, 48, 71, 7, 'running', 135, 170, '2026-06-26 11:01:31', '2026-06-26 11:49:31', 48, 'completed');
INSERT INTO citizen_health_exposures (id, citizen_id, session_id, zone_id, predicted_aqi, total_air_inhaled_liters, pm25_retained_micrograms, co_exposure_index, cumulative_toxic_load_score, temporary_lung_capacity_drop_percentage, recovery_time_hours, clinical_guidance_message) VALUES (140, 48, 140, 7, 64, 2400.0, 77.2869, 0.21, 31.23, 15.0, 1.2, 'Paparan polusi cukup tinggi selama beraktivitas. Disarankan istirahat di dalam ruangan tertutup atau gunakan masker N95.');
INSERT INTO citizen_activity_sessions (id, citizen_id, citizen_device_id, zone_id, activity_type, avg_heart_rate, max_heart_rate, started_at, ended_at, duration_minutes, status) VALUES (141, 201, 18, 4, 'walking', 106, 124, '2026-06-26 19:48:31', '2026-06-26 20:49:31', 61, 'completed');
INSERT INTO citizen_health_exposures (id, citizen_id, session_id, zone_id, predicted_aqi, total_air_inhaled_liters, pm25_retained_micrograms, co_exposure_index, cumulative_toxic_load_score, temporary_lung_capacity_drop_percentage, recovery_time_hours, clinical_guidance_message) VALUES (141, 201, 141, 4, 154, 1220.0, 81.8007, 1.69, 35.26, 15.0, 1.9, 'Paparan polusi cukup tinggi selama beraktivitas. Disarankan istirahat di dalam ruangan tertutup atau gunakan masker N95.');
INSERT INTO citizen_activity_sessions (id, citizen_id, citizen_device_id, zone_id, activity_type, avg_heart_rate, max_heart_rate, started_at, ended_at, duration_minutes, status) VALUES (142, 24, 49, 4, 'rest', 73, 80, '2026-06-26 19:10:31', '2026-06-26 19:49:31', 39, 'completed');
INSERT INTO citizen_health_exposures (id, citizen_id, session_id, zone_id, predicted_aqi, total_air_inhaled_liters, pm25_retained_micrograms, co_exposure_index, cumulative_toxic_load_score, temporary_lung_capacity_drop_percentage, recovery_time_hours, clinical_guidance_message) VALUES (142, 24, 142, 4, 169, 292.5, 19.9998, 1.16, 9.74, 7.79, 0.8, 'Paparan polusi cukup tinggi selama beraktivitas. Disarankan istirahat di dalam ruangan tertutup atau gunakan masker N95.');
INSERT INTO citizen_activity_sessions (id, citizen_id, citizen_device_id, zone_id, activity_type, avg_heart_rate, max_heart_rate, started_at, ended_at, duration_minutes, status) VALUES (143, 47, 1, 10, 'rest', 60, 81, '2026-06-26 00:03:31', '2026-06-26 00:49:31', 46, 'completed');
INSERT INTO citizen_health_exposures (id, citizen_id, session_id, zone_id, predicted_aqi, total_air_inhaled_liters, pm25_retained_micrograms, co_exposure_index, cumulative_toxic_load_score, temporary_lung_capacity_drop_percentage, recovery_time_hours, clinical_guidance_message) VALUES (143, 47, 143, 10, 61, 345.0, 8.044, 0.25, 3.59, 2.87, 1.2, 'Kondisi aman. Tetap jaga hidrasi tubuh Anda.');
INSERT INTO citizen_activity_sessions (id, citizen_id, citizen_device_id, zone_id, activity_type, avg_heart_rate, max_heart_rate, started_at, ended_at, duration_minutes, status) VALUES (144, 118, 119, 2, 'walking', 95, 116, '2026-06-26 14:32:31', '2026-06-26 15:49:31', 77, 'completed');
INSERT INTO citizen_health_exposures (id, citizen_id, session_id, zone_id, predicted_aqi, total_air_inhaled_liters, pm25_retained_micrograms, co_exposure_index, cumulative_toxic_load_score, temporary_lung_capacity_drop_percentage, recovery_time_hours, clinical_guidance_message) VALUES (144, 118, 144, 2, 178, 1540.0, 125.9372, 2.98, 54.84, 15.0, 2.5, 'Paparan polusi cukup tinggi selama beraktivitas. Disarankan istirahat di dalam ruangan tertutup atau gunakan masker N95.');
INSERT INTO citizen_activity_sessions (id, citizen_id, citizen_device_id, zone_id, activity_type, avg_heart_rate, max_heart_rate, started_at, ended_at, duration_minutes, status) VALUES (145, 240, 118, 1, 'running', 144, 172, '2026-06-25 23:42:31', '2026-06-26 00:49:31', 67, 'completed');
INSERT INTO citizen_health_exposures (id, citizen_id, session_id, zone_id, predicted_aqi, total_air_inhaled_liters, pm25_retained_micrograms, co_exposure_index, cumulative_toxic_load_score, temporary_lung_capacity_drop_percentage, recovery_time_hours, clinical_guidance_message) VALUES (145, 240, 145, 1, 17, 3350.0, 18.9186, 0.84, 8.83, 7.06, 2.0, 'Paparan polusi cukup tinggi selama beraktivitas. Disarankan istirahat di dalam ruangan tertutup atau gunakan masker N95.');
INSERT INTO citizen_activity_sessions (id, citizen_id, citizen_device_id, zone_id, activity_type, avg_heart_rate, max_heart_rate, started_at, ended_at, duration_minutes, status) VALUES (146, 121, 98, 9, 'walking', 99, 119, '2026-06-26 19:19:31', '2026-06-26 19:49:31', 30, 'completed');
INSERT INTO citizen_health_exposures (id, citizen_id, session_id, zone_id, predicted_aqi, total_air_inhaled_liters, pm25_retained_micrograms, co_exposure_index, cumulative_toxic_load_score, temporary_lung_capacity_drop_percentage, recovery_time_hours, clinical_guidance_message) VALUES (146, 121, 146, 9, 90, 600.0, 25.9273, 0.35, 10.9, 8.72, 1.0, 'Paparan polusi cukup tinggi selama beraktivitas. Disarankan istirahat di dalam ruangan tertutup atau gunakan masker N95.');
INSERT INTO citizen_activity_sessions (id, citizen_id, citizen_device_id, zone_id, activity_type, avg_heart_rate, max_heart_rate, started_at, ended_at, duration_minutes, status) VALUES (147, 4, 26, 1, 'running', 148, 175, '2026-06-26 01:50:31', '2026-06-26 02:49:31', 59, 'completed');
INSERT INTO citizen_health_exposures (id, citizen_id, session_id, zone_id, predicted_aqi, total_air_inhaled_liters, pm25_retained_micrograms, co_exposure_index, cumulative_toxic_load_score, temporary_lung_capacity_drop_percentage, recovery_time_hours, clinical_guidance_message) VALUES (147, 4, 147, 1, 174, 2950.0, 196.1505, 1.01, 79.98, 15.0, 1.5, 'Paparan polusi cukup tinggi selama beraktivitas. Disarankan istirahat di dalam ruangan tertutup atau gunakan masker N95.');
INSERT INTO citizen_activity_sessions (id, citizen_id, citizen_device_id, zone_id, activity_type, avg_heart_rate, max_heart_rate, started_at, ended_at, duration_minutes, status) VALUES (148, 87, 72, 10, 'running', 158, 175, '2026-06-26 17:32:31', '2026-06-26 18:49:31', 77, 'completed');
INSERT INTO citizen_health_exposures (id, citizen_id, session_id, zone_id, predicted_aqi, total_air_inhaled_liters, pm25_retained_micrograms, co_exposure_index, cumulative_toxic_load_score, temporary_lung_capacity_drop_percentage, recovery_time_hours, clinical_guidance_message) VALUES (148, 87, 148, 10, 120, 3850.0, 181.1734, 2.03, 75.51, 15.0, 2.3, 'Paparan polusi cukup tinggi selama beraktivitas. Disarankan istirahat di dalam ruangan tertutup atau gunakan masker N95.');
INSERT INTO citizen_activity_sessions (id, citizen_id, citizen_device_id, zone_id, activity_type, avg_heart_rate, max_heart_rate, started_at, ended_at, duration_minutes, status) VALUES (149, 239, 67, 6, 'walking', 91, 123, '2026-06-26 09:35:31', '2026-06-26 10:49:31', 74, 'completed');
INSERT INTO citizen_health_exposures (id, citizen_id, session_id, zone_id, predicted_aqi, total_air_inhaled_liters, pm25_retained_micrograms, co_exposure_index, cumulative_toxic_load_score, temporary_lung_capacity_drop_percentage, recovery_time_hours, clinical_guidance_message) VALUES (149, 239, 149, 6, 111, 1480.0, 74.7028, 2.15, 33.11, 15.0, 2.3, 'Paparan polusi cukup tinggi selama beraktivitas. Disarankan istirahat di dalam ruangan tertutup atau gunakan masker N95.');
INSERT INTO citizen_activity_sessions (id, citizen_id, citizen_device_id, zone_id, activity_type, avg_heart_rate, max_heart_rate, started_at, ended_at, duration_minutes, status) VALUES (150, 101, 133, 8, 'rest', 62, 79, '2026-06-26 04:45:31', '2026-06-26 05:49:31', 64, 'completed');
INSERT INTO citizen_health_exposures (id, citizen_id, session_id, zone_id, predicted_aqi, total_air_inhaled_liters, pm25_retained_micrograms, co_exposure_index, cumulative_toxic_load_score, temporary_lung_capacity_drop_percentage, recovery_time_hours, clinical_guidance_message) VALUES (150, 101, 150, 8, 111, 480.0, 23.9267, 0.29, 10.01, 8.01, 2.0, 'Paparan polusi cukup tinggi selama beraktivitas. Disarankan istirahat di dalam ruangan tertutup atau gunakan masker N95.');

SET FOREIGN_KEY_CHECKS = 1;
